,Bearing Type,Color,Fan RPM,Height,Liquid Cooled,Manufacturer,Model,Noise Level,Part Number,Radiator Size,Supported Sockets
0,,,900 - 1700 RPM,"152 mm / 5.984""",False,Zalman,,18 dB - 30 dB,CNPS9900MAX-R,,"AM2, AM2+, AM3, AM3+, FM1, FM2, FM2+, LGA775, LGA1150, LGA1151, LGA1155, LGA1156, LGA1366, LGA2011, LGA2011-3, LGA2066"
1,,,1000 - 1700 RPM,"152 mm / 5.984""",False,Zalman,,17 dB - 28 dB,CNPS10X OPTIMA,,"AM2, AM2+, AM3, AM3+, FM1, FM2, FM2+, LGA775, LGA1150, LGA1151, LGA1155, LGA1156, LGA1366"
2,,Black,600 - 1800 RPM,,True,Aerocool,,10.5 dB - 31.8 dB,P7-L240,240mm,"AM2, AM2+, AM3, AM3+, AM4, FM1, FM2, FM2+, LGA775, LGA1150, LGA1151, LGA1155, LGA1156, LGA1366, LGA2011, LGA2011-3, LGA2066"
3,,,1300 RPM,"159 mm / 6.26""",False,Deepcool,,26.6 dB,NEPTWIN V2.0 / NEPTWIN V2,,"AM2, AM2+, AM3, AM3+, AM4, FM1, FM2, FM2+, LGA775, LGA1150, LGA1151, LGA1155, LGA1156, LGA1366, LGA2011, LGA2011-3, LGA2066"
4,,,,,True,RIOTORO,BIFROST 120TI,,TR-120ti,120mm,"AM2, AM2+, AM3, AM3+, AM4, FM1, FM2, FM2+, LGA1150, LGA1151, LGA1155, LGA1156, LGA1366, LGA2011, LGA2011-3, LGA2066"
5,,,500 - 1300 RPM,"161 mm / 6.339""",False,Scythe,Mugen MAX,13 dB - 30.7 dB,SCMGD-1000,,"AM2, AM2+, AM3, AM3+, AM4, FM1, FM2, FM2+, LGA775, LGA1150, LGA1151, LGA1155, LGA1156, LGA1366, LGA2011, LGA2011-3, LGA2066"
6,Sleeve,,2800 RPM,"140 mm / 5.512""",False,Cooler Master,Hyper T2,17 dB - 35 dB,RR-HT2-28PK-R1,,"AM2, AM2+, AM3, AM3+, AM4, FM1, FM2, FM2+, LGA775, LGA1150, LGA1151, LGA1155, LGA1156"
7,,Black / White,100 - 2000 RPM,"53.5 mm / 2.106""",False,ARCTIC,Alpine 12 LP,,ACALP00029A / ACFAN00029A,,"LGA1150, LGA1151, LGA1155, LGA1156"
8,,,600 - 2800 RPM,"138 mm / 5.433""",False,Enermax,,12 dB - 28 dB,ETS-N30R-HE,,"AM2, AM2+, AM3, AM3+, AM4, FM1, FM2, FM2+, LGA775, LGA1150, LGA1151, LGA1155, LGA1156, LGA1366, LGA2011, LGA2011-3, LGA2066"
9,,,500 - 1800 RPM,"155 mm / 6.102""",False,MSI,,17.2 dB - 33.6 dB,CORE FROZR L,,"AM2, AM2+, AM3, AM3+, AM4, FM1, FM2, FM2+, LGA775, LGA1150, LGA1151, LGA1155, LGA1156, LGA1366, LGA2011, LGA2011-3, LGA2066"
10,Rifle,,2900 RPM,"63 mm / 2.48""",False,Thermaltake,,29.58 dB,CL-P0503,,"AM2, AM2+, AM3, AM3+, FM1, FM2, FM2+"
11,Sleeve,,800 - 2800 RPM,"139 mm / 5.472""",False,Cooler Master,Hyper TX3,17 dB - 35 dB,RR-910-HTX3-G1,,"AM2, AM2+, AM3, AM3+, AM4, FM1, FM2, FM2+, LGA775, LGA1150, LGA1151, LGA1155, LGA1156"
12,,,2435 RPM,,True,Corsair,H80i v2,37.7 dB,CW-9060024-WW / H80i V2,120mm,"AM2, AM2+, AM3, AM3+, AM4, FM1, FM2, FM2+, LGA1150, LGA1151, LGA1155, LGA1156, LGA1366, LGA2011, LGA2011-3, LGA2066, TR4"
13,,Black / Red,500 - 1800 RPM,"170 mm / 6.693""",False,MSI,,17.2 dB - 33.6 dB,Core Frozr XL,,"AM2, AM2+, AM3, AM3+, AM4, FM1, FM2, FM2+, LGA775, LGA1150, LGA1151, LGA1155, LGA1156, LGA1366, LGA2011, LGA2011-3, LGA2066"
14,,,400 - 2000 RPM,"110 mm / 4.331""",False,Noctua,,16.3 dB - 22.8 dB,NH-D9L,,"AM2, AM2+, AM3, AM3+, AM4, FM1, FM2, FM2+, LGA1150, LGA1151, LGA1155, LGA1156, LGA2011, LGA2011-3, LGA2066"
15,Sleeve,,1000 - 1500 RPM,"165 mm / 6.496""",False,RAIJINTEK,THEMIS Evo,24.53 dB,0P105245,,"AM2, AM2+, AM3, AM3+, FM1, FM2, FM2+, LGA775, LGA1150, LGA1151, LGA1155, LGA1156, LGA1366, LGA2011, LGA2011-3, LGA2066"
16,,,800 - 2800 RPM,"138 mm / 5.433""",False,Enermax,,16 dB - 27 dB,ETS-N30R-TAA,,"AM2, AM2+, AM3, AM3+, AM4, FM1, FM2, FM2+, LGA775, LGA1150, LGA1151, LGA1155, LGA1156, LGA1366, LGA2011, LGA2011-3, LGA2066"
17,,,2750 RPM,"56 mm / 2.205""",False,Evercool,,28.2 dB,EC-NK804A-925EP,,"AM2, AM2+, AM3, AM3+, FM1, FM2, FM2+"
18,,Brown,600 - 2500 RPM,"37 mm / 1.457""",False,Noctua,,14.8 dB - 23.6 dB,NH-L9a-AM4,,AM4
19,,,400 - 2000 RPM,"110 mm / 4.331""",False,Noctua,,16.3 dB - 22.8 dB,NH-D9DX i4 3U,,"LGA1366, LGA2011, LGA2011-3, LGA2011-3 Narrow, LGA2066"
20,Sleeve,,300 - 1500 RPM,"155 mm / 6.102""",False,Reeven,Hans,4 dB - 29.8 dB,RC-1205,,"AM2, AM2+, AM3, AM3+, FM1, FM2, FM2+, LGA1150, LGA1151, LGA1155, LGA1156, LGA1366, LGA2011, LGA2011-3, LGA2066"
21,,,3200 RPM,"41 mm / 1.614""",False,Cooler Master,,25.17 dB,DK9-7E52A-0L-GP,,"AM2, AM2+, AM3, AM3+, FM1, FM2, FM2+"
22,Fluid Dynamic,,2400 RPM,"56 mm / 2.205""",False,SilenX,,8 dB - 24 dB,EFZ-100HA2,,"AM2, AM2+, AM3, AM3+, FM1, FM2, FM2+, LGA775, LGA1150, LGA1151, LGA1155, LGA1156"
23,,,1000 - 2200 RPM,,True,Zalman,,18.89 dB - 36.7 dB,Reserator 3 MAX,120mm,"AM2, AM2+, AM3, AM3+, FM1, FM2, FM2+, LGA775, LGA1150, LGA1151, LGA1155, LGA1156, LGA1366, LGA2011, LGA2011-3, LGA2066"
24,,,400 - 2000 RPM,"125 mm / 4.921""",False,Noctua,,16.3 dB - 22.8 dB,NH-U9 TR4-SP3,,TR4
25,,Black / Silver,800 - 2000 RPM,"125 mm / 4.921""",False,Enermax,,24.5 dB,ETS-N31-02,,"AM2, AM2+, AM3, AM3+, AM4, FM1, FM2, FM2+, LGA775, LGA1150, LGA1151, LGA1155, LGA1156, LGA1366"
26,,Black,1500 RPM,"162.8 mm / 6.409""",False,be quiet!,Dark Rock Pro 4,12.8 dB - 24.3 dB,BK022,,"AM2, AM2+, AM3, AM3+, AM4, FM1, FM2, FM2+, LGA1150, LGA1151, LGA1155, LGA1156, LGA1366, LGA2011, LGA2011-3, LGA2066"
27,,,700 - 1300 RPM,"160 mm / 6.299""",False,CRYORIG,,20 dB - 24 dB,H5 Universal / CR-H5A,,"AM2, AM2+, AM3, AM3+, AM4, FM1, FM2, FM2+, LGA775, LGA1150, LGA1151, LGA1155, LGA1156, LGA1366, LGA2011, LGA2011-3, LGA2066"
28,,,500 - 1800 RPM,,True,NZXT,Kraken X62 Rev 2,21 dB - 38 dB,RL-KRX62-02,280mm,"AM2, AM2+, AM3, AM3+, AM4, FM1, FM2, FM2+, LGA1150, LGA1151, LGA1155, LGA1156, LGA1366, LGA2011, LGA2011-3, LGA2066, TR4"
29,Ball,,600 - 2000 RPM,"130 mm / 5.118""",False,ARCTIC,Freezer 13 CO,24.4 dB,UCACO-FZ13100-BL / UCACO-FZ130-BL,,"AM2, AM2+, AM3, AM3+, AM4, FM1, FM2, FM2+, LGA775, LGA1150, LGA1151, LGA1155, LGA1156, LGA1366"
30,,,300 - 1300 RPM,"162 mm / 6.378""",False,Thermalright,,15 dB - 21 dB,Macho Rev.B / 814256001052,,"AM2, AM2+, AM3, AM3+, AM4, FM1, FM2, FM2+, LGA775, LGA1150, LGA1151, LGA1155, LGA1156, LGA1366, LGA2011, LGA2011-3, LGA2066"
31,,,2200 RPM,"135 mm / 5.315""",False,Deepcool,,17.8 dB - 30.1 dB,ICE BLADE 200M,,"AM2, AM2+, AM3, AM3+, AM4, FM1, FM2, FM2+, LGA775, LGA1150, LGA1151, LGA1155, LGA1156, LGA1366, LGA2011, LGA2011-3, LGA2066"
32,,,400 - 1400 RPM,"160 mm / 6.299""",False,Scythe,Kotetsu,5.3 dB - 28 dB,SCKTT-1000,,"AM2, AM2+, AM3, AM3+, AM4, FM1, FM2, FM2+, LGA775, LGA1150, LGA1151, LGA1155, LGA1156, LGA1366, LGA2011, LGA2011-3, LGA2066"
33,,,300 - 1500 RPM,"160 mm / 6.299""",False,Noctua,,19.2 dB - 24.6 dB,NH-D15S,,"AM2, AM2+, AM3, AM3+, AM4, FM1, FM2, FM2+, LGA1150, LGA1151, LGA1155, LGA1156, LGA2011, LGA2011-3, LGA2066"
34,,Black / Yellow,600 - 1800 RPM,"166 mm / 6.535""",False,Cooler Master,MasterAir MA620P TUF Gaming Edition,6 dB - 31 dB,MAP-D6PN-AFNPC-R1,,"AM2, AM2+, AM3, AM3+, AM4, FM1, FM2, FM2+, LGA1150, LGA1151, LGA1155, LGA1156, LGA1366, LGA2011, LGA2011-3, LGA2066"
35,,Yellow / Black,200 - 2100 RPM,"157 mm / 6.181""",False,ARCTIC,Freezer 34 eSports DUO,,ACFRE00062A,,"AM4, LGA1150, LGA1151, LGA1155, LGA1156, LGA2011, LGA2011-3, LGA2066"
36,Sleeve,,2200 RPM,"57 mm / 2.244""",False,Cooler Master,,17 dB,RR-LEE-L911-GP,,LGA775
37,Sleeve,,1000 - 1500 RPM,"158 mm / 6.22""",False,RAIJINTEK,THEMIS,24.53 dB,0P105255,,"AM2, AM2+, AM3, AM3+, FM1, FM2, FM2+, LGA775, LGA1150, LGA1151, LGA1155, LGA1156, LGA1366, LGA2011, LGA2011-3, LGA2066"
38,,,,"69 mm / 2.717""",False,ARCTIC,Alpine 11 - Passive,0 dB,ACALP00011A,,"LGA1150, LGA1151, LGA1155, LGA1156"
39,,Black / Silver,600 - 1800 RPM,"165 mm / 6.496""",False,Cooler Master,MA621P TR4,31 dB,MAP-D6PN-218PC-R2,,TR4
40,Sleeve,,800 - 2800 RPM,"140 mm / 5.512""",False,EVGA,ACX mITX,33.4 dB,100-FS-C901-KR,,"LGA1150, LGA1151, LGA1155, LGA1156"
41,,,,,True,Corsair,H60,30.2 dB,CWCH60,120mm,"AM2, AM2+, AM3, AM3+, AM4, FM1, FM2, FM2+, LGA775, LGA1150, LGA1151, LGA1155, LGA1156, LGA1366, LGA2011, LGA2011-3, LGA2066"
42,,,500 - 2000 RPM,,True,Enermax,Liqmax II 240,16 dB - 35 dB,ELC-LMR240-BS,240mm,"AM2, AM2+, AM3, AM3+, AM4, FM1, FM2, FM2+, LGA775, LGA1150, LGA1151, LGA1155, LGA1156, LGA1366, LGA2011, LGA2011-3, LGA2066"
43,,,600 - 2200 RPM,,True,CRYORIG,,13 dB - 37 dB,A40 / CR-A4A,240mm,"AM2, AM2+, AM3, AM3+, AM4, FM1, FM2, FM2+, LGA1150, LGA1151, LGA1155, LGA1156, LGA1366, LGA2011, LGA2011-3, LGA2066, TR4"
44,,,300 - 2500 RPM,"94 mm / 3.701""",False,Scythe,,7.2 dB - 31.07 dB,SCSMZ-2100,,"AM2, AM2+, AM3, AM3+, FM1, FM2, FM2+, LGA775, LGA1150, LGA1151, LGA1155, LGA1156, LGA1366, LGA2011, LGA2011-3, LGA2066"
45,,Red / Black,200 - 2100 RPM,"157 mm / 6.181""",False,ARCTIC,Freezer 34 eSports DUO,,ACFRE00060A,,"AM4, LGA1150, LGA1151, LGA1155, LGA1156, LGA2011, LGA2011-3, LGA2066"
46,,,900 - 1600 RPM,"131 mm / 5.157""",False,Deepcool,,17.8 dB - 26.1 dB,GAMMAXX 200T,,"AM2, AM2+, AM3, AM3+, FM1, FM2, FM2+, LGA775, LGA1150, LGA1151, LGA1155, LGA1156"
47,,,600 - 2000 RPM,"158 mm / 6.22""",False,Cooler Master,Hyper 212X,9 dB - 36 dB,RR-212X-20PM-R1,,"AM2, AM2+, AM3, AM3+, AM4, FM1, FM2, FM2+, LGA775, LGA1150, LGA1151, LGA1155, LGA1156, LGA1366, LGA2011, LGA2011-3, LGA2066"
48,,,1000 - 2000 RPM,,True,Thermaltake,Water 3.0 Ultimate,20 dB,CL-W007-PL12BL-A,360mm,"AM2, AM2+, AM3, AM3+, AM4, FM1, FM2, FM2+, LGA1150, LGA1151, LGA1155, LGA1156, LGA1366, LGA2011, LGA2011-3, LGA2066, TR4"
49,,Black / Silver,600 - 1800 RPM,"165 mm / 6.496""",False,Cooler Master,MasterAir MA620P,31 dB,MAP-D6PN-218PC-R1,,"AM2, AM2+, AM3, AM3+, AM4, FM1, FM2, FM2+, LGA775, LGA1150, LGA1151, LGA1155, LGA1156, LGA2011, LGA2011-3, LGA2066"
50,,Black,1700 RPM,,True,Corsair,H60 (2018),28.3 dB,CW-9060036-WW,120mm,"AM2, AM2+, AM3, AM3+, AM4, FM1, FM2, FM2+, LGA1150, LGA1151, LGA1155, LGA1156, LGA1366, LGA2011, LGA2011-3, LGA2066"
51,Fluid Dynamic,,750 - 1600 RPM,"160 mm / 6.299""",False,Gelid Solutions,Black Edition,25.4 dB - 25.5 dB,CC-BEdition-01-A,,"AM2, AM2+, AM3, AM3+, FM1, FM2, FM2+, LGA775, LGA1150, LGA1151, LGA1155, LGA1156, LGA1366, LGA2011, LGA2011-3, LGA2066"
52,Sleeve,,1900 - 2300 RPM,"95 mm / 3.74""",False,Thermaltake,,22 dB,CLP0556-B,,"LGA1150, LGA1151, LGA1155, LGA1156"
53,,,400 - 1500 RPM,"153 mm / 6.024""",False,Thermaltake,Contac Silent 12,22.1 dB - 28.8 dB,CL-P039-AL12BL-A,,"AM2, AM2+, AM3, AM3+, AM4, FM1, FM2, FM2+, LGA775, LGA1150, LGA1151, LGA1155, LGA1156, LGA1366"
54,,,,,True,RIOTORO,,,BIFROST 240,240mm,"AM2, AM2+, AM3, AM3+, AM4, FM1, FM2, FM2+, LGA1150, LGA1151, LGA1155, LGA1156, LGA1366, LGA2011, LGA2011-3, LGA2066"
55,,,200 - 1800 RPM,"150 mm / 5.906""",False,ARCTIC,Freezer 33 eSports ONE (Black/Green),24.4 dB,ACFRE00045A,,"AM4, LGA1150, LGA1151, LGA1155, LGA1156, LGA2011, LGA2011-3, LGA2066"
56,Sleeve,,1900 - 2300 RPM,"61 mm / 2.402""",False,Thermaltake,,22 dB,CLP0556,,"LGA1150, LGA1151, LGA1155, LGA1156"
57,,Black,500 - 2000 RPM,,True,Enermax,Liqfusion,14 dB - 28 dB,ELC-LF240-RGB,240mm,"AM2, AM2+, AM3, AM3+, AM4, FM1, FM2, FM2+, LGA775, LGA1150, LGA1151, LGA1155, LGA1156, LGA1366, LGA2011, LGA2011-3, LGA2066"
58,Sleeve,,1000 - 2200 RPM,"159 mm / 6.26""",False,Silverstone,,16.39 dB - 33.5 dB,AR03,,"AM2, AM2+, AM3, AM3+, FM1, FM2, FM2+, LGA775, LGA1150, LGA1151, LGA1155, LGA1156, LGA1366, LGA2011, LGA2011-3, LGA2066"
59,,Black / Silver,300 - 1800 RPM,"69 mm / 2.717""",False,Scythe,Big Shuriken 3,2.7 dB - 30.4 dB,SCBSK-3000,,"AM2, AM2+, AM3, AM3+, AM4, FM1, FM2, FM2+, LGA775, LGA1150, LGA1151, LGA1155, LGA1156, LGA1366, LGA2011, LGA2011-3, LGA2066"
60,,Black,500 - 2000 RPM,,True,NZXT,Kraken X72,21 dB - 36 dB,RL-KRX72-01,360mm,"AM2, AM2+, AM3, AM3+, AM4, FM1, FM2, FM2+, LGA1150, LGA1151, LGA1155, LGA1156, LGA1366, LGA2011, LGA2011-3, LGA2066, TR4"
61,,,2600 RPM,"40 mm / 1.575""",False,Evercool,,33 dB,NI01-9525EP,,"LGA1150, LGA1151, LGA1155, LGA1156"
62,,,1800 RPM,,False,Evercool,,20 dB,HPH-9525CU,,LGA775
63,,,1200 - 3500 RPM,"48 mm / 1.89""",False,Silverstone,,21.56 dB - 62.88 dB,NT08-115X / SST-NT08-115X,,"LGA1150, LGA1151, LGA1155, LGA1156"
64,,,300 - 2500 RPM,"143 mm / 5.63""",False,Scythe,,7.2 dB - 31.07 dB,SCKTN-4000,,"AM2, AM2+, AM3, AM3+, AM4, FM1, FM2, FM2+, LGA775, LGA1150, LGA1151, LGA1155, LGA1156, LGA1366, LGA2011, LGA2011-3, LGA2066"
65,,,1000 - 5000 RPM,,False,Dynatron,,20.71 dB - 51.7 dB,K199,,"LGA1150, LGA1151, LGA1155, LGA1156"
66,,Black,600 - 1800 RPM,,True,Cougar,Helor 360,37.1 dB,RL-HLR360-V1,360mm,"AM2, AM2+, AM3, AM3+, AM4, FM1, FM2, FM2+, LGA775, LGA1150, LGA1151, LGA1155, LGA1156, LGA2011, LGA2011-3, LGA2066"
67,,Silver / Black,1400 RPM,"112 mm / 4.409""",False,be quiet!,Shadow Rock TF 2,11.9 dB - 24.4 dB,BK003,,"AM2, AM2+, AM3, AM3+, AM4, FM1, FM2, FM2+, LGA775, LGA1150, LGA1151, LGA1155, LGA1156, LGA1366, LGA2011, LGA2011-3, LGA2066"
68,,,300 - 1600 RPM,"163 mm / 6.417""",False,Cooler Master,Hyper 212 LED Turbo (Red),9 dB - 31 dB,RR-212TR-16PR-R1,,"AM2, AM2+, AM3, AM3+, AM4, FM1, FM2, FM2+, LGA775, LGA1150, LGA1151, LGA1155, LGA1156, LGA2011, LGA2011-3, LGA2066"
69,,,550 - 2500 RPM,"45 mm / 1.772""",False,Silverstone,,18.5 dB - 32 dB,NT09-115X / RL-NT09-115X / SST-NT09-115X,,"LGA1150, LGA1151, LGA1155, LGA1156"
70,,,500 - 1800 RPM,,True,NZXT,Kraken X62,21 dB - 38 dB,RL-KRX62-01,280mm,"AM2, AM2+, AM3, AM3+, AM4, FM1, FM2, FM2+, LGA1150, LGA1151, LGA1155, LGA1156, LGA1366, LGA2011, LGA2011-3, LGA2066, TR4"
71,,,2500 RPM,"58 mm / 2.283""",False,Silverstone,,20 dB - 28.3 dB,AR06 / SST-AR06 / 90115,,"AM2, AM2+, AM3, AM3+, FM1, FM2, FM2+, LGA1150, LGA1151, LGA1155, LGA1156"
72,,,300 - 1500 RPM,"155 mm / 6.102""",False,Scythe,,4 dB - 29.5 dB,SCNJ-4000,,"AM2, AM2+, AM3, AM3+, AM4, FM1, FM2, FM2+, LGA775, LGA1150, LGA1151, LGA1155, LGA1156, LGA1366, LGA2011, LGA2011-3, LGA2066"
73,Sleeve,,4200 RPM,"40 mm / 1.575""",False,Masscool,,31.8 dB,5T568S1H3,,"AM2, AM2+, AM3, AM3+, FM1, FM2, FM2+"
74,,,900 - 2200 RPM,"66 mm / 2.598""",False,Gelid Solutions,,10 dB - 22.5 dB,CC-Siberian-01,,"AM2, AM2+, AM3, AM3+, FM1, FM2, FM2+, LGA775, LGA1150, LGA1151, LGA1155, LGA1156"
75,,,,"28 mm / 1.102""",False,Dynatron,,,T459,,"LGA1150, LGA1151, LGA1155, LGA1156"
76,,,500 - 2000 RPM,,True,NZXT,Kraken X52 Rev 2,21 dB - 36 dB,RL-KRX52-02,240mm,"AM2, AM2+, AM3, AM3+, AM4, FM1, FM2, FM2+, LGA1150, LGA1151, LGA1155, LGA1156, LGA1366, LGA2011, LGA2011-3, LGA2066, TR4"
77,,Black,500 - 1500 RPM,,True,Enermax,Liqtech TR4 II 280,14 dB - 25 dB,ELC-LTTRTO280-TBP,280mm,TR4
78,,,600 - 1800 RPM,"157 mm / 6.181""",False,Phanteks,,21.9 dB - 27.6 dB,PH-TC12DX,,"AM2, AM2+, AM3, AM3+, FM1, FM2, FM2+, LGA775, LGA1150, LGA1151, LGA1155, LGA1156, LGA1366, LGA2011, LGA2011-3, LGA2066"
79,,,650 - 2000 RPM,,True,Cooler Master,MasterLiquid Lite 120,6 dB - 30 dB,MLW-D12M-A20PW-R1,120mm,"AM2, AM2+, AM3, AM3+, AM4, FM1, FM2, FM2+, LGA775, LGA1150, LGA1151, LGA1155, LGA1156, LGA1366, LGA2011, LGA2011-3, LGA2066"
80,,,500 - 1800 RPM,,True,Deepcool,,17.6 dB - 31.3 dB,CAPTAIN 240 EX,240mm,"AM2, AM2+, AM3, AM3+, AM4, FM1, FM2, FM2+, LGA1150, LGA1151, LGA1155, LGA1156, LGA1366, LGA2011, LGA2011-3, LGA2066"
81,,,500 - 1800 RPM,,True,Deepcool,,17.6 dB - 31.3 dB,CAPTAIN 240EX WHITE / CAPTAIN 240 EX WHITE,240mm,"AM2, AM2+, AM3, AM3+, AM4, FM1, FM2, FM2+, LGA1150, LGA1151, LGA1155, LGA1156, LGA1366, LGA2011, LGA2011-3, LGA2066"
82,,,600 - 2500 RPM,"65 mm / 2.559""",False,Noctua,,14.8 dB - 23.6 dB,NH-L9x65 SE-AM4,,AM4
83,,,1500 - 2500 RPM,"37 mm / 1.457""",False,Silverstone,,15 dB - 25 dB,NT07-AM2,,"AM2, AM2+, AM3, AM3+, FM1, FM2, FM2+"
84,,,1200 - 1800 RPM,"160 mm / 6.299""",False,Thermaltake,,39 dB,CLP0587,,"AM2, AM2+, AM3, AM3+, FM1, FM2, FM2+, LGA775, LGA1150, LGA1151, LGA1155, LGA1156, LGA1366, LGA2011, LGA2011-3, LGA2066"
85,,,300 - 1600 RPM,"125 mm / 4.921""",False,Noctua,,13.1 dB - 17.6 dB,NH-U9DXi4,,"AM4, LGA1366, LGA2011, LGA2011-3, LGA2011-3 Narrow, LGA2066"
86,,,600 - 2200 RPM,"125 mm / 4.921""",False,CRYORIG,,26.4 dB,M9a / CR-M9A,,"AM2, AM2+, AM3, AM3+, AM4, FM1, FM2, FM2+"
87,,Black,450 - 2000 RPM,,True,Asus,,29.7 dB,ROG RYUJIN 360 / 90RC0020-M0UAY0,360mm,"AM4, LGA1150, LGA1151, LGA1155, LGA1156, LGA1366, LGA2011, LGA2011-3, LGA2066, TR4"
88,,Black,500 - 1800 RPM,,True,Deepcool,Gamerstorm Captain 240 PRO,30 dB,Captain 240 PRO,240mm,"AM2, AM2+, AM3, AM3+, AM4, FM1, FM2, FM2+, LGA1150, LGA1151, LGA1155, LGA1156, LGA1366, LGA2011, LGA2011-3, LGA2066, TR4"
89,,,500 - 1800 RPM,,True,LEPA,EXllusion 240,14 dB - 30 dB,LPWEL240-HF,240mm,"AM2, AM2+, AM3, AM3+, FM1, FM2, FM2+, LGA775, LGA1150, LGA1151, LGA1155, LGA1156, LGA1366, LGA2011, LGA2011-3, LGA2066"
90,,,300 - 1400 RPM,"159 mm / 6.26""",False,Thermaltake,Riing Silent 12 Blue,13 dB - 18 dB,CL-P022-AL12BU-A,,"AM2, AM2+, AM3, AM3+, FM1, FM2, FM2+, LGA775, LGA1150, LGA1151, LGA1155, LGA1156, LGA1366, LGA2011, LGA2011-3, LGA2066"
91,Ball,,1000 - 7000 RPM,"28 mm / 1.102""",False,Dynatron,,21.5 dB - 59.14 dB,R25,,LGA2011-3 Narrow
92,,Green / Black,200 - 2100 RPM,"157 mm / 6.181""",False,ARCTIC,Freezer 34 eSports,,ACFRE00059A,,"AM4, LGA1150, LGA1151, LGA1155, LGA1156, LGA2011, LGA2011-3, LGA2066"
93,,White / Black,200 - 2100 RPM,"157 mm / 6.181""",False,ARCTIC,Freezer 34 eSports DUO,,ACFRE00061A,,"AM4, LGA1150, LGA1151, LGA1155, LGA1156, LGA2011, LGA2011-3, LGA2066"
94,,,330 - 1600 RPM,"145 mm / 5.709""",False,CRYORIG,,1 dB - 25 dB,H7 / CR-H7A,,"AM2, AM2+, AM3, AM3+, AM4, FM1, FM2, FM2+, LGA1150, LGA1151, LGA1155, LGA1156"
95,,,900 - 1600 RPM,"144 mm / 5.669""",False,Deepcool,,17.8 dB - 21 dB,GAMMAXX 300,,"AM2, AM2+, AM3, AM3+, FM1, FM2, FM2+, LGA775, LGA1150, LGA1151, LGA1155, LGA1156, LGA1366"
96,Sleeve,,500 - 1600 RPM,"59 mm / 2.323""",False,Cooler Master,GeminII M4,8 dB - 30 dB,RR-GMM4-16PK-R2,,"AM2, AM2+, AM3, AM3+, FM1, FM2, FM2+, LGA775, LGA1150, LGA1151, LGA1155, LGA1156, LGA1366, LGA2011, LGA2011-3, LGA2066"
97,,Black,2400 RPM,,True,Corsair,H100i PRO,37 dB,CW-9060033-WW,240mm,"AM2, AM2+, AM3, AM3+, AM4, FM1, FM2, FM2+, LGA1150, LGA1151, LGA1155, LGA1156, LGA2011, LGA2011-3, LGA2066, TR4"
98,,Black,1800 RPM,"166 mm / 6.535""",False,Cooler Master,MasterAir MA610P,35 dB,MAP-T6PN-218PC-R1,,"AM2, AM2+, AM3, AM3+, AM4, FM1, FM2, FM2+, LGA775, LGA1150, LGA1151, LGA1155, LGA1156, LGA1366, LGA2011, LGA2011-3, LGA2066"
99,,Red / Black,200 - 2100 RPM,"157 mm / 6.181""",False,ARCTIC,Freezer 34 eSports,28 dB,ACFRE00056A,,"AM4, LGA1150, LGA1151, LGA1155, LGA1156, LGA2011, LGA2011-3, LGA2066"
100,,,800 - 1800 RPM,"162 mm / 6.378""",False,Enermax,,16 dB - 26 dB,ETS-T40F-BK,,"AM2, AM2+, AM3, AM3+, AM4, FM1, FM2, FM2+, LGA775, LGA1150, LGA1151, LGA1155, LGA1156, LGA1366, LGA2011, LGA2011-3, LGA2066"
101,,Black,600 - 1800 RPM,,True,Cougar,Helor 240,37.1 dB,RL-HLR240-V1,240mm,"AM2, AM2+, AM3, AM3+, AM4, FM1, FM2, FM2+, LGA775, LGA1150, LGA1151, LGA1155, LGA1156, LGA1366, LGA2011, LGA2011-3, LGA2066"
102,Fluid Dynamic,,1400 RPM,"130.8 mm / 5.15""",False,be quiet!,Dark Rock TF,11.9 dB - 26.7 dB,BK020,,"AM2, AM2+, AM3, AM3+, AM4, FM1, FM2, FM2+, LGA775, LGA1150, LGA1151, LGA1155, LGA1156, LGA1366, LGA2011, LGA2011-3, LGA2066"
103,,Black / White,100 - 2000 RPM,"77 mm / 3.031""",False,ARCTIC,Alpine 12,,ACALP00027A,,"LGA1150, LGA1151, LGA1155, LGA1156"
104,Fluid Dynamic,,2000 RPM,"123 mm / 4.843""",False,SilenX,,8 dB - 24 dB,EFZ-92HA3,,"AM2, AM2+, AM3, AM3+, FM1, FM2, FM2+, LGA775, LGA1150, LGA1151, LGA1155, LGA1156, LGA1366"
105,,,800 - 2200 RPM,"160 mm / 6.299""",False,Titan,,15 dB - 35 dB,TTC-NK85TZ/CS2,,"AM2, AM2+, AM3, AM3+, FM1, FM2, FM2+, LGA775, LGA1150, LGA1151, LGA1155, LGA1156, LGA1366, LGA2011, LGA2011-3, LGA2066"
106,,,700 - 1300 RPM,"160 mm / 6.299""",False,CRYORIG,,19 dB - 23 dB,H5 Ultimate / CR-H5B,,"AM2, AM2+, AM3, AM3+, AM4, FM1, FM2, FM2+, LGA775, LGA1150, LGA1151, LGA1155, LGA1156, LGA1366, LGA2011, LGA2011-3, LGA2066"
107,,Black / Red,200 - 1800 RPM,"150 mm / 5.906""",False,ARCTIC,Freezer 33 eSports ONE (Black/Red),24.4 dB,ACFRE00042A,,"AM4, LGA1150, LGA1151, LGA1155, LGA1156, LGA2011, LGA2011-3, LGA2066"
108,,,900 - 1600 RPM,"143 mm / 5.63""",False,Deepcool,,17.8 dB - 26.1 dB,GAMMAXX S40,,"AM2, AM2+, AM3, AM3+, FM1, FM2, FM2+, LGA775, LGA1150, LGA1151, LGA1155, LGA1156, LGA1366, LGA2011, LGA2011-3, LGA2066"
109,,,800 - 2600 RPM,"63 mm / 2.48""",False,Zalman,,20 dB - 32 dB,CNPS7000V(AL)-1-PWM,,"AM2, AM2+, AM3, AM3+, FM1, FM2, FM2+, LGA775, LGA1150, LGA1151, LGA1155, LGA1156"
110,,Black,450 - 2000 RPM,,True,Asus,ROG Ryujin 240 RGB AIO,29.7 dB,90RC0030-M0UAY0 / ROG Ryujin 240,240mm,"AM4, LGA1150, LGA1151, LGA1155, LGA1156, LGA1366, LGA2011, LGA2011-3, LGA2066, TR4"
111,,,500 - 1400 RPM,,True,Thermaltake,Floe Riing RGB 280 TT Premium Edition,19.8 dB - 27.2 dB,CL-W167-PL14SW-A,280mm,"AM2, AM2+, AM3, AM3+, AM4, FM1, FM2, FM2+, LGA1150, LGA1151, LGA1155, LGA1156, LGA1366, LGA2011, LGA2011-3, LGA2066, TR4"
112,,,700 - 3000 RPM,"85 mm / 3.346""",False,AMD,Wraith Max,39 dB,199-999575 / AMD Wraith Max Cooler,,"AM2, AM2+, AM3, AM3+, AM4, FM1, FM2, FM2+"
113,,,300 - 1300 RPM,"159 mm / 6.26""",False,Thermalright,,15 dB - 21 dB,Macho Direct,,"AM2, AM2+, AM3, AM3+, AM4, FM1, FM2, FM2+, LGA775, LGA1150, LGA1151, LGA1155, LGA1156, LGA1366, LGA2011, LGA2011-3, LGA2066"
114,,,,"160 mm / 6.299""",False,Prolimatech,,0 dB,PRO-GNSS-BK,,"AM2, AM2+, AM3, AM3+, FM1, FM2, FM2+, LGA775, LGA1150, LGA1151, LGA1155, LGA1156, LGA1366, LGA2011, LGA2011-3, LGA2066"
115,Sleeve,,800 - 1200 RPM,"159 mm / 6.26""",False,Xigmatek,,18 dB,Prime SD1484,,"AM2, AM2+, AM3, AM3+, FM1, FM2, FM2+, LGA775, LGA1150, LGA1151, LGA1155, LGA1156, LGA1366"
116,,Black / Yellow,200 - 1800 RPM,"150 mm / 5.906""",False,ARCTIC,Freezer 33 eSports ONE (Black/Yellow),24.4 dB,ACFRE00044A,,"AM4, LGA1150, LGA1151, LGA1155, LGA1156, LGA2011, LGA2011-3, LGA2066"
117,,,900 - 1300 RPM,"160 mm / 6.299""",False,Noctua,,12.6 dB - 19.8 dB,NH-D14 SE2011,,"AM4, LGA2011, LGA2011-3, LGA2066"
118,,,,"150 mm / 5.906""",False,ARCTIC,Freezer 33,,ACFRE00028A,,"AM4, LGA1150, LGA1151, LGA1155, LGA1156, LGA2011, LGA2011-3, LGA2066"
119,,,900 - 1500 RPM,"155 mm / 6.102""",False,Deepcool,,17.8 dB - 30 dB,GAMMAXX 400 White,,"AM2, AM2+, AM3, AM3+, AM4, FM1, FM2, FM2+, LGA1150, LGA1151, LGA1155, LGA1156, LGA1366, LGA2011, LGA2011-3, LGA2066"
120,Fluid Dynamic,,300 - 1400 RPM,"167 mm / 6.575""",False,Deepcool,,17.8 dB - 27.3 dB,ASSASSIN II,,"AM2, AM2+, AM3, AM3+, AM4, FM1, FM2, FM2+, LGA775, LGA1150, LGA1151, LGA1155, LGA1156, LGA1366, LGA2011, LGA2011-3, LGA2066"
121,,,400 - 2000 RPM,"124 mm / 4.882""",False,Noctua,,16.3 dB - 22.8 dB,NH-U9S,,"AM2, AM2+, AM3, AM3+, AM4, FM1, FM2, FM2+, LGA1150, LGA1151, LGA1155, LGA1156, LGA2011, LGA2011-3, LGA2066"
122,,,600 - 2200 RPM,"125 mm / 4.921""",False,CRYORIG,,26.4 dB,M9i / CR-M9I,,"LGA1150, LGA1151, LGA1155, LGA1156"
123,,,2600 RPM,"38 mm / 1.496""",False,Logisys,,28 dB,IC211HTPC,,"LGA1150, LGA1151, LGA1155, LGA1156"
124,,Black / Multicolor,600 - 2400 RPM,"75 mm / 2.953""",False,Cooler Master,MasterAir G100M RGB,30 dB,MAM-G1CN-924PC-R1,,"AM2, AM2+, AM3, AM3+, AM4, FM1, FM2, FM2+, LGA775, LGA1150, LGA1151, LGA1155, LGA1156, LGA1366, LGA2011, LGA2011-3, LGA2066"
125,,,1000 - 1600 RPM,"125 mm / 4.921""",False,Noctua,,7.9 dB - 17.6 dB,NH-U9B SE2,,"AM2, AM2+, AM3, AM3+, AM4, FM1, FM2, FM2+, LGA775, LGA1150, LGA1151, LGA1155, LGA1156, LGA1366"
126,Sleeve,,600 - 2600 RPM,"30 mm / 1.181""",False,Rosewill,,16 dB - 24.5 dB,RCX-Z775-LP,,"LGA775, LGA1150, LGA1151, LGA1155, LGA1156"
127,,Black,1900 RPM,,True,Corsair,H75 2018,31 dB,CW-9060035-WW,120mm,"AM2, AM2+, AM3, AM3+, AM4, FM1, FM2, FM2+, LGA1150, LGA1151, LGA1155, LGA1156, LGA2011, LGA2011-3, LGA2066"
128,,Black / Orange,500 - 1700 RPM,"169 mm / 6.654""",False,Gigabyte,AORUS ATC700,12 dB - 31 dB,GP-ATC700,,"AM2, AM2+, AM3, AM3+, AM4, FM1, FM2, FM2+, LGA775, LGA1150, LGA1151, LGA1155, LGA1156, LGA2011, LGA2011-3, LGA2066"
129,,Black,,"70 mm / 2.756""",False,ARCTIC,Alpine Passive,0 dB,ACALP00022A,,AM4
130,,,500 - 2000 RPM,,True,Fractal Design,Celsius S36,32.2 dB,FD-WCU-CELSIUS-S36-BK,360mm,"AM2, AM2+, AM3, AM3+, AM4, FM1, FM2, FM2+, LGA1150, LGA1151, LGA1155, LGA1156, LGA1366, LGA2011, LGA2011-3, LGA2066, TR4"
131,,,800 - 1800 RPM,"160 mm / 6.299""",False,Enermax,ETS-T50 AXE (White),18.9 dB - 25 dB,ETS-T50A-WVS,,"AM2, AM2+, AM3, AM3+, AM4, FM1, FM2, FM2+, LGA775, LGA1150, LGA1151, LGA1155, LGA1156, LGA1366, LGA2011, LGA2011-3, LGA2066"
132,,,900 - 2200 RPM,"89 mm / 3.504""",False,Gelid Solutions,,10 dB - 23.5 dB,CC-SiberianP-01,,"AM2, AM2+, AM3, AM3+, FM1, FM2, FM2+, LGA775, LGA1150, LGA1151, LGA1155, LGA1156"
133,Ball,,1500 - 7000 RPM,"67 mm / 2.638""",False,Dynatron,,16 dB - 47.5 dB,R24,,LGA2011-3 Narrow
134,,,1200 - 1500 RPM,"165 mm / 6.496""",False,Noctua,,19.2 dB - 24.6 dB,NH-D15 SE-AM4,,"AM4, LGA775, LGA1150, LGA1151, LGA1155, LGA1156, LGA1366, LGA2011, LGA2011-3, LGA2066"
135,,,500 - 2300 RPM,,True,LEPA,AquaChanger 120,14 dB - 35 dB,LPWAC120-HF,120mm,"AM2, AM2+, AM3, AM3+, FM1, FM2, FM2+, LGA775, LGA1150, LGA1151, LGA1155, LGA1156, LGA1366, LGA2011, LGA2011-3, LGA2066"
136,,,700 - 1300 RPM,"169 mm / 6.654""",False,CRYORIG,R1 Universal,20 dB - 25 dB,CR-R1B,,"AM2, AM2+, AM3, AM3+, AM4, FM1, FM2, FM2+, LGA775, LGA1150, LGA1151, LGA1155, LGA1156, LGA1366, LGA2011, LGA2011-3, LGA2066"
137,Fluid Dynamic,,750 - 1800 RPM,"159 mm / 6.26""",False,Gelid Solutions,GX7,12 dB - 28 dB,CC-GX7-02-A,,"AM2, AM2+, AM3, AM3+, FM1, FM2, FM2+, LGA775, LGA1150, LGA1151, LGA1155, LGA1156, LGA1366"
138,Fluid Dynamic,,1400 - 1700 RPM,"163 mm / 6.417""",False,be quiet!,Dark Rock Pro 3,13.2 dB - 26.1 dB,BK019 / DARK ROCK PRO 3,,"AM2, AM2+, AM3, AM3+, AM4, FM1, FM2, FM2+, LGA775, LGA1150, LGA1151, LGA1155, LGA1156, LGA1366, LGA2011, LGA2011-3, LGA2066"
139,,Black / Silver,2400 RPM,,True,Corsair,H100i RGB PLATINUM,37 dB,CW-9060039-WW,240mm,"AM2, AM2+, AM3, AM3+, AM4, FM1, FM2, FM2+, LGA1150, LGA1151, LGA1155, LGA1156, LGA2011, LGA2011-3, LGA2066, TR4"
140,,Black,300 - 800 RPM,"155 mm / 6.102""",False,Scythe,Ninja 5,4 dB - 14.5 dB,SCNJ-5000,,"AM4, LGA775, LGA1150, LGA1151, LGA1155, LGA1156, LGA1366, LGA2011, LGA2011-3, LGA2066"
141,,,1500 - 2600 RPM,"27 mm / 1.063""",False,Zalman,,17.39 dB - 22.7 dB,CNPS2X,,"AM2, AM2+, AM3, AM3+, FM1, FM2, FM2+, LGA775, LGA1150, LGA1151, LGA1155, LGA1156"
142,,,1200 RPM,,True,Corsair,H115i PRO,20.4 dB,CW-9060032-WW,280mm,"AM2, AM2+, AM3, AM3+, AM4, FM1, FM2, FM2+, LGA1150, LGA1151, LGA1155, LGA1156, LGA1366, LGA2011, LGA2011-3, LGA2066, TR4"
143,,,800 - 1500 RPM,,True,Thermaltake,Water 3.0 Riing RGB 360,26.4 dB,CL-W108-PL12SW-A,360mm,"AM2, AM2+, AM3, AM3+, AM4, FM1, FM2, FM2+, LGA1150, LGA1151, LGA1155, LGA1156, LGA1366, LGA2011, LGA2011-3, LGA2066, TR4"
144,Fluid Dynamic,,800 - 1500 RPM,"131 mm / 5.157""",False,ARCTIC,Freezer Xtreme,24.4 dB,UCACO-P0900-CSB01,,"AM2, AM2+, AM3, AM3+, AM4, FM1, FM2, FM2+, LGA775, LGA1150, LGA1151, LGA1155, LGA1156, LGA1366"
145,,,600 - 2500 RPM,"65 mm / 2.559""",False,Noctua,,14.8 dB - 23.6 dB,NH-L9x65,,"AM2, AM2+, AM3, AM3+, AM4, FM1, FM2, FM2+, LGA1150, LGA1151, LGA1155, LGA1156, LGA2011, LGA2011-3, LGA2066"
146,,Orange / Silver,300 - 1300 RPM,"162 mm / 6.378""",False,Thermalright,,15 dB - 21 dB,ARO-M14O,,AM4
147,Ball,,1000 - 4500 RPM,"62 mm / 2.441""",False,Dynatron,,13.14 dB - 45.9 dB,R9,,"LGA2011, LGA2011-3, LGA2066"
148,,,650 - 2000 RPM,,True,Cooler Master,MasterLiquid 240,6 dB - 30 dB,MLX-D24M-A20PW-R1,240mm,"AM2, AM2+, AM3, AM3+, AM4, FM1, FM2, FM2+, LGA775, LGA1150, LGA1151, LGA1155, LGA1156, LGA1366, LGA2011, LGA2011-3, LGA2066"
149,,,300 - 1400 RPM,"168 mm / 6.614""",False,Deepcool,,12.6 dB - 31.1 dB,LUCIFER V2,,"AM2, AM2+, AM3, AM3+, AM4, FM1, FM2, FM2+, LGA775, LGA1150, LGA1151, LGA1155, LGA1156, LGA1366, LGA2011, LGA2011-3, LGA2066"
150,,,1000 - 2000 RPM,,True,Thermaltake,Water 3.0 Extreme S,20 dB,CLW0224-B,240mm,"AM2, AM2+, AM3, AM3+, AM4, FM1, FM2, FM2+, LGA1150, LGA1151, LGA1155, LGA1156, LGA1366, LGA2011, LGA2011-3, LGA2066"
151,,,600 - 2000 RPM,"130 mm / 5.118""",False,ARCTIC,Freezer 13,,ACFZ13,,"AM2, AM2+, AM3, AM3+, AM4, FM1, FM2, FM2+, LGA775, LGA1150, LGA1151, LGA1155, LGA1156, LGA1366"
152,,,800 - 3300 RPM,"40 mm / 1.575""",False,Scythe,,8.2 dB - 32.5 dB,SCKZT-1000,,"AM2, AM2+, AM3, AM3+, FM1, FM2, FM2+, LGA775, LGA1150, LGA1151, LGA1155, LGA1156, LGA1366"
153,,Orange,,"27 mm / 1.063""",False,Dynatron,,0 dB,K129,,"LGA1150, LGA1151, LGA1155, LGA1156"
154,,,800 - 1900 RPM,"155 mm / 6.102""",False,Antec,,20.3 dB - 34.5 dB,C400,,"AM2, AM2+, AM3, AM3+, FM1, FM2, FM2+, LGA775, LGA1150, LGA1151, LGA1155, LGA1156, LGA1366"
155,,,300 - 1500 RPM,"158 mm / 6.22""",False,Noctua,,18.6 dB - 22.4 dB,NH-U12S TR4-SP3,,TR4
156,,,,"27 mm / 1.063""",False,Dynatron,,,R15,,"LGA2011, LGA2011-3, LGA2066"
157,,,300 - 1500 RPM,"165 mm / 6.496""",False,Noctua,,19.2 dB - 24.6 dB,NH-U14S,,"AM2, AM2+, AM3, AM3+, AM4, FM1, FM2, FM2+, LGA1150, LGA1151, LGA1155, LGA1156, LGA2011, LGA2011-3, LGA2066"
158,,,450 - 1850 RPM,"70 mm / 2.756""",False,Noctua,,16.8 dB - 23.9 dB,NH-L12S,,"AM2, AM2+, AM3, AM3+, AM4, FM1, FM2, FM2+, LGA1150, LGA1151, LGA1155, LGA1156, LGA2011, LGA2011-3, LGA2066"
159,,,300 - 1500 RPM,"165 mm / 6.496""",False,Noctua,,19.2 dB - 24.6 dB,NH-D15,,"AM2, AM2+, AM3, AM3+, AM4, FM1, FM2, FM2+, LGA1150, LGA1151, LGA1155, LGA1156, LGA2011, LGA2011-3, LGA2066"
160,,,300 - 1500 RPM,"158 mm / 6.22""",False,Noctua,,18.6 dB - 22.4 dB,NH-U12DXi4,,"AM4, LGA1366, LGA2011, LGA2011-3, LGA2011-3 Narrow, LGA2066"
161,,,600 - 2200 RPM,,True,CRYORIG,,13 dB - 37 dB,A40 ULTIMATE / CR-A4B / CR-A40U,240mm,"AM2, AM2+, AM3, AM3+, AM4, FM1, FM2, FM2+, LGA1150, LGA1151, LGA1155, LGA1156, LGA1366, LGA2011, LGA2011-3, LGA2066, TR4"
162,,,1700 RPM,,True,Corsair,,30.32 dB,H50 / CW-9060006-WW,120mm,"LGA1150, LGA1151, LGA1155, LGA1156, LGA1366"
163,Fluid Dynamic,,900 - 2200 RPM,"138 mm / 5.433""",False,Gelid Solutions,SnowStorm,10 dB - 24.1 dB,CC-SnowStorm-01,,"AM2, AM2+, AM3, AM3+, FM1, FM2, FM2+, LGA775, LGA1150, LGA1151, LGA1155, LGA1156"
164,,Black / Silver,600 - 2200 RPM,"124.6 mm / 4.906""",False,CRYORIG,,26.4 dB,M9 Plus / CR-M9PLUS / CR-M9PA,,"AM2, AM2+, AM3, AM3+, AM4, FM1, FM2, FM2+, LGA1150, LGA1151, LGA1155, LGA1156"
165,,,2000 RPM,,True,Corsair,H60,30.85 dB,H60 (CW-9060007-WW) / CW-9060007-WW / H60,120mm,"AM2, AM2+, AM3, AM3+, AM4, FM1, FM2, FM2+, LGA1150, LGA1151, LGA1155, LGA1156, LGA1366, LGA2011, LGA2011-3, LGA2066"
166,Rifle,,2500 RPM,"63 mm / 2.48""",False,Thermaltake,,27 dB,CL-P0497,,LGA775
167,Ball,,1200 - 2600 RPM,"28 mm / 1.102""",False,Gelid Solutions,,15 dB - 27.2 dB,CC-Ssilence-APLUS,,"AM2, AM2+, AM3, AM3+, FM1, FM2, FM2+"
168,,Black,500 - 2300 RPM,,True,Enermax,Liqtech TR4 II 240,14 dB - 28 dB,ELC-LTTRTO240-TBP,240mm,TR4
169,,,700 - 1400 RPM,"167 mm / 6.575""",False,Deepcool,,17.8 dB - 31.1 dB,LUCIFER,,"AM2, AM2+, AM3, AM3+, AM4, FM1, FM2, FM2+, LGA775, LGA1150, LGA1151, LGA1155, LGA1156, LGA1366, LGA2011, LGA2011-3, LGA2066"
170,,Black / Silver,600 - 1600 RPM,"158 mm / 6.22""",False,FSP Group,Windale 4,32 dB,AC401,,"AM2, AM2+, AM3, AM3+, AM4, FM1, FM2, FM2+, LGA775, LGA1150, LGA1151, LGA1155, LGA1156, LGA1366, LGA2011, LGA2011-3, LGA2066"
171,,,500 - 2000 RPM,,True,NZXT,Kraken X52,21 dB - 36 dB,RL-KRX52-01,240mm,"AM2, AM2+, AM3, AM3+, AM4, FM1, FM2, FM2+, LGA1150, LGA1151, LGA1155, LGA1156, LGA1366, LGA2011, LGA2011-3, LGA2066, TR4"
172,,,200 - 1800 RPM,"150 mm / 5.906""",False,ARCTIC,Freezer 33 eSports Edition (Black/Yellow),24.4 dB,ACFRE00034A,,"AM4, LGA1150, LGA1151, LGA1155, LGA1156, LGA2011, LGA2011-3, LGA2066"
173,Ball,,1000 - 5000 RPM,"29 mm / 1.142""",False,Dynatron,,20.5 dB - 49.8 dB,T195,,LGA775
174,Ball,,500 - 2000 RPM,"161 mm / 6.339""",False,Silverstone,,18 dB - 41 dB,SST-HE01,,"AM2, AM2+, AM3, AM3+, FM1, FM2, FM2+, LGA775, LGA1150, LGA1151, LGA1155, LGA1156, LGA1366, LGA2011, LGA2011-3, LGA2066"
175,,,2800 RPM,"162 mm / 6.378""",False,EVGA,ACX,42.5 dB,100-FS-C201-KR,,"AM2, AM2+, AM3, AM3+, FM1, FM2, FM2+, LGA775, LGA1150, LGA1151, LGA1155, LGA1156, LGA1366, LGA2011, LGA2011-3, LGA2066"
176,,,,,False,Rosewill,,,RCX-Z300,,"LGA775, LGA1150, LGA1151, LGA1155, LGA1156"
177,,Black / Gray,100 - 2700 RPM,"77 mm / 3.031""",False,ARCTIC,Alpine 12 CO,,ACALP00031A,,"LGA1150, LGA1151, LGA1155, LGA1156"
178,,,1400 - 2800 RPM,"134 mm / 5.276""",False,Zalman,,20 dB - 32 dB,CNPS5X Performa,,"AM2, AM2+, AM3, AM3+, FM1, FM2, FM2+, LGA775, LGA1150, LGA1151, LGA1155, LGA1156"
179,,,2200 RPM,"162 mm / 6.378""",False,Enermax,,27 dB,ETS-T40F-W,,"AM2, AM2+, AM3, AM3+, AM4, FM1, FM2, FM2+, LGA775, LGA1150, LGA1151, LGA1155, LGA1156, LGA1366, LGA2011, LGA2011-3, LGA2066"
180,,,650 - 2000 RPM,,True,Cooler Master,MasterLiquid ML240R RGB,6 dB - 30 dB,MLX-D24M-A20PC-R1,240mm,"AM2, AM2+, AM3, AM3+, AM4, FM1, FM2, FM2+, LGA775, LGA1150, LGA1151, LGA1155, LGA1156, LGA1366, LGA2011, LGA2011-3, LGA2066"
181,,,650 - 2000 RPM,"158 mm / 6.22""",False,Cooler Master,MasterAir MA410P,6 dB - 30 dB,MAP-T4PN-220PC-R1,,"AM2, AM2+, AM3, AM3+, AM4, FM1, FM2, FM2+, LGA1150, LGA1151, LGA1155, LGA1156, LGA1366, LGA2011, LGA2011-3, LGA2066"
182,,,,"109 mm / 4.291""",False,Silverstone,,0 dB,NT01-E,,"AM2, AM2+, AM3, AM3+, FM1, FM2, FM2+, LGA775"
183,,Yellow / Black,200 - 2100 RPM,"157 mm / 6.181""",False,ARCTIC,Freezer 34 eSports,,ACFRE00058A,,"AM4, LGA1150, LGA1151, LGA1155, LGA1156, LGA2011, LGA2011-3, LGA2066"
184,,,800 - 2200 RPM,,True,Intel,,21 dB - 35 dB,BXTS13X,120mm,"AM2, AM2+, AM3, AM3+, FM1, FM2, FM2+, LGA1150, LGA1151, LGA1155, LGA1156, LGA1366, LGA2011, LGA2011-3, LGA2066"
185,,Black,650 - 2000 RPM,,True,Cooler Master,MasterLiquid ML360R RGB,6 dB - 34 dB,MLX-D36M-A20PC-R1,360mm,"AM2, AM2+, AM3, AM3+, AM4, FM1, FM2, FM2+, LGA775, LGA1150, LGA1151, LGA1155, LGA1156, LGA1366, LGA2011, LGA2011-3, LGA2066"
186,,,500 - 1800 RPM,,True,Deepcool,,17.6 dB - 31.3 dB,CAPTAIN 120EX RGB,120mm,"AM2, AM2+, AM3, AM3+, AM4, FM1, FM2, FM2+, LGA1150, LGA1151, LGA1155, LGA1156, LGA1366, LGA2011, LGA2011-3, LGA2066"
187,,,500 - 1800 RPM,,True,Deepcool,,17.6 dB - 31.3 dB,CAPTAIN 120EX WHITE,120mm,"AM2, AM2+, AM3, AM3+, AM4, FM1, FM2, FM2+, LGA1150, LGA1151, LGA1155, LGA1156, LGA1366, LGA2011, LGA2011-3, LGA2066"
188,,,200 - 1800 RPM,"150 mm / 5.906""",False,ARCTIC,Freezer 33 eSports Edition (Black/White),24.4 dB,ACFRE00033A,,"AM4, LGA1150, LGA1151, LGA1155, LGA1156, LGA2011, LGA2011-3, LGA2066"
189,,,500 - 1500 RPM,"156 mm / 6.142""",False,Deepcool,,17.8 dB - 29.5 dB,GAMMAXX GT,,"AM2, AM2+, AM3, AM3+, AM4, FM1, FM2, FM2+, LGA1150, LGA1151, LGA1155, LGA1156, LGA1366, LGA2011, LGA2011-3, LGA2066"
190,,,600 - 1600 RPM,"165 mm / 6.496""",False,FSP Group,Windale 6,32 dB,AC602,,"AM2, AM2+, AM3, AM3+, AM4, FM1, FM2, FM2+, LGA775, LGA1150, LGA1151, LGA1155, LGA1156, LGA1356"
191,,,1400 - 2200 RPM,"165 mm / 6.496""",False,Evercool,,16 dB - 38 dB,HPO-12025,,"AM2, AM2+, AM3, AM3+, FM1, FM2, FM2+, LGA775, LGA1150, LGA1151, LGA1155, LGA1156, LGA1366, LGA2011, LGA2011-3, LGA2066"
192,,Silver / Black,500 - 1800 RPM,"165 mm / 6.496""",False,Deepcool,,17.8 dB - 41.5 dB,Fryzen,,"AM2, AM2+, AM3, AM3+, AM4, FM1, FM2, FM2+, TR4"
193,,,1500 - 2500 RPM,"27 mm / 1.063""",False,Thermaltake,Engine 27,13 dB - 25 dB,CL-P032-CA06SL-A,,"LGA1150, LGA1151, LGA1155, LGA1156"
194,Ball,,1200 - 2600 RPM,"28 mm / 1.102""",False,Gelid Solutions,,15 dB - 27.8 dB,CC-SSilence-iplus,,"LGA775, LGA1150, LGA1151, LGA1155, LGA1156"
195,Sleeve,,1000 - 2200 RPM,"159 mm / 6.26""",False,Silverstone,,16.39 dB - 33.5 dB,AR01,,"AM2, AM2+, AM3, AM3+, FM1, FM2, FM2+, LGA775, LGA1150, LGA1151, LGA1155, LGA1156, LGA1366, LGA2011, LGA2011-3, LGA2066"
196,,Blue / Black,800 - 2000 RPM,"141.22 mm / 5.56""",False,Rosewill,,23.6 dB,ROCC-16002,,"AM2, AM2+, AM3, AM3+, AM4, FM1, FM2, FM2+, LGA1150, LGA1151, LGA1155, LGA1156, LGA1366"
197,Ball,,1100 - 6000 RPM,"28 mm / 1.102""",False,Dynatron,,19.1 dB - 53.8 dB,R13,,LGA2011-3 Narrow
198,Fluid Dynamic,,750 RPM,"41 mm / 1.614""",False,ARCTIC,Alpine M1,20.5 dB,ACALP00006A,,AM1
199,,,2000 RPM,"124.8 mm / 4.913""",False,be quiet!,Pure Rock Slim,13.1 dB - 25.4 dB,BK008,,"AM2, AM2+, AM3, AM3+, AM4, FM1, FM2, FM2+, LGA1150, LGA1151, LGA1155, LGA1156"
200,,,500 - 1800 RPM,,True,Deepcool,,17.6 dB - 31.3 dB,CAPTAIN 360EX WHITE RGB / CAPTAIN 360EX RGB WHITE / CAPTAIN 360EX RGB WH,360mm,"AM2, AM2+, AM3, AM3+, AM4, FM1, FM2, FM2+, LGA1150, LGA1151, LGA1155, LGA1156, LGA1366, LGA2011, LGA2011-3, LGA2066"
201,Sleeve,,650 - 2200 RPM,"59 mm / 2.323""",False,Reeven,Brontes RC-1001b,10.5 dB - 31.67 dB,RC-1001b,,"AM1, AM2, AM2+, AM3, AM3+, FM1, FM2, FM2+, LGA775, LGA1150, LGA1151, LGA1155, LGA1156, LGA1366"
202,,,1000 - 2500 RPM,"45 mm / 1.772""",False,Phanteks,,19 dB - 26 dB,PH-TC90LS,,"LGA1150, LGA1151, LGA1155, LGA1156, LGA2011, LGA2011-3, LGA2066"
203,,,900 - 1800 RPM,"60 mm / 2.362""",False,Deepcool,,18.2 dB - 32.4 dB,GABRIEL,,"AM2, AM2+, AM3, AM3+, AM4, FM1, FM2, FM2+, LGA1150, LGA1151, LGA1155, LGA1156"
204,,,2435 RPM,,True,Corsair,H100i v2,37.7 dB,CW-9060025-WW / H100i v2,240mm,"AM2, AM2+, AM3, AM3+, AM4, FM1, FM2, FM2+, LGA1150, LGA1151, LGA1155, LGA1156, LGA1366, LGA2011, LGA2011-3, LGA2066, TR4"
205,,,600 - 1800 RPM,"157 mm / 6.181""",False,Phanteks,,21.9 dB - 27.6 dB,PH-TC12DX_BK,,"AM2, AM2+, AM3, AM3+, FM1, FM2, FM2+, LGA775, LGA1150, LGA1151, LGA1155, LGA1156, LGA1366, LGA2011, LGA2011-3, LGA2066"
206,Ball,,1000 - 3800 RPM,"110 mm / 4.331""",False,Dynatron,,16 dB - 43.4 dB,R27,,"LGA2011, LGA2011-3, LGA2066"
207,,Black,,"160.5 mm / 6.319""",False,Cooler Master,Wraith Ripper,0 dB - 38 dB,MAM-D7PN-DWRPS-T1,,TR4
208,,,500 - 1600 RPM,"154 mm / 6.063""",False,Phanteks,,25.3 dB,PH-TC14S_BK,,"AM2, AM2+, AM3, AM3+, FM1, FM2, FM2+, LGA775, LGA1150, LGA1151, LGA1155, LGA1156, LGA1366, LGA2011, LGA2011-3, LGA2066"
209,,,750 - 1500 RPM,"154 mm / 6.063""",False,Gelid Solutions,Rev. 3 Tranquillo,12 dB - 26.5 dB,CC-TranQ-03-A,,"AM2, AM2+, AM3, AM3+, FM1, FM2, FM2+, LGA775, LGA1150, LGA1151, LGA1155, LGA1156, LGA1366"
210,,,1200 - 3400 RPM,"23 mm / 0.906""",False,Silverstone,,18 dB - 26 dB,NT07-115X,,"LGA1150, LGA1151, LGA1155, LGA1156"
211,Fluid Dynamic,,800 - 1400 RPM,"44 mm / 1.732""",False,RAIJINTEK,ZELOS,20 dB,0R100003,,"AM2, AM2+, AM3, AM3+, FM1, FM2, FM2+, LGA1150, LGA1151, LGA1155, LGA1156"
212,Rifle,,800 - 1300 RPM,"160 mm / 6.299""",False,Cooler Master,Hyper 612 Ver.2,11 dB - 20 dB,RR-H6V2-13PK-R1,,"AM2, AM2+, AM3, AM3+, AM4, FM1, FM2, FM2+, LGA775, LGA1150, LGA1151, LGA1155, LGA1156, LGA1366, LGA2011, LGA2011-3, LGA2066"
213,,,1800 RPM,"143 mm / 5.63""",False,Evercool,,23 dB,HPFI-10025,,"AM2, AM2+, AM3, AM3+, FM1, FM2, FM2+, LGA775"
214,Fluid Dynamic,,600 - 2000 RPM,"70 mm / 2.756""",False,ARCTIC,Alpine 11 Plus,14 dB,UCACO-AP11301-BUA01,,"LGA775, LGA1150, LGA1151, LGA1155, LGA1156"
215,,,150 - 1500 RPM,"160 mm / 6.299""",False,Titan,,28.6 dB,TTC-NC95TZ(RB),,"AM2, AM2+, AM3, AM3+, FM1, FM2, FM2+, LGA775, LGA1150, LGA1151, LGA1155, LGA1156, LGA1366, LGA2011, LGA2011-3, LGA2066"
216,,,300 - 1400 RPM,"159 mm / 6.26""",False,Thermaltake,Riing Silent 12 Red,13 dB - 18 dB,CL-P022-AL12RE-A,,"AM2, AM2+, AM3, AM3+, FM1, FM2, FM2+, LGA775, LGA1150, LGA1151, LGA1155, LGA1156, LGA1366, LGA2011, LGA2011-3, LGA2066"
217,,,500 - 1800 RPM,,True,Deepcool,,17.6 dB - 31.3 dB,CAPTAIN 120 EX,120mm,"AM2, AM2+, AM3, AM3+, AM4, FM1, FM2, FM2+, LGA1150, LGA1151, LGA1155, LGA1156, LGA1366, LGA2011, LGA2011-3, LGA2066"
218,,Black / Silver,200 - 1800 RPM,"157 mm / 6.181""",False,ARCTIC,Freezer 34,,ACFRE00052A,,"AM4, LGA1150, LGA1151, LGA1155, LGA1156, LGA2011, LGA2011-3, LGA2066"
219,,Black,600 - 1800 RPM,,True,Rosewill,,34.1 dB,PB240,240mm,"AM2, AM2+, AM3, AM3+, AM4, FM1, FM2, FM2+, LGA775, LGA1150, LGA1151, LGA1155, LGA1156, LGA1366, LGA2011, LGA2011-3, LGA2066"
220,,Silver / Black,300 - 800 RPM,"155 mm / 6.102""",False,Scythe,Mugen 5 PCGH Edition,4 dB - 14.5 dB,SCMG-5PCGH,,"AM2, AM2+, AM3, AM3+, AM4, FM1, FM2, FM2+, LGA775, LGA1150, LGA1151, LGA1155, LGA1156, LGA1366, LGA2011, LGA2011-3, LGA2066"
221,,,1200 - 2400 RPM,"36 mm / 1.417""",False,Thermaltake,,20 dB - 26.9 dB,CLP0534,,"LGA775, LGA1150, LGA1151, LGA1155, LGA1156"
222,,Black,500 - 2300 RPM,,True,Enermax,LIQTECH TR4 II 360,14 dB - 28 dB,ELC-LTTRTO360-TBP,360mm,TR4
223,,,1000 - 4000 RPM,"45 mm / 1.772""",False,Evercool,,12 dB - 40 dB,HPL-815EP,,"AM2, AM2+, AM3, AM3+, FM1, FM2, FM2+, LGA775, LGA1150, LGA1151, LGA1155, LGA1156, LGA1366"
224,,,300 - 1500 RPM,"158 mm / 6.22""",False,Noctua,,18.6 dB - 22.4 dB,NH-U12S,,"AM2, AM2+, AM3, AM3+, AM4, FM1, FM2, FM2+, LGA1150, LGA1151, LGA1155, LGA1156, LGA2011, LGA2011-3, LGA2066"
225,,,1000 - 3000 RPM,"55 mm / 2.165""",False,StarTech,,33 dB,FAN1156PWM,,"LGA1150, LGA1151, LGA1155, LGA1156"
226,Fluid Dynamic,,750 - 1600 RPM,"59 mm / 2.323""",False,Gelid Solutions,,12 dB - 25.4 dB,Slimhero / CC-Shero-01-A,,"AM2, AM2+, AM3, AM3+, FM1, FM2, FM2+, LGA775, LGA1150, LGA1151, LGA1155, LGA1156, LGA1366"
227,Rifle,,1600 RPM,"160 mm / 6.299""",False,be quiet!,Shadow Rock 2,15.3 dB - 25.4 dB,BK013,,"AM2, AM2+, AM3, AM3+, AM4, FM1, FM2, FM2+, LGA775, LGA1150, LGA1151, LGA1155, LGA1156, LGA1366, LGA2011, LGA2011-3, LGA2066"
228,,Black,650 - 2000 RPM,"159 mm / 6.26""",False,Cooler Master,Hyper 212 Black Edition,6.5 dB - 26 dB,RR-212S-20PK-R1,,"AM2, AM2+, AM3, AM3+, AM4, FM1, FM2, FM2+, LGA1150, LGA1151, LGA1155, LGA1156, LGA1366, LGA2011, LGA2011-3, LGA2066"
229,,,600 - 1800 RPM,"163 mm / 6.417""",False,Deepcool,,18.2 dB - 32.4 dB,LUCIFER K2,,"AM2, AM2+, AM3, AM3+, AM4, FM1, FM2, FM2+, LGA775, LGA1150, LGA1151, LGA1155, LGA1156, LGA1366, LGA2011, LGA2011-3, LGA2066"
230,,Silver / Red,600 - 2500 RPM,"163 mm / 6.417""",False,Thermalright,,21 dB - 45 dB,SilverArrow TR4,,TR4
231,,Black,1200 - 1500 RPM,,True,GAMDIAS,,,CHIONE M1A 240R / CHOINE M1A 240R,240mm,"AM2, AM2+, AM3, AM3+, AM4, FM1, FM2, FM2+, LGA775, LGA1150, LGA1151, LGA1155, LGA1156, LGA1366, LGA2011, LGA2011-3, LGA2066"
232,,,1750 RPM,"123 mm / 4.843""",False,Antec,,20 dB,A30,,"AM2, AM2+, AM3, AM3+, FM1, FM2, FM2+, LGA775, LGA1150, LGA1151, LGA1155, LGA1156"
233,,,1700 RPM,,True,Corsair,,30.32 dB,H55 / CW-9060010-WW,120mm,"AM2, AM2+, AM3, AM3+, AM4, FM1, FM2, FM2+, LGA1150, LGA1151, LGA1155, LGA1156, LGA1366, LGA2011, LGA2011-3, LGA2066"
234,Sleeve,,1000 - 2200 RPM,"136 mm / 5.354""",False,RAIJINTEK,AIDOS BLACK,28.87 dB,0R100009,,"AM2, AM2+, AM3, AM3+, FM1, FM2, FM2+, LGA775, LGA1150, LGA1151, LGA1155, LGA1156, LGA1366, LGA2011, LGA2011-3, LGA2066"
235,,,500 - 2400 RPM,,True,EVGA,CLC 120,16 dB - 39.9 dB,400-HY-CL12-V1,120mm,"AM2, AM2+, AM3, AM3+, AM4, FM1, FM2, FM2+, LGA1150, LGA1151, LGA1155, LGA1156, LGA1366, LGA2011, LGA2011-3, LGA2066"
236,,,1000 - 2650 RPM,"125 mm / 4.921""",False,Phononic,HEX 2.0,17 dB - 33 dB,HEX2.0,,"AM2, AM2+, AM3, AM3+, FM1, FM2, FM2+, LGA1150, LGA1151, LGA1155, LGA1156, LGA2011, LGA2011-3, LGA2066"
237,,,650 - 2000 RPM,,True,Cooler Master,MasterLiquid ML240L RGB,6 dB - 30 dB,MLW-D24M-A20PC-R1,240mm,"AM2, AM2+, AM3, AM3+, AM4, FM1, FM2, FM2+, LGA775, LGA1150, LGA1151, LGA1155, LGA1156, LGA1366, LGA2011, LGA2011-3, LGA2066"
238,,,900 - 2400 RPM,"60 mm / 2.362""",False,Logisys,,17.8 dB - 26.4 dB,IC221PWM,,"LGA1150, LGA1151, LGA1155, LGA1156"
239,Ball,,800 - 2500 RPM,"31 mm / 1.22""",False,Dynatron,,16 dB - 27.3 dB,T450,,"LGA1150, LGA1151, LGA1155, LGA1156"
240,Sleeve,,1500 RPM,"155 mm / 6.102""",False,be quiet!,Pure Rock,19.1 dB - 26.8 dB,BK009,,"AM2, AM2+, AM3, AM3+, AM4, FM1, FM2, FM2+, LGA775, LGA1150, LGA1151, LGA1155, LGA1156, LGA1366, LGA2011, LGA2011-3, LGA2066"
241,,,2700 RPM,,True,Corsair,,37.68 dB,H100i / CW-9060009-WW / CWCH100i,240mm,"AM2, AM2+, AM3, AM3+, AM4, FM1, FM2, FM2+, LGA1150, LGA1151, LGA1155, LGA1156, LGA1366, LGA2011, LGA2011-3, LGA2066"
242,,,1500 RPM,,True,Corsair,,35 dB,H110 / CWCH110 / CW-9060014-WW,280mm,"AM2, AM2+, AM3, AM3+, FM1, FM2, FM2+, LGA1150, LGA1151, LGA1155, LGA1156, LGA1366, LGA2011, LGA2011-3, LGA2066"
243,,Green / Black,200 - 2100 RPM,"157 mm / 6.181""",False,ARCTIC,Freezer 34 eSports DUO,,ACFRE00063A,,"AM4, LGA1150, LGA1151, LGA1155, LGA1156, LGA2011, LGA2011-3, LGA2066"
244,Sleeve,,600 - 2000 RPM,"159 mm / 6.26""",False,Cooler Master,Hyper 212 EVO,9 dB - 36 dB,RR-212E-20PK-R2 / RR-212E-16PK-R1,,"AM2, AM2+, AM3, AM3+, AM4, FM1, FM2, FM2+, LGA775, LGA1150, LGA1151, LGA1155, LGA1156, LGA1366, LGA2011, LGA2011-3, LGA2066"
245,,,330 - 1600 RPM,"145 mm / 5.709""",False,CRYORIG,,10 dB - 25 dB,H7 Quad Lumi / CR-H7QLA,,"AM2, AM2+, AM3, AM3+, AM4, FM1, FM2, FM2+, LGA1150, LGA1151, LGA1155, LGA1156, LGA2011, LGA2011-3, LGA2066"
246,,,500 - 2400 RPM,,True,EVGA,CLC 240,16 dB - 39.9 dB,400-HY-CL24-V1,240mm,"AM2, AM2+, AM3, AM3+, AM4, FM1, FM2, FM2+, LGA1150, LGA1151, LGA1155, LGA1156, LGA1366, LGA2011, LGA2011-3, LGA2066"
247,,,1500 - 3400 RPM,"23 mm / 0.906""",False,Silverstone,,18 dB - 26 dB,AR04,,"LGA1150, LGA1151, LGA1155, LGA1156"
248,,,550 - 1700 RPM,,True,Alphacool,Eisbaer 240,29 dB,11285,240mm,"AM2, AM2+, AM3, AM3+, AM4, FM1, FM2, FM2+, G34, LGA775, LGA1150, LGA1151, LGA1155, LGA1156, LGA1366, LGA2011, LGA2011-3, LGA2066"
249,,Black,500 - 2000 RPM,,True,NZXT,Kraken M22,21 dB - 36 dB,RL-KRM22-01,120mm,"AM2, AM2+, AM3, AM3+, AM4, FM1, FM2, FM2+, LGA1150, LGA1151, LGA1155, LGA1156, LGA1366, LGA2011, LGA2011-3, LGA2066"
250,Ball,,1000 - 6000 RPM,"28 mm / 1.102""",False,Dynatron,,21.5 dB - 55.8 dB,R16,,"LGA2011, LGA2011-3, LGA2066"
251,,,500 - 1800 RPM,"57 mm / 2.244""",True,Deepcool,,17.6 dB - 31.3 dB,CAPTAIN360EX / CAPTAIN 360 EX,360mm,"AM2, AM2+, AM3, AM3+, AM4, FM1, FM2, FM2+, LGA1150, LGA1151, LGA1155, LGA1156, LGA1366, LGA2011, LGA2011-3, LGA2066"
252,Rifle,,400 - 1400 RPM,"161 mm / 6.339""",False,be quiet!,Shadow Rock Slim,11.5 dB - 23.7 dB,BK010,,"AM2, AM2+, AM3, AM3+, AM4, FM1, FM2, FM2+, LGA775, LGA1150, LGA1151, LGA1155, LGA1156, LGA1366, LGA2011, LGA2011-3, LGA2066"
253,,,600 - 2200 RPM,,True,EVGA,CLC 280,16 dB - 39.5 dB,400-HY-CL28-V1,280mm,"AM2, AM2+, AM3, AM3+, AM4, FM1, FM2, FM2+, LGA1150, LGA1151, LGA1155, LGA1156, LGA1366, LGA2011, LGA2011-3, LGA2066, TR4"
254,,Black,,"69 mm / 2.717""",False,ARCTIC,Alpine 12 Passive,0 dB,ACALP00024A,,"LGA1150, LGA1151, LGA1155, LGA1156"
255,,Silver / Black,1000 - 2200 RPM,"82 mm / 3.228""",False,Silverstone,NT06-PRO-V2,,SST-NT06-PRO-V2,,"AM2, AM2+, AM3, AM3+, AM4, FM1, FM2, FM2+, LGA775, LGA1150, LGA1151, LGA1155, LGA1156, LGA1366, LGA2011, LGA2011-3, LGA2066"
256,,,300 - 1400 RPM,"149 mm / 5.866""",False,Scythe,FUMA Rev.B,13 dB - 28 dB,SCFM-1100,,"AM2, AM2+, AM3, AM3+, AM4, FM1, FM2, FM2+, LGA775, LGA1150, LGA1151, LGA1155, LGA1156, LGA1366, LGA2011, LGA2011-3, LGA2066"
257,Sleeve,,600 - 2000 RPM,"159 mm / 6.26""",False,Cooler Master,Hyper 212 Plus,13 dB - 32 dB,RR-B10-212P-G1,,"AM2, AM2+, AM3, AM3+, FM1, FM2, FM2+, LGA775, LGA1150, LGA1151, LGA1155, LGA1156, LGA1366"
258,,,,"160 mm / 6.299""",False,Silverstone,,,HE02,,"AM2, AM2+, AM3, AM3+, FM1, FM2, FM2+, LGA775, LGA1150, LGA1151, LGA1155, LGA1156, LGA1366, LGA2011, LGA2011-3, LGA2066"
259,,,1600 RPM,,True,Corsair,H150i PRO,25 dB,CW-9060031-WW,360mm,"AM2, AM2+, AM3, AM3+, AM4, FM1, FM2, FM2+, LGA1150, LGA1151, LGA1155, LGA1156, LGA1366, LGA2011, LGA2011-3, LGA2066, TR4"
260,,,2100 RPM,,True,Corsair,H110i,43 dB,CW-9060026-WW,280mm,"AM2, AM2+, AM3, AM3+, AM4, FM1, FM2, FM2+, LGA1150, LGA1151, LGA1155, LGA1156, LGA1366, LGA2011, LGA2011-3, LGA2066"
261,,Black / Red,800 - 1800 RPM,"157 mm / 6.181""",False,RAIJINTEK,LETO R,29 dB,0R100062,,"AM2, AM2+, AM3, AM3+, AM4, FM1, FM2, FM2+, LGA775, LGA1150, LGA1151, LGA1155, LGA1156, LGA1366, LGA2011, LGA2011-3, LGA2066"
262,,,1200 - 2000 RPM,,True,Thermaltake,Water 3.0 Performer C + LNC,27.36 dB,CLW0222-B,120mm,"AM2, AM2+, AM3, AM3+, AM4, FM1, FM2, FM2+, LGA1150, LGA1151, LGA1155, LGA1156, LGA1366, LGA2011, LGA2011-3, LGA2066"
263,Fluid Dynamic,,400 - 1400 RPM,"160 mm / 6.299""",False,be quiet!,Dark Rock 3,8.4 dB - 21.1 dB,BK018,,"AM2, AM2+, AM3, AM3+, AM4, FM1, FM2, FM2+, LGA775, LGA1150, LGA1151, LGA1155, LGA1156, LGA1366, LGA2011, LGA2011-3, LGA2066"
264,,,800 - 1600 RPM,"160 mm / 6.299""",False,Prolimatech,,,PRO-GNSS,,"AM2, AM2+, AM3, AM3+, FM1, FM2, FM2+, LGA1150, LGA1151, LGA1155, LGA1156, LGA1366"
265,,,1600 RPM,"150 mm / 5.906""",False,Deepcool,,17.8 dB - 21 dB,FROSTWIN V2.0,,"AM2, AM2+, AM3, AM3+, AM4, FM1, FM2, FM2+, LGA775, LGA1150, LGA1151, LGA1155, LGA1156, LGA1366, LGA2011, LGA2011-3, LGA2066"
266,,,500 - 1800 RPM,,True,NZXT,Kraken X42 Rev 2,21 dB - 38 dB,RL-KRX42-02,140mm,"AM2, AM2+, AM3, AM3+, AM4, FM1, FM2, FM2+, LGA1150, LGA1151, LGA1155, LGA1156, LGA1366, LGA2011, LGA2011-3, LGA2066"
267,Ball,,1000 - 2500 RPM,"110 mm / 4.331""",False,Dynatron,,17 dB - 31.92 dB,K17,,"LGA1150, LGA1151, LGA1155, LGA1156"
268,,Silver / Black,300 - 1200 RPM,"154 mm / 6.063""",False,Scythe,Mugen 5 Rev. B,4 dB - 24.9 dB,SCMG-5100,,"AM2, AM2+, AM3, AM3+, AM4, FM1, FM2, FM2+, LGA775, LGA1150, LGA1151, LGA1155, LGA1156, LGA1366, LGA2011, LGA2011-3, LGA2066"
269,,Black,650 - 2000 RPM,,True,Cooler Master,MasterLiquid ML360 RGB TR4 Edition,6 dB - 30 dB,MLX-D36M-A20PC-T1,360mm,TR4
270,,,2600 RPM,"47 mm / 1.85""",False,Cooler Master,,24.5 dB,DP6-9EDSA-0L-GP,,"LGA1150, LGA1151, LGA1155, LGA1156"
271,,Black / Silver,1200 - 3000 RPM,"47 mm / 1.85""",False,Silverstone,AR11,19.3 dB - 44.5 dB,SST-AR11,,"LGA1150, LGA1151, LGA1155, LGA1156"
272,,,300 - 1700 RPM,"161 mm / 6.339""",False,Reeven,Ouranos,5.8 dB - 36.4 dB,RC-1401,,"AM2, AM2+, AM3, AM3+, FM1, FM2, FM2+, LGA1150, LGA1151, LGA1155, LGA1156, LGA1366, LGA2011, LGA2011-3, LGA2066"
273,,Black,500 - 1500 RPM,,True,Thermaltake,Water 3.0 360 ARGB Sync Edition,25.8 dB,CL-W234-PL12SW-A,360mm,"AM2, AM2+, AM3, AM3+, AM4, FM1, FM2, FM2+, LGA1150, LGA1151, LGA1155, LGA1156, LGA2011, LGA2011-3, LGA2066, TR4"
274,,Black / Silver,300 - 1800 RPM,"117 mm / 4.606""",False,Scythe,,4.5 dB - 26.7 dB,SCIOR-1000,,"AM2, AM2+, AM3, AM3+, AM4, FM1, FM2, FM2+, LGA775, LGA1150, LGA1151, LGA1155, LGA1156, LGA1366"
275,,,300 - 1500 RPM,"158 mm / 6.22""",False,Noctua,,18.6 dB - 22.4 dB,NH-U12S SE-AM4,,AM4
276,,,2500 RPM,"37 mm / 1.457""",False,Noctua,,,NH-L9a,,"AM2, AM2+, AM3, AM3+, AM4, FM1, FM2, FM2+"
277,Sleeve,,1000 - 2200 RPM,"136 mm / 5.354""",False,RAIJINTEK,AIDOS,28.87 dB,OP105246,,"AM2, AM2+, AM3, AM3+, FM1, FM2, FM2+, LGA775, LGA1150, LGA1151, LGA1155, LGA1156, LGA1366, LGA2011, LGA2011-3, LGA2066"
278,,,700 - 1200 RPM,"160 mm / 6.299""",False,Thermaltake,Frio Silent 14,12 dB - 19.3 dB,CL-P002-AL14BL-B,,"AM2, AM2+, AM3, AM3+, FM1, FM2, FM2+, LGA775, LGA1150, LGA1151, LGA1155, LGA1156, LGA1366, LGA2011, LGA2011-3, LGA2066"
279,,Black / Blue,1100 RPM,,True,Alphacool,Eisbaer 420,29.4 dB,11390,420mm,"AM2, AM2+, AM3, AM3+, AM4, FM1, FM2, FM2+, LGA1150, LGA1151, LGA1155, LGA1156, LGA1366, LGA2011, LGA2011-3, LGA2066"
280,,,,"27 mm / 1.063""",False,Dynatron,,,R4,,"LGA2011, LGA2011-3, LGA2066"
281,,,500 - 2000 RPM,,True,Fractal Design,Celsius S24,32.2 dB,FD-WCU-CELSIUS-S24-BK,240mm,"AM2, AM2+, AM3, AM3+, AM4, FM1, FM2, FM2+, LGA1150, LGA1151, LGA1155, LGA1156, LGA1366, LGA2011, LGA2011-3, LGA2066, TR4"
282,,,500 - 1400 RPM,,True,Thermaltake,Floe Riing RGB 360 TT Premium Edition,19.8 dB - 24.7 dB,CL-W158-PL12SW-A,360mm,"AM2, AM2+, AM3, AM3+, AM4, FM1, FM2, FM2+, LGA1150, LGA1151, LGA1155, LGA1156, LGA1366, LGA2011, LGA2011-3, LGA2066, TR4"
283,,,2500 RPM,"37 mm / 1.457""",False,Silverstone,,20 dB - 28.3 dB,AR05,,"AM2, AM2+, AM3, AM3+, FM1, FM2, FM2+, LGA1150, LGA1151, LGA1155, LGA1156"
284,,,600 - 1600 RPM,"165 mm / 6.496""",False,FSP Group,Windale 6,32 dB,AC601,,"AM2, AM2+, AM3, AM3+, AM4, FM1, FM2, FM2+, LGA775, LGA1150, LGA1151, LGA1155, LGA1156, LGA1356"
285,,,1800 RPM,,True,EVGA,CLC 120 CL11,32.1 dB,400-HY-CL11-V1,120mm,"LGA1150, LGA1151, LGA1155, LGA1156, LGA1366, LGA2011, LGA2011-3, LGA2066"
286,Ball,,1500 - 7000 RPM,"67 mm / 2.638""",False,Dynatron,,16 dB - 47.5 dB,R14,,"LGA2011, LGA2011-3, LGA2066"
287,,,900 - 1700 RPM,"152 mm / 5.984""",False,Zalman,,18 dB - 30 dB,CNPS9900MAX-B,,"AM2, AM2+, AM3, AM3+, FM1, FM2, FM2+, LGA775, LGA1150, LGA1151, LGA1155, LGA1156, LGA1366, LGA2011, LGA2011-3, LGA2066"
288,Ball,,1200 - 5000 RPM,"66 mm / 2.598""",False,Silverstone,Argon AR09-115XP,18.02 dB - 42.5 dB,SST-AR09-115XP / AR09-115XP,,"LGA1150, LGA1151, LGA1155, LGA1156"
289,,,500 - 1500 RPM,"160 mm / 6.299""",False,Logisys,,17.8 dB - 27.6 dB,MC4001IM,,"AM2, AM2+, AM3, AM3+, FM1, FM2, FM2+, LGA775, LGA1150, LGA1151, LGA1155, LGA1156, LGA1366"
290,Sleeve,,600 - 3000 RPM,"62 mm / 2.441""",False,Rosewill,,15 dB - 30 dB,RCX-Z90-AL,,LGA775
291,,Black,650 - 2000 RPM,"159 mm / 6.26""",False,Cooler Master,Hyper 212 RGB Black Edition,8 dB - 30 dB,RR-212S-20PC-R1,,"AM2, AM2+, AM3, AM3+, AM4, FM1, FM2, FM2+, LGA1150, LGA1151, LGA1155, LGA1156, LGA1366, LGA2011, LGA2011-3, LGA2066"
292,,,1600 RPM,"167 mm / 6.575""",False,Cooler Master,V8 GTS,36 dB,RR-V8VC-16PR-R1,,"AM2, AM2+, AM3, AM3+, FM1, FM2, FM2+, LGA775, LGA1150, LGA1151, LGA1155, LGA1156, LGA1366, LGA2011, LGA2011-3, LGA2066"
293,,,500 - 1400 RPM,,True,Thermaltake,Floe Riing RGB 240 TT Premium Edition,19.8 dB - 24.7 dB,CL-W157-PL12SW-A,240mm,"AM2, AM2+, AM3, AM3+, AM4, FM1, FM2, FM2+, LGA1150, LGA1151, LGA1155, LGA1156, LGA1366, LGA2011, LGA2011-3, LGA2066, TR4"
294,Fluid Dynamic,,2200 RPM,"113 mm / 4.449""",False,SilenX,,8 dB - 24 dB,EFZ-80HA3,,"AM2, AM2+, AM3, AM3+, FM1, FM2, FM2+, LGA775, LGA1150, LGA1151, LGA1155, LGA1156"
295,,,2500 RPM,"48 mm / 1.89""",False,Zalman,,23.8 dB,CNPS80F,,"AM2, AM2+, AM3, AM3+, FM1, FM2, FM2+, LGA775, LGA1150, LGA1151, LGA1155, LGA1156"
296,,,,"150 mm / 5.906""",False,ARCTIC,Freezer 33 Plus,22.5 dB,ACFRE00032A,,"AM4, LGA1150, LGA1151, LGA1155, LGA1156, LGA2011, LGA2011-3, LGA2066"
297,,Black,650 - 1800 RPM,"166 mm / 6.535""",False,Cooler Master,MasterAir MA410M,6 dB - 31 dB,MAM-T4PN-218PC-R1,,"AM2, AM2+, AM3, AM3+, AM4, FM1, FM2, FM2+, LGA1150, LGA1151, LGA1155, LGA1156, LGA1366, LGA2011, LGA2011-3, LGA2066"
298,,,2000 RPM,,True,Corsair,H115i,40 dB,CW-9060027-WW / H115i,280mm,"AM2, AM2+, AM3, AM3+, AM4, FM1, FM2, FM2+, LGA1150, LGA1151, LGA1155, LGA1156, LGA1366, LGA2011, LGA2011-3, LGA2066, TR4"
299,,,200 - 1800 RPM,"150 mm / 5.906""",False,ARCTIC,Freezer 33 eSports Edition (Black/Green),24.4 dB,ACFRE00035A,,"AM4, LGA1150, LGA1151, LGA1155, LGA1156, LGA2011, LGA2011-3, LGA2066"
300,,,500 - 1200 RPM,"162 mm / 6.378""",False,Enermax,,10 dB - 19 dB,ETS-T40F-RF,,"AM2, AM2+, AM3, AM3+, AM4, FM1, FM2, FM2+, LGA775, LGA1150, LGA1151, LGA1155, LGA1156, LGA1366, LGA2011, LGA2011-3, LGA2066"
301,,,800 RPM,"162 mm / 6.378""",False,Thermalright,,15 dB,Macho X2 Limited Edition,,"AM2, AM2+, AM3, AM3+, AM4, FM1, FM2, FM2+, LGA775, LGA1150, LGA1151, LGA1155, LGA1156, LGA1366, LGA2011, LGA2011-3, LGA2066"
302,,,,"64 mm / 2.52""",False,Dynatron,,,R8,,"LGA2011, LGA2011-3, LGA2066"
303,,,650 - 3000 RPM,"140 mm / 5.512""",False,Cooler Master,MasterAir Pro 3,6 dB - 30 dB,MAY-T3PN-930PK-R1,,"AM2, AM2+, AM3, AM3+, AM4, FM1, FM2, FM2+, LGA775, LGA1150, LGA1151, LGA1155, LGA1156, LGA1366, LGA2011, LGA2011-3, LGA2066"
304,,,300 - 1400 RPM,"126 mm / 4.961""",False,Scythe,Kabuto 3,4 dB - 28 dB,SCKBT-3000,,"AM2, AM2+, AM3, AM3+, AM4, FM1, FM2, FM2+, LGA775, LGA1150, LGA1151, LGA1155, LGA1156, LGA1366"
305,Sleeve,,300 - 1500 RPM,"162 mm / 6.378""",False,Reeven,Justice,4 dB - 29.8 dB,RC-1204,,"AM2, AM2+, AM3, AM3+, FM1, FM2, FM2+, LGA1150, LGA1151, LGA1155, LGA1156, LGA1366, LGA2011, LGA2011-3, LGA2066"
306,,,600 - 2400 RPM,,True,Antec,,16 dB - 38 dB,KUHLER H2O 1250,240mm,"AM2, AM2+, AM3, AM3+, FM1, FM2, FM2+, LGA1150, LGA1151, LGA1155, LGA1156, LGA1366, LGA2011, LGA2011-3, LGA2066"
307,Fluid Dynamic,,900 - 2500 RPM,"127 mm / 5""",False,ARCTIC,,,Freezer 7 Pro Rev.2 / DCACO-FP701-CSA01,,"AM2, AM2+, AM3, AM3+, AM4, FM1, FM2, FM2+, LGA775, LGA1150, LGA1151, LGA1155, LGA1156, LGA1366"
308,,,2600 RPM,"68 mm / 2.677""",False,StarTech,,22.2 dB,FAN775E,,LGA775
309,,,650 - 2000 RPM,,True,Cooler Master,MasterLiquid 120,6 dB - 30 dB,MLX-D12M-A20PW-R1,120mm,"AM2, AM2+, AM3, AM3+, AM4, FM1, FM2, FM2+, LGA775, LGA1150, LGA1151, LGA1155, LGA1156, LGA1366, LGA2011, LGA2011-3, LGA2066"
310,,,1200 - 2100 RPM,"149 mm / 5.866""",False,Zalman,,18.2 dB - 30 dB,CNPS8X Optima,,"AM2, AM2+, AM3, AM3+, FM1, FM2, FM2+, LGA775, LGA1150, LGA1151, LGA1155, LGA1156"
311,,,1400 RPM,"140 mm / 5.512""",False,Thermaltake,Frio Silent 12,12 dB - 19.2 dB,CL-P001-AL12BL-B,,"AM2, AM2+, AM3, AM3+, FM1, FM2, FM2+, LGA775, LGA1150, LGA1151, LGA1155, LGA1156, LGA1366, LGA2011, LGA2011-3, LGA2066"
312,Fluid Dynamic,,1600 RPM,"153 mm / 6.024""",False,SilenX,,8 dB - 24 dB,EFZ-120HA5,,"AM2, AM2+, AM3, AM3+, FM1, FM2, FM2+, LGA775, LGA1150, LGA1151, LGA1155, LGA1156, LGA1366, LGA2011, LGA2011-3, LGA2066"
313,Ball,,1300 - 2650 RPM,"125 mm / 4.921""",False,Zalman,,18 dB - 27.5 dB,CNPS9500 AT,,"LGA775, LGA1150, LGA1151, LGA1155, LGA1156"
314,Ball,,2400 RPM,"38 mm / 1.496""",False,Masscool,,26.2 dB,8W501B1M3G,,LGA775
315,,,800 - 1800 RPM,"160 mm / 6.299""",False,Enermax,ETS-T50 AXE (Black),18.9 dB - 25 dB,ETS-T50A-BVT,,"AM2, AM2+, AM3, AM3+, AM4, FM1, FM2, FM2+, LGA775, LGA1150, LGA1151, LGA1155, LGA1156, LGA1366, LGA2011, LGA2011-3, LGA2066"
316,,,,"130 mm / 5.118""",False,ARCTIC,Freezer 12 CO,22.5 dB,ACFRE00030A,,"AM4, LGA1150, LGA1151, LGA1155, LGA1156, LGA2011, LGA2011-3, LGA2066"
317,,,500 - 2000 RPM,,True,Enermax,Liqmax II 120,16 dB - 35 dB,ELC-LMR120S-BS,120mm,"AM2, AM2+, AM3, AM3+, AM4, FM1, FM2, FM2+, LGA775, LGA1150, LGA1151, LGA1155, LGA1156, LGA1366, LGA2011, LGA2011-3, LGA2066"
318,,Black,1200 - 1500 RPM,,True,GAMDIAS,,,CHIONE E1A-120R / CHOINE E1A 120R,120mm,"AM2, AM2+, AM3, AM3+, AM4, FM1, FM2, FM2+, LGA775, LGA1150, LGA1151, LGA1155, LGA1156, LGA1366, LGA2011, LGA2011-3, LGA2066"
319,,,600 - 1850 RPM,,True,CRYORIG,,13 dB - 38 dB,A80 / CR-A8A,280mm,"AM2, AM2+, AM3, AM3+, AM4, FM1, FM2, FM2+, LGA1150, LGA1151, LGA1155, LGA1156, LGA1366, LGA2011, LGA2011-3, LGA2066, TR4"
320,,,1800 RPM,"63 mm / 2.48""",False,Thermaltake,Gravity i2,21.3 dB,CLP0556-D,,"LGA1150, LGA1151, LGA1155, LGA1156"
321,,,650 - 2200 RPM,"64 mm / 2.52""",False,Scythe,Shuriken Rev. B 3,10.5 dB - 31.67 dB,SCSK-1100,,"AM2, AM2+, AM3, AM3+, AM4, FM1, FM2, FM2+, LGA775, LGA1150, LGA1151, LGA1155, LGA1156, LGA1366"
322,,,650 - 2000 RPM,,True,Cooler Master,MasterLiquid ML120R RGB,6 dB - 30 dB,MLX-D12M-A20PC-R1,120mm,"AM2, AM2+, AM3, AM3+, AM4, FM1, FM2, FM2+, LGA775, LGA1150, LGA1151, LGA1155, LGA1156, LGA1366, LGA2011, LGA2011-3, LGA2066"
323,,,800 - 1500 RPM,"163 mm / 6.417""",False,Silverstone,,16.5 dB - 30.8 dB,SST-AR07 / AR07,,"AM2, AM2+, AM3, AM3+, FM1, FM2, FM2+, LGA775, LGA1150, LGA1151, LGA1155, LGA1156, LGA1366, LGA2011, LGA2011-3, LGA2066"
324,,,900 - 1200 RPM,"171 mm / 6.732""",False,Phanteks,,13.4 dB - 19 dB,PH-TC14PE_BK,,"AM2, AM2+, AM3, AM3+, FM1, FM2, FM2+, LGA775, LGA1150, LGA1151, LGA1155, LGA1156, LGA1366, LGA2011, LGA2011-3, LGA2066"
325,,,1000 - 3850 RPM,"90 mm / 3.543""",False,Intel,,,BXTS15A,,"LGA1150, LGA1151, LGA1155, LGA1156"
326,,,700 - 1300 RPM,"74 mm / 2.913""",False,CRYORIG,C1,24 dB,CR-C1A,,"AM2, AM2+, AM3, AM3+, AM4, FM1, FM2, FM2+, LGA775, LGA1150, LGA1151, LGA1155, LGA1156, LGA1366, LGA2011, LGA2011-3, LGA2066"
327,,,1500 RPM,"75.4 mm / 2.969""",False,be quiet!,Shadow Rock LP,14.8 dB - 25.5 dB,BK002,,"AM2, AM2+, AM3, AM3+, AM4, FM1, FM2, FM2+, LGA775, LGA1150, LGA1151, LGA1155, LGA1156, LGA1366, LGA2011, LGA2011-3, LGA2066"
328,,,500 - 1800 RPM,,True,NZXT,Kraken X42,21 dB - 38 dB,RL-KRX42-01,140mm,"AM2, AM2+, AM3, AM3+, AM4, FM1, FM2, FM2+, LGA1150, LGA1151, LGA1155, LGA1156, LGA1366, LGA2011, LGA2011-3, LGA2066"
329,,Black / Silver,200 - 1800 RPM,"157 mm / 6.181""",False,ARCTIC,Freezer 34 CO,,ACFRE00051A,,"AM4, LGA1150, LGA1151, LGA1155, LGA1156, LGA2011, LGA2011-3, LGA2066"
330,,Black,800 - 2500 RPM,,True,Asus,ROG RYUO 240 RGB,37 dB,ROG RYUO 240 / 90RC0040-M0UAY0,240mm,"AM4, LGA1150, LGA1151, LGA1155, LGA1156, LGA1366, LGA2011, LGA2011-3, LGA2066, TR4"
331,,,2700 RPM,,True,Corsair,,37.68 dB,H80i / CWCH80i / CW-9060008-WW,120mm,"AM2, AM2+, AM3, AM3+, FM1, FM2, FM2+, LGA1150, LGA1151, LGA1155, LGA1156, LGA1366, LGA2011, LGA2011-3, LGA2066"
332,,,800 - 1700 RPM,"140 mm / 5.512""",False,Thermaltake,,22 dB,CLP0552,,"LGA1150, LGA1151, LGA1155, LGA1156"
333,Ball,,1200 - 5000 RPM,"66 mm / 2.598""",False,Silverstone,Argon AR09-115XS,18.02 dB - 42.5 dB,SST-AR09-115XS / AR09-115XS,,"LGA1150, LGA1151, LGA1155, LGA1156"
334,Rifle,,600 - 1600 RPM,"160 mm / 6.299""",False,Cooler Master,Hyper 212 LED,9 dB - 31 dB,RR-212L-16PR-R1,,"AM2, AM2+, AM3, AM3+, AM4, FM1, FM2, FM2+, LGA775, LGA1150, LGA1151, LGA1155, LGA1156, LGA1366, LGA2011, LGA2011-3, LGA2066"
335,,,600 - 1800 RPM,"172 mm / 6.772""",False,Cooler Master,MasterAir Maker 8,8 dB - 24 dB,MAZ-T8PN-418PR-R1,,"AM2, AM2+, AM3, AM3+, AM4, FM1, FM2, FM2+, LGA775, LGA1150, LGA1151, LGA1155, LGA1156, LGA1366, LGA2011, LGA2011-3, LGA2066"
336,,,1000 - 2000 RPM,"160 mm / 6.299""",False,Thermaltake,NiC C5,20 dB - 39.9 dB,CLP0608,,"AM2, AM2+, AM3, AM3+, FM1, FM2, FM2+, LGA775, LGA1150, LGA1151, LGA1155, LGA1156, LGA1366, LGA2011, LGA2011-3, LGA2066"
337,,Black,500 - 2300 RPM,,True,Enermax,Liqtech II 360,14 dB - 28 dB,ELC-LTTO360-TBP,360mm,"AM2, AM2+, AM3, AM3+, AM4, FM1, FM2, FM2+, LGA1150, LGA1151, LGA1155, LGA1156, LGA1366, LGA2011, LGA2011-3, LGA2066"
338,Ball,,1000 - 2500 RPM,"110 mm / 4.331""",False,Dynatron,,17 dB - 31.92 dB,R17,,"LGA2011, LGA2011-3, LGA2066"
339,,,2000 RPM,"158 mm / 6.22""",False,Cooler Master,Hyper 212X Dual Fan,9 dB - 36 dB,RR-212X-20PM-A1,,"AM2, AM2+, AM3, AM3+, AM4, FM1, FM2, FM2+, LGA775, LGA1150, LGA1151, LGA1155, LGA1156, LGA1366, LGA2011, LGA2011-3, LGA2066"
340,,,,"159 mm / 6.26""",False,Prolimatech,,26 dB,PRO-MGH-C,,"AM2, AM2+, AM3, AM3+, FM1, FM2, FM2+, LGA775, LGA1150, LGA1151, LGA1155, LGA1156, LGA1366, LGA2011, LGA2011-3, LGA2066"
341,,,500 - 2000 RPM,"65 mm / 2.559""",False,ARCTIC,Alpine 64 GT,,ACALP64-GT,,"AM2, AM2+, AM3, AM3+, AM4, FM1, FM2, FM2+"
342,,,900 - 1800 RPM,"162 mm / 6.378""",False,Enermax,,11 dB - 21 dB,ETS-T40F-TB,,"AM2, AM2+, AM3, AM3+, AM4, FM1, FM2, FM2+, LGA775, LGA1150, LGA1151, LGA1155, LGA1156, LGA1366, LGA2011, LGA2011-3, LGA2066"
343,Ball,,4500 RPM,"14 mm / 0.551""",False,StarTech,,39 dB,FAN7751U,,LGA775
344,,,300 - 1500 RPM,"142 mm / 5.591""",False,Noctua,,19.2 dB - 24.6 dB,NH-C14S,,"AM2, AM2+, AM3, AM3+, AM4, FM1, FM2, FM2+, LGA1150, LGA1151, LGA1155, LGA1156, LGA2011, LGA2011-3, LGA2066"
345,,,900 - 1200 RPM,"160 mm / 6.299""",False,Noctua,,12.6 dB - 19.8 dB,NH-D14,,"AM2, AM2+, AM3, AM3+, AM4, FM1, FM2, FM2+, LGA775, LGA1150, LGA1151, LGA1155, LGA1156, LGA1366"
346,,,500 - 1800 RPM,,True,Deepcool,,17.6 dB - 31.3 dB,CAPTAIN 240EX RGB / DP-GS-H12L-CT240RGB,240mm,"AM2, AM2+, AM3, AM3+, AM4, FM1, FM2, FM2+, LGA1150, LGA1151, LGA1155, LGA1156, LGA1366, LGA2011, LGA2011-3, LGA2066"
347,Fluid Dynamic,,900 - 2000 RPM,"53 mm / 2.087""",False,ARCTIC,Freezer 11 LP,,ACFZ11-LP / UCACO-P2000000-BL,,"LGA775, LGA1150, LGA1151, LGA1155, LGA1156"
348,,,700 - 1200 RPM,"171 mm / 6.732""",False,Phanteks,,13.4 dB - 19 dB,PH-TC14PE,,"AM2, AM2+, AM3, AM3+, AM4, FM1, FM2, FM2+, LGA775, LGA1150, LGA1151, LGA1155, LGA1156, LGA1366, LGA2011, LGA2011-3, LGA2066"
349,,Black / Silver,2000 RPM,,True,Corsair,H115i RGB PLATINUM,37 dB,CW-9060038-WW,280mm,"AM2, AM2+, AM3, AM3+, AM4, FM1, FM2, FM2+, LGA1150, LGA1151, LGA1155, LGA1156, LGA2011, LGA2011-3, LGA2066"
350,,White,900 - 1500 RPM,"159 mm / 6.26""",False,Deepcool,,17.8 dB - 30 dB,NEPTWIN WHITE,,"AM2, AM2+, AM3, AM3+, AM4, FM1, FM2, FM2+, LGA775, LGA1150, LGA1151, LGA1155, LGA1156, LGA1366, LGA2011, LGA2011-3, LGA2066"
351,Ball,,1000 - 2500 RPM,"41 mm / 1.614""",False,Dynatron,,14.7 dB - 29.8 dB,K5,,"LGA1150, LGA1151, LGA1155, LGA1156"
352,,Black,650 - 2000 RPM,,True,Cooler Master,MasterLiquid ML240R RGB Phantom Gaming Edition,6 dB - 30 dB,MLX-D24M-A20PC-RP,240mm,"AM2, AM2+, AM3, AM3+, AM4, FM1, FM2, FM2+, LGA775, LGA1150, LGA1151, LGA1155, LGA1156, LGA1366, LGA2011, LGA2011-3, LGA2066"
353,,Black,800 - 2500 RPM,,True,Asus,ROG RYUO 120 RGB,37 dB,ROG RYUO 120 / 90RC0010-M0UAY0,120mm,"AM2, AM2+, AM3, AM3+, AM4, FM1, FM2, FM2+, LGA1150, LGA1151, LGA1155, LGA1156, LGA1366, TR4"
354,,,,"150 mm / 5.906""",False,ARCTIC,Freezer 33 CO,22.5 dB,ACFRE00031A,,"AM4, LGA1150, LGA1151, LGA1155, LGA1156, LGA2011, LGA2011-3, LGA2066"
355,Sleeve,,300 - 1800 RPM,"163 mm / 6.417""",False,Reeven,Okeanos,4 dB - 23.6 dB,RC-1402,,"AM2, AM2+, AM3, AM3+, FM1, FM2, FM2+, LGA1150, LGA1151, LGA1155, LGA1156, LGA1366, LGA2011, LGA2011-3, LGA2066"
356,,,2500 - 2999 RPM,"37 mm / 1.457""",False,Noctua,,14.8 dB - 23.6 dB,NH-L9i,,"AM4, LGA1150, LGA1151, LGA1155, LGA1156"
357,,,,"75 mm / 2.953""",False,Intel,,,BXTS13A,,"LGA2011, LGA2011-3, LGA2066"
358,,,650 - 2000 RPM,,True,Cooler Master,MasterLiquid ML120L RGB,6 dB - 30 dB,MLW-D12M-A20PC-R1,120mm,"AM2, AM2+, AM3, AM3+, AM4, FM1, FM2, FM2+, LGA775, LGA1150, LGA1151, LGA1155, LGA1156, LGA1366, LGA2011, LGA2011-3, LGA2066"
359,Ball,,800 - 2000 RPM,"152 mm / 5.984""",False,Zalman,,18 dB - 38 dB,CNPS9900ALED,,"AM2, AM2+, AM3, AM3+, FM1, FM2, FM2+, LGA775, LGA1150, LGA1151, LGA1155, LGA1156, LGA1366"
360,,,300 - 1500 RPM,"165 mm / 6.496""",False,Noctua,,19.2 dB - 24.6 dB,NH-U14S TR4-SP3,,TR4
361,,,900 - 1500 RPM,"155 mm / 6.102""",False,Deepcool,,21.4 dB - 32.1 dB,GAMMAXX 400 / CFAN-GAMMAXX400 / DP-MCH4-GMX400,,"AM2, AM2+, AM3, AM3+, AM4, FM1, FM2, FM2+, LGA775, LGA1150, LGA1151, LGA1155, LGA1156, LGA1366, LGA2011, LGA2011-3, LGA2066"
362,,,800 - 2200 RPM,"160 mm / 6.299""",False,Evercool,,38.1 dB,HPQ-12025,,"AM2, AM2+, AM3, AM3+, FM1, FM2, FM2+, LGA775, LGA1150, LGA1151, LGA1155, LGA1156, LGA1366, LGA2011, LGA2011-3, LGA2066"
363,,,900 - 1300 RPM,"170 mm / 6.693""",False,Thermalright,TRUE Spirit 140 POWER,17 dB - 21 dB,TRUE SPIRIT 140 POWER,,"AM2, AM2+, AM3, AM3+, AM4, FM1, FM2, FM2+, LGA775, LGA1150, LGA1151, LGA1155, LGA1156, LGA1366, LGA2011, LGA2011-3, LGA2066"
364,,,,"130 mm / 5.118""",False,ARCTIC,Freezer 12,22.5 dB,ACFRE00027A,,"AM4, LGA1150, LGA1151, LGA1155, LGA1156, LGA2011, LGA2011-3, LGA2066"
365,Sleeve,,1000 - 2200 RPM,"82 mm / 3.228""",False,Silverstone,,,NT06-PRO,,"AM2, AM2+, AM3, AM3+, FM1, FM2, FM2+, LGA775, LGA1150, LGA1151, LGA1155, LGA1156, LGA1366, LGA2011, LGA2011-3, LGA2066"
366,,Brown,450 - 2000 RPM,"158 mm / 6.22""",False,Noctua,NH-U12A,18.8 dB - 22.6 dB,nh-u12a,,"AM2, AM2+, AM3, AM3+, AM4, FM1, FM2, FM2+, LGA1150, LGA1151, LGA1155, LGA1156, LGA2011, LGA2011-3, LGA2066"
367,Rifle,,4500 RPM,"35 mm / 1.378""",False,Cooler Master,,35 dB,DK9-7G52A-0L-GP,,"AM2, AM2+, AM3, AM3+, FM1, FM2, FM2+"
368,,,300 - 1300 RPM,"159 mm / 6.26""",False,Thermalright,,14 dB - 20 dB,Le Grand Macho RT,,"AM2, AM2+, AM3, AM3+, AM4, FM1, FM2, FM2+, LGA775, LGA1150, LGA1151, LGA1155, LGA1156, LGA1366, LGA2011, LGA2011-3, LGA2066"
369,,Black,1400 RPM,"159.4 mm / 6.276""",False,be quiet!,Dark Rock 4,,BK021,,"AM2, AM2+, AM3, AM3+, AM4, FM1, FM2, FM2+, LGA1150, LGA1151, LGA1155, LGA1156, LGA1366, LGA2011, LGA2011-3, LGA2066"
370,,Black,,,True,Corsair,H100x,,CW-9060040-WW,240mm,"AM2, AM2+, AM3, AM3+, AM4, FM1, FM2, FM2+, LGA1150, LGA1151, LGA1155, LGA1156, LGA2011, LGA2011-3, LGA2066"
371,,,,"27 mm / 1.063""",False,Dynatron,,0 dB,T318,,LGA2011-3 Narrow
372,,White,2200 RPM,,True,Corsair,H100i RGB PLATINUM SE,36 dB,CW-9060041-WW,240mm,"AM2, AM2+, AM3, AM3+, AM4, FM1, FM2, FM2+, LGA1150, LGA1151, LGA1155, LGA1156, LGA2011, LGA2011-3, LGA2066, TR4"
373,,,700 - 1300 RPM,"169 mm / 6.654""",False,CRYORIG,R1 Ultimate,23 dB,CR-R1A,,"AM2, AM2+, AM3, AM3+, AM4, FM1, FM2, FM2+, LGA775, LGA1150, LGA1151, LGA1155, LGA1156, LGA1366, LGA2011, LGA2011-3, LGA2066"
374,Fluid Dynamic,,2400 RPM,"56 mm / 2.205""",False,SilenX,,8 dB - 24 dB,EFZ-92HA2,,"AM2, AM2+, AM3, AM3+, FM1, FM2, FM2+, LGA775, LGA1150, LGA1151, LGA1155, LGA1156"
375,Sleeve,,800 - 2800 RPM,"84 mm / 3.307""",False,Cooler Master,Vortex Plus,17 dB - 35 dB,RR-VTPS-28PK-R1,,"AM2, AM2+, AM3, AM3+, FM1, FM2, FM2+, LGA775, LGA1150, LGA1151, LGA1155, LGA1156, LGA1366"
376,Ball,,1700 - 3100 RPM,"70 mm / 2.756""",False,Rosewill,,18 dB - 33.4 dB,RCX-Z1,,"AM2, AM2+, AM3, AM3+, FM1, FM2, FM2+"
377,,,500 - 1300 RPM,"161 mm / 6.339""",False,Scythe,Ashura,13 dB - 30.7 dB,SCASR-1000,,"AM2, AM2+, AM3, AM3+, AM4, FM1, FM2, FM2+, LGA775, LGA1150, LGA1151, LGA1155, LGA1156, LGA1366, LGA2011, LGA2011-3, LGA2066"
