,Cache,Capacity,Color,Form Factor,GB/$1.00,Hybrid SSD Cache,Interface,Manufacturer,Model,NAND Flash Type,Part Number,Power Loss Protection,Price/GB,RPM,SSD Controller
0,256 MB,8 TB,,"3.5""",25.32,,SATA 6 Gb/s,Western Digital,,,WD8003FRYZ,,$0.039,7200,
1,,1 TB,,M.2-2280,7.14,,M.2 (M),Silicon Power,,,SP001TBP34A80M28,,$0.140,,
2,,120 GB,,"2.5""",4.01,,SATA 6 Gb/s,Team,,,T253L7120GTC101,,$0.249,,
3,,480 GB,,"2.5""",8.00,,SATA 6 Gb/s,Kingston,,,SA400S37/480G,,$0.125,,
4,,250 GB,Black,"2.5""",5.21,,SATA 6 Gb/s,Team,,,T253TR250G3C313,,$0.192,,
5,64 MB,6 TB,,"3.5""",31.60,,SATA 6 Gb/s,Western Digital,,,WD60EFRX,,$0.032,5400,
6,,525 GB,,M.2-2280,3.75,,M.2 (B+M),Crucial,,TLC (toggle),CT525MX300SSD4,,$0.266,,
7,,256 GB,,M.2-2280,2.13,,M.2 (M),Sabrent,,,SB-ROCKET-256,,$0.469,,
8,64 MB,2 TB,,"3.5""",10.67,,SATA 6 Gb/s,Seagate,,,ST2000VN000,,$0.094,5900,
9,,1.6 TB,Black,PCI-E,1.09,,PCI-Express x4,Corsair,,,CSSD-N1600GBNX500,,$0.916,,
10,,480 GB,,"2.5""",6.01,,SATA 6 Gb/s,SanDisk,,,SDSSDA-480G-G25,,$0.166,,
11,16 MB,250 GB,,"2.5""",9.26,,SATA 3 Gb/s,Western Digital,,,WD2500BEKT,,$0.108,7200,
12,,240 GB,,M.2-2280,3.03,,M.2 (M),PNY,,,M280CS2030-240-RB,,$0.330,,
13,,480 GB,Black,"2.5""",8.02,,SATA 6 Gb/s,Crucial,,,CT480BX500SSD1,,$0.125,,
14,,250 GB,Black,M.2-2280,2.89,,M.2 (M),Samsung,,,MZ-V7S250B/AM / MZ-V7S250BW,,$0.346,,
15,,2 TB,Black / Blue,"2.5""",8.89,,SATA 6 Gb/s,Western Digital,,,WDS200T2B0A,,$0.112,,
16,,500 GB,,"2.5""",6.26,,SATA 6 Gb/s,Western Digital,,,WDS500G1B0A,,$0.160,,
17,256 MB,10 TB,,"3.5""",22.78,,SATA 6 Gb/s,Western Digital,,,WD101KRYZ,,$0.044,7200,
18,,256 GB,Blue,M.2-2280,6.40,,M.2 (B+M),Inland,,,256GB NVME SSD,,$0.156,,
19,64 MB,3 TB,,"3.5""",37.50,,SATA 6 Gb/s,Toshiba,,,HDWD130XZSTA,,$0.027,7200,
20,32 MB,500 GB,,"3.5""",12.82,,SATA 6 Gb/s,Seagate,,,ST500DM009,,$0.078,5400,
21,,512 GB,,"2.5""",2.58,,SATA 6 Gb/s,SanDisk,,,SD8SB8U-512G-1122,,$0.388,,
22,64 MB,1 TB,,"3.5""",11.12,,SATA 6 Gb/s,Western Digital,,,WD1002FAEX,,$0.090,7200,
23,128 MB,8 TB,,"3.5""",15.55,,SATA 6 Gb/s,Western Digital,,,WD80EFZX,,$0.064,5400,
24,,1 TB,,"2.5""",10.00,,SATA 6 Gb/s,ADATA,,,ASU800SS-1TT-C,,$0.100,,
25,,480 GB,,"2.5""",7.21,,SATA 6 Gb/s,Silicon Power,,,SP480GBSS3S55S25,,$0.139,,
26,,128 GB,,"2.5""",1.16,,SATA 6 Gb/s,Kingston,,,SKC400S37/128G,,$0.859,,PHISON PS3110
27,64 MB,2 TB,,"3.5""",26.67,,SATA 6 Gb/s,Western Digital,,,WD20EFRX,,$0.037,5400,
28,256 MB,6 TB,,"3.5""",30.00,,SATA 6 Gb/s,Seagate,,,ST6000NE0023,,$0.033,7200,
29,128 MB,4 TB,,"3.5""",35.65,,SATA 6 Gb/s,Toshiba,,,HDWQ140XZSTA,,$0.028,7200,
30,,1 TB,,"2.5""",3.33,,SATA 6 Gb/s,Samsung,,,MZ-75E1T0B/AM / MZ-75E1T0B/EU / MZ-75E1T0BW/EU / MZ-75E1T0BW,,$0.300,,
31,128 MB,2 TB,,"2.5""",7.19,,SATA 6 Gb/s,Seagate,,,ST2000NX0403,,$0.139,7200,
32,64 MB,4 TB,,"3.5""",45.08,,SATA 6 Gb/s,Seagate,,,ST4000DM000,,$0.022,5900,
33,,1.05 TB,,M.2-2280,3.50,,M.2 (B+M),Crucial,,TLC (toggle),CT1050MX300SSD4,,$0.286,,
34,128 MB,4 TB,,"2.5""",30.77,,SATA 6 Gb/s,Seagate,,,ST4000LM016,,$0.032,5400,
35,128 MB,500 GB,,"2.5""",10.56,,SATA 6 Gb/s,Seagate,,,ST500LM034,,$0.095,7200,
36,16 MB,500 GB,,"3.5""",12.50,,SATA 3 Gb/s,Samsung,,,HD502HJ,,$0.080,7200,
37,64 MB,5 TB,,"3.5""",22.73,,SATA 6 Gb/s,Western Digital,,,WD50EZRZ,,$0.044,5400,
38,,250 GB,White,"2.5""",5.00,,SATA 6 Gb/s,Team,,,T253TR250G3C413,,$0.200,,
39,32 MB,1 TB,,"3.5""",14.29,,SATA 6 Gb/s,Seagate,,,ST31000333AS,,$0.070,7200,
40,256 MB,6 TB,,"3.5""",22.96,,SATA 6 Gb/s,Seagate,,,ST6000NM0175,,$0.044,7200,
41,256 MB,6 TB,Silver,"3.5""",35.30,,SATA 6 Gb/s,Seagate,,,ST6000VN0033,,$0.028,7200,
42,,1.6 TB,,PCI-E,2.13,,PCI-Express x4,Intel,,,SSDPEDME016T401,,$0.469,,
43,2 GB,2 TB,Black,"2.5""",4.04,,SATA 6 Gb/s,Samsung,,,MZ-76P2T0BW / MZ-76P2T0B/EU,,$0.247,,
44,64 MB,3 TB,,"3.5""",27.30,,SATA 6 Gb/s,Seagate,,,ST3000DM001,,$0.037,7200,
45,,960 GB,,"2.5""",6.81,,SATA 6 Gb/s,ADATA,,,ASU650SS-960GT-C,,$0.147,,
46,,32 GB,,"2.5""",1.39,,SATA 6 Gb/s,Transcend,,,TS32GSSD370S,,$0.718,,
47,,1 TB,Black / Blue,"2.5""",8.70,,SATA 6 Gb/s,Western Digital,,,WDS100T2B0A,,$0.115,,
48,1 GB,1 TB,Black,M.2-2280,7.41,,M.2 (M),HP,,,2YY47AA#ABC,,$0.135,,
49,,500 GB,Black,M.2-2280,4.76,,M.2 (M),Western Digital,,,WDS500G3X0C / WDS500G3X0C-00SJG0,,$0.210,,
50,,4 TB,,"2.5""",7.30,,SATA 6 Gb/s,Samsung,,,MZ-76Q4T0B/AM / MZ-76Q4T0BW,,$0.137,,
51,,240 GB,Black,M.2-2280,3.34,,M.2 (M),ADATA,XPG SX8200 240,,ASX8200NP-240GT-C,,$0.299,,
52,,250 GB,,mSATA,3.68,,mSATA,Samsung,,,MZ-M6E250BW,,$0.272,,
53,,960 GB,,"2.5""",3.43,,SATA 6 Gb/s,ADATA,SP550,,ASP550SS3-960GM-C,,$0.292,,
54,64 MB,2 TB,,"3.5""",40.04,,SATA 6 Gb/s,Western Digital,,,WD20EURX,,$0.025,5400,
55,,120 GB,,"2.5""",2.87,,SATA 6 Gb/s,Kingston,,,SUV400S37/120G,,$0.348,,
56,,512 GB,Black,M.2-2280,6.02,,M.2 (M),ADATA,,,ASX8200PNP-512GT-C,,$0.166,,
57,,1.2 TB,,"2.5""",5.48,,PCI-Express x4,Intel,,,SSDPE2ME012T401,,$0.183,,
58,64 MB,2 TB,,"3.5""",15.93,,SATA 3 Gb/s,Western Digital,,,WD2003FYYS,,$0.063,7200,
59,256 MB,8 TB,,"3.5""",26.98,,SATA 6 Gb/s,Seagate,,,ST8000NM0206,,$0.037,7200,
60,,500 GB,,"2.5""",5.56,,SATA 6 Gb/s,Crucial,,MLC,CT500BX100SSD1,,$0.180,,Silicon Motion SM2246EN
61,,1.6 TB,,PCI-E,1.70,,PCI-Express x4,Intel,,,SSDPEDMD016T401,,$0.587,,
62,64 MB,1 TB,,"3.5""",14.29,8.59 GB,SATA 6 Gb/s,Seagate,,,ST1000DX002,,$0.070,7200,
63,64 MB,500 GB,,"3.5""",8.33,,SATA 6 Gb/s,Western Digital,,,WD5003ABYZ,,$0.120,7200,
64,64 MB,2 TB,,"3.5""",29.07,,SATA 6 Gb/s,Western Digital,,,WD20PURZ,,$0.034,5400,
65,,800 GB,,"1.8""",1.96,,SATA 6 Gb/s,Intel,,MLC,SSDSC1NB800G401,,$0.510,,
66,,240 GB,Black / Orange,"2.5""",1.71,,SATA 6 Gb/s,ADATA,,,ASX950SS-240GM-C,,$0.583,,
67,64 MB,1 TB,,"3.5""",18.87,,SATA 6 Gb/s,Seagate,,,ST1000VX005,,$0.053,5900,
68,64 MB,1 TB,,"3.5""",13.70,,SATA 6 Gb/s,Western Digital,,,WD1003FZEX,,$0.073,7200,
69,,1 TB,,M.2-2280,6.25,,M.2 (B+M),Western Digital,,,WDS100T1B0B,,$0.160,,
70,,480 GB,,"2.5""",2.67,,SATA 6 Gb/s,Crucial,,,CT480BX200SSD1,,$0.375,,
71,,128 GB,,"2.5""",5.12,,SATA 6 Gb/s,MyDigitalSSD,,,MDS7-BP5e-0128G,,$0.195,,
72,,240 GB,,"2.5""",6.02,,SATA 6 Gb/s,Western Digital,,,WDS240G2G0A,,$0.166,,
73,,2 TB,,PCI-E,0.88,,PCI-Express x4,Intel,,,SSDPEDMD020T401,,$1.132,,
74,,500 GB,,"2.5""",5.95,,SATA 6 Gb/s,Seagate,,,STGS500401,,$0.168,,
75,,512 GB,,"2.5""",6.18,,SATA 6 Gb/s,Transcend,,,TS512GSSD230S,,$0.162,,
76,,250 GB,Black / Blue,"2.5""",5.01,,SATA 6 Gb/s,Western Digital,,,WDS250G2B0A,,$0.200,,
77,2 GB,2 TB,Black,"2.5""",6.71,,SATA 6 Gb/s,Samsung,,,MZ-76E2T0B/AM / MZ-76E2T0B/EU,,$0.149,,
78,256 MB,8 TB,,"3.5""",29.80,,SATA 6 Gb/s,Seagate,,,ST8000NM0105,,$0.034,7200,
79,,500 GB,,"2.5""",4.17,,SATA 6 Gb/s,Samsung,,TLC (toggle),MZ-7TE500BW,,$0.240,,Samsung MEX
80,128 MB,5 TB,,"3.5""",45.46,,SATA 6 Gb/s,Toshiba,,,HDWE150XZSTA,,$0.022,7200,
81,32 MB,4 TB,,"3.5""",24.24,,SATA 3 Gb/s,Western Digital,,,WDBSLA0040HNC-NRSN,,$0.041,7200,
82,128 MB,6 TB,,"3.5""",35.30,,SATA 6 Gb/s,Seagate,,,ST6000VN0041,,$0.028,7200,
83,32 MB,500 GB,,"3.5""",25.01,,SATA 3 Gb/s,Western Digital,,,WD5000AADS,,$0.040,5400,
84,64 MB,2 TB,,"3.5""",25.03,,SATA 6 Gb/s,Seagate,,,ST2000DL003,,$0.040,5900,
85,,120 GB,,"2.5""",3.87,,SATA 6 Gb/s,Western Digital,,,WDS120G2G0A,,$0.259,,
86,,2 TB,,M.2-2280,5.26,,M.2 (M),Intel,,,SSDPEKKW020T8X1,,$0.190,,
87,64 MB,2 TB,,"3.5""",19.23,,SATA 3 Gb/s,Western Digital,,,WD2002FYPS,,$0.052,5900,
88,,500 GB,Blue,M.2-2280,6.76,,M.2 (M),Mushkin,,,MKNSSDPL500GB-D8,,$0.148,,
89,128 MB,2 TB,,"3.5""",16.52,,SATA 6 Gb/s,Seagate,,,ST2000NM0125,,$0.061,7200,
90,2 GB,2 TB,,M.2-2280,6.04,,M.2 (B+M),Samsung,,,MZ-N6E2T0BW,,$0.166,,
91,,256 GB,Blue,M.2-2280,4.27,,M.2 (B+M),Gigabyte,,,GP-GSM2NE8256GNTD,,$0.234,,
92,64 MB,3 TB,,"3.5""",24.28,,SATA 6 Gb/s,Seagate,,,ST3000VM002,,$0.041,5900,
93,32 MB,1 TB,,"3.5""",14.49,,SATA 3 Gb/s,Hitachi,E7K1000,,HDE721010SLA330,,$0.069,7200,
94,,500 GB,Black,M.2-2280,7.71,,M.2 (M),HP,,,2YY44AA#ABC,,$0.130,,
95,,256 GB,,M.2-2280,4.89,,M.2 (B+M),ADATA,,,ASU800NS38-256GT-C,,$0.204,,
96,,128 GB,Black,M.2-2280,5.12,,M.2 (B+M),Team,,,TM8PS7128G0C101,,$0.195,,
97,,512 GB,,"2.5""",5.13,,SATA 6 Gb/s,Silicon Power,,,SP512GBSS3A55S25,,$0.195,,
98,8 MB,750 GB,,"2.5""",17.06,,SATA 3 Gb/s,Western Digital,,,WD7500BPVT,,$0.059,5400,
99,,240 GB,,"2.5""",7.27,,SATA 6 Gb/s,SanDisk,,,SDSSDA-240G-G26,,$0.137,,
100,,240 GB,,"2.5""",8.57,,SATA 6 Gb/s,Team,,,T2535T240G0C101,,$0.117,,
101,,1 TB,,"2.5""",7.14,,SATA 6 Gb/s,Seagate,,,STGS1000401,,$0.140,,
102,,256 GB,,M.2-2260,1.87,,M.2 (B+M),Transcend,,MLC (synchronous),TS256GMTS600,,$0.535,,Silicon Motion
103,64 MB,3 TB,,"3.5""",26.11,,SATA 6 Gb/s,Toshiba,,,PH3300U-1I72,,$0.038,7200,
104,256 MB,6 TB,,"3.5""",27.29,,SATA 6 Gb/s,Seagate,,,ST6000DM004,,$0.037,7200,
105,256 MB,8 TB,,"3.5""",37.06,,SATA 6 Gb/s,Seagate,,,ST8000NM0045,,$0.027,7200,
106,,256 GB,,M.2-2280,4.83,,M.2 (M),Intel,,,SSDPEKKW256G8XT,,$0.207,,
107,256 MB,10 TB,,"3.5""",29.50,,SATA 6 Gb/s,Hitachi,,,0F27352,,$0.034,7200,
108,,240 GB,,"2.5""",3.58,,SATA 6 Gb/s,Kingston,,,SUV500B/240G,,$0.279,,
109,,120 GB,,M.2-2280,3.01,,M.2 (B+M),Western Digital,,,WDS120G1G0B,,$0.332,,
110,,128 GB,,M.2-2280,3.66,,M.2 (B+M),Intel,,,SSDSCKKW128G8X1,,$0.273,,
111,8 MB,500 GB,,"3.5""",14.29,,SATA 3 Gb/s,Western Digital,,,WD5000AAJS,,$0.070,7200,
112,,120 GB,Black,"2.5""",6.16,,SATA 6 Gb/s,HP,,,4FZ32AA#ABC,,$0.162,,
113,,1.92 TB,,"2.5""",5.52,,SATA 6 Gb/s,Kingston,,,SUV500B/1920G,,$0.181,,
114,16 MB,500 GB,,"2.5""",13.16,,SATA 3 Gb/s,Seagate,,,ST9500423AS,,$0.076,7200,
115,,60 GB,,"2.5""",1.28,,SATA 6 Gb/s,Corsair,,,CSSD-F60GBLSB,,$0.783,,
116,256 MB,10 TB,,"3.5""",34.48,,SATA 6 Gb/s,Toshiba,,,HDWG11AXZSTA,,$0.029,7200,
117,,512 GB,,M.2-2280,6.40,,M.2 (B+M),Intel,,,SSDSCKKW512G8X1,,$0.156,,
118,,256 GB,,"2.5""",5.82,,SATA 6 Gb/s,Transcend,,,TS256GSSD230S,,$0.172,,
119,,500 GB,Black,M.2-2280,7.14,,M.2 (M),Crucial,,,CT500P1SSD8,,$0.140,,
120,,128 GB,,M.2-2280,2.78,,M.2 (M),Samsung,,,MZVLW128HEGR-00000,,$0.359,,
121,16 MB,320 GB,,"2.5""",10.67,,SATA 3 Gb/s,Hitachi,,,0A78743,,$0.094,7200,
122,512 MB,512 GB,Black,"2.5""",7.54,,SATA 6 Gb/s,Gigabyte,UD PRO 512,,GP-GSTFS30512GTTD,,$0.133,,
123,,512 GB,,M.2-2280,5.39,,M.2 (M),Plextor,,,PX-512M9PeG,,$0.186,,
124,16 MB,500 GB,,"3.5""",17.43,,SATA 3 Gb/s,Western Digital,,,WD5002ABYS,,$0.057,7200,
125,,240 GB,,"2.5""",7.77,,SATA 6 Gb/s,ADATA,,,ASU650SS-240GT-R,,$0.129,,
126,,250 GB,,"2.5""",5.04,,SATA 6 Gb/s,Western Digital,,,WDS250G1B0A,,$0.198,,
127,,250 GB,,M.2-2280,2.82,,M.2 (B+M),Western Digital,,,WDS250G1B0B,,$0.355,,
128,,1.5 TB,Black / Blue,PCI-E,0.60,,PCI-Express x4,Intel,,,SSDPED1D015TAX1,,$1.669,,
129,64 MB,1 TB,,"3.5""",22.28,,SATA 6 Gb/s,Western Digital,,,WD10EZEX,,$0.045,7200,
130,16 MB,500 GB,,"3.5""",7.15,,SATA 6 Gb/s,Western Digital,,,WD5000AAKX,,$0.140,7200,
131,,120 GB,,"2.5""",4.82,,SATA 6 Gb/s,Silicon Power,,,SP120GBSS3S55S25,,$0.207,,
132,,120 GB,,"2.5""",3.01,,SATA 6 Gb/s,Kingston,,,SUV500B/120G,,$0.332,,Samsung MAX
133,256 MB,8 TB,,"3.5""",33.63,,SATA 6 Gb/s,Seagate,,,ST8000VX0022,,$0.030,5900,
134,,400 GB,,PCI-E,1.45,,PCI-Express x4,Corsair,,,CSSD-N400GBNX500,,$0.687,,
135,,2.05 TB,,"2.5""",3.73,,SATA 6 Gb/s,Crucial,,,CT2050MX300SSD1,,$0.268,,
136,128 MB,8 TB,,"3.5""",40.51,,SATA 6 Gb/s,Toshiba,,,HDWN180XZSTA,,$0.025,7200,
137,,120 GB,Black,"2.5""",4.69,,SATA 6 Gb/s,Gigabyte,,,GP-GSTFS31120GNTD,,$0.213,,
138,,240 GB,Blue / Black,M.2-2280,5.33,,M.2 (M),Lexar,,,LNM600-240RBNA,,$0.187,,
139,,275 GB,,"2.5""",1.90,,SATA 6 Gb/s,Crucial,,,CT275MX300SSD1,,$0.525,,
140,16 MB,750 GB,,"2.5""",14.71,,SATA 3 Gb/s,Seagate,,,ST9750420AS,,$0.068,7200,
141,512 MB,500 GB,,"2.5""",7.16,,SATA 6 Gb/s,Crucial,,,CT500MX500SSD1,,$0.140,,
142,,512 GB,,M.2-2280,2.33,,M.2 (M),Samsung,,,MZVLW512HMJP-00000,,$0.430,,
143,16 MB,250 GB,,"3.5""",12.82,,SATA 6 Gb/s,Western Digital,,,WD2500AAKX,,$0.078,7200,
144,64 MB,6 TB,,"3.5""",31.09,,SATA 6 Gb/s,Western Digital,,,WD60PURX,,$0.032,5400,
145,,256 GB,,M.2-2280,5.12,,M.2 (M),Plextor,,,PX-256M9PeGN,,$0.195,,
146,,2 TB,,"2.5""",2.67,,SATA 6 Gb/s,Samsung,,,MZ-75E2T0B/AM / MZ-75E2T0B/EU,,$0.375,,
147,,960 GB,Black / Blue,PCI-E,0.83,,PCI-Express x4,Intel,,,SSDPED1D960GAX1,,$1.198,,
148,,32 GB,,M.2-2242,0.68,,M.2 (B+M),Transcend,,MLC (synchronous),TS32GMTS400,,$1.468,,Silicon Motion
149,256 MB,6 TB,,"3.5""",26.16,,SATA 6 Gb/s,Western Digital,,,WD6003FZBX,,$0.038,7200,
150,32 MB,1 TB,,"2.5""",16.13,,SATA 6 Gb/s,Western Digital,,,WD10JPLX,,$0.062,7200,
151,64 MB,3 TB,,"3.5""",33.37,,SATA 3 Gb/s,Toshiba,,,HDKPC08,,$0.030,7200,
152,16 MB,320 GB,,"3.5""",11.39,,SATA 6 Gb/s,Western Digital,,,WD3200AAKX,,$0.088,7200,
153,8 MB,750 GB,,"2.5""",9.73,,SATA 3 Gb/s,Western Digital,,,WD7500KPVT,,$0.103,5200,
154,,256 GB,Blue / Black,M.2-2280,6.10,,M.2 (M),Team,,,TM8FP4256G0C101,,$0.164,,
155,16 MB,250 GB,,"3.5""",10.66,,SATA 6 Gb/s,Seagate,,,ST250DM000,,$0.094,7200,
156,,120 GB,,"2.5""",4.29,,SATA 6 Gb/s,SanDisk,,,SDSSDA-120G-G26,,$0.233,,
157,256 MB,10 TB,,"3.5""",35.09,,SATA 6 Gb/s,Seagate,,,ST10000VN0004,,$0.028,7200,
158,128 MB,4 TB,,"3.5""",19.42,,SATA 6 Gb/s,Seagate,,,ST4000NM0245,,$0.052,7200,
159,64 MB,2 TB,,"3.5""",16.67,,SATA 6 Gb/s,Western Digital,,,WD2000F9YZ,,$0.060,7200,
160,,960 GB,,"2.5""",2.13,,SATA 6 Gb/s,PNY,,,SSD7CS1311-960-RB,,$0.469,,
161,16 MB,2 TB,,"3.5""",32.79,,SAS 6 Gb/s,Seagate,,,ST32000444SS,,$0.030,7200,
162,256 MB,12 TB,,"3.5""",32.42,,SATA 6 Gb/s,Seagate,,,ST12000VN0007,,$0.031,7200,
163,,256 GB,,"2.5""",1.56,,SATA 6 Gb/s,SanDisk,,,SD8SBAT-256G-1122,,$0.641,,
164,64 MB,3 TB,,"3.5""",55.40,,SATA 6 Gb/s,Hitachi,HDS723030ALA640,,0F12450,,$0.018,7200,
165,,1.92 TB,,M.2-22110,1.59,,M.2 (M),Seagate,,,XP1920LE30012,,$0.628,,
166,,120 GB,,"2.5""",0.41,,SATA 6 Gb/s,Samsung,,TLC (toggle),MZ-7TD120KW,,$2.454,,Samsung MDX
167,128 MB,4 TB,,"3.5""",26.69,,SATA 6 Gb/s,Western Digital,,,WD4002FYYZ,,$0.037,7200,
168,128 MB,4 TB,,"3.5""",17.39,,SATA 6 Gb/s,Hitachi,,,0S04005,,$0.057,7200,
169,,120 GB,Black / Yellow,"2.5""",4.82,,SATA 6 Gb/s,Mushkin,,,MKNSSDSR120GB,,$0.207,,
170,128 MB,4 TB,,"2.5""",31.75,,SATA 6 Gb/s,Seagate,,,ST4000LM024,,$0.031,5400,
171,2 GB,2 TB,Black,M.2-2280,3.82,,M.2 (M),Samsung,,,MZ-V7E2T0BW,,$0.261,,
172,,1 TB,,"2.5""",3.33,,SATA 6 Gb/s,Samsung,,3D V-NAND,MZ-7KE1T0BW,,$0.300,,Samsung MEX
173,,480 GB,,"2.5""",5.33,,SATA 6 Gb/s,PNY,,,SSD7CS1311-480-RB,,$0.187,,
174,64 MB,2 TB,,"3.5""",37.74,,SATA 6 Gb/s,Western Digital,,,WD20EZRZ,,$0.026,5400,
175,8 MB,500 GB,,"2.5""",13.51,,SATA 3 Gb/s,Hitachi,,,0J11285,,$0.074,5400,
176,256 MB,256 GB,,"2.5""",4.66,,SATA 6 Gb/s,Gigabyte,UD PRO 256,,GP-GSTFS30256GTTD,,$0.215,,
177,16 MB,500 GB,,"2.5""",13.16,,SATA 3 Gb/s,Seagate,,,ST9500420AS,,$0.076,7200,
178,,960 GB,Black / Red,"2.5""",7.51,,SATA 6 Gb/s,SanDisk,,,SDSSDA-960G-G26,,$0.133,,
179,,240 GB,,"2.5""",4.04,,SATA 6 Gb/s,Kingston,,Varies,SV300S3N7A/240G,,$0.248,,Sandforce SF-2281
180,8 MB,1 TB,,"2.5""",18.90,,SATA 6 Gb/s,Seagate,,,ST1000LM024,,$0.053,5400,
181,,250 GB,Black / Yellow,"2.5""",7.17,,SATA 6 Gb/s,Mushkin,,,MKNSSDSR250GB,,$0.140,,
182,,480 GB,Gold,"2.5""",8.74,,SATA 6 Gb/s,Team,,,T253TD480G3C101,,$0.114,,
183,256 MB,900 GB,,"2.5""",3.08,,SAS 12 Gb/s,Seagate,,,ST900MP0006,,$0.324,15000,
184,,250 GB,,"2.5""",5.52,,SATA 6 Gb/s,Seagate,,,STGS250401,,$0.181,,
185,,500 GB,Black / Blue,"2.5""",7.71,,SATA 6 Gb/s,Western Digital,,,WDS500G2B0A,,$0.130,,
186,,1 TB,,M.2-2280,3.63,,M.2 (B+M),SanDisk,,,SD8SN8U-1T00-1122,,$0.275,,
187,512 MB,512 GB,Black,"2.5""",3.66,,SATA 6 Gb/s,Samsung,,,MZ-76P512BW / MZ-76P512B/EU,,$0.273,,
188,,64 GB,,M.2-2280,2.03,,M.2 (B+M),Transcend,,MLC (synchronous),TS64GMTS800,,$0.492,,Silicon Motion
189,256 MB,10 TB,,"3.5""",37.18,,SATA 6 Gb/s,Western Digital,,,WD100PURZ,,$0.027,5400,
190,,480 GB,Black,M.2-2280,4.18,,M.2 (M),ADATA,XPG SX8200 480,,ASX8200NP-480GT-C,,$0.239,,
191,,500 GB,,"2.5""",10.00,8.59 GB,SATA 6 Gb/s,Seagate,,,ST500LX025,,$0.100,5400,
192,64 MB,6 TB,,"3.5""",20.73,,SATA 6 Gb/s,Western Digital,,,WD60EZRX,,$0.048,5400,
193,,250 GB,,"2.5""",2.09,,SATA 6 Gb/s,Samsung,,,MZ-75E250B/AM / MZ-75E250B/EU / MZ-75E250BW/EU / MZ-75E250BW,,$0.480,,
194,,240 GB,,"2.5""",8.28,,SATA 6 Gb/s,TCSunBow,,,X3-240GB,,$0.121,,
195,64 MB,500 GB,,"3.5""",21.79,,SATA 3 Gb/s,Western Digital,,,WD5003ABYX,,$0.046,7200,
196,8 MB,500 GB,,"3.5""",11.07,,SATA 3 Gb/s,Seagate,,,ST3500312CS,,$0.090,5900,
197,,128 GB,,M.2-2280,3.20,,M.2 (M),Intel,,,SSDPEKKW128G8XT,,$0.312,,
198,,120 GB,,"2.5""",5.46,,SATA 6 Gb/s,PNY,,,SSD7CS900-120-PB,,$0.183,,
199,,128 GB,Black / Red,"2.5""",4.57,,SATA 6 Gb/s,ADATA,,,SSD-SX850-128G,,$0.219,,
200,8 MB,1 TB,,"2.5""",7.84,,SATA 3 Gb/s,Western Digital,,,WD10TPVT,,$0.128,5200,
201,,1 TB,,"2.5""",7.14,,SATA 6 Gb/s,Mushkin,,,MKNSSDRE1TB,,$0.140,,
202,64 MB,6 TB,,"3.5""",34.88,,SATA 6 Gb/s,Hitachi,,,0F18335,,$0.029,7200,
203,64 MB,2 TB,,"3.5""",16.37,8.389 GB,SATA 6 Gb/s,Seagate,,,ST2000DX001,,$0.061,7200,
204,,500 GB,,mSATA,5.19,,mSATA,Samsung,,,MZ-M6E500BW,,$0.193,,
205,8 MB,160 GB,,"3.5""",10.01,,SATA 3 Gb/s,Western Digital,,,WD1600AAJS,,$0.100,7200,
206,,480 GB,,M.2-2280,5.05,,M.2 (B+M),Kingston,,,SUV500M8/480G,,$0.198,,
207,,128 GB,,"2.5""",3.67,,SATA 6 Gb/s,ADATA,,MLC (synchronous),ASP920SS3-128GM-C,,$0.273,,Marvell 9189
208,,240 GB,,"2.5""",5.85,,SATA 6 Gb/s,Transcend,,TLC (toggle),TS240GSSD220S,,$0.171,,
209,,1 TB,,M.2-2280,7.70,,M.2 (B+M),Crucial,,,CT1000MX500SSD4,,$0.130,,
210,512 MB,512 GB,Black,M.2-2280,3.20,,M.2 (M),Samsung,,,MZ-V7P512BW,,$0.312,,
211,,1 TB,,"2.5""",4.00,,SATA 6 Gb/s,Crucial,,,CT1000MX200SSD1,,$0.250,,
212,,480 GB,Black,"2.5""",0.94,,U.2,Intel,,,SSDPE21D480GAX1,,$1.062,,
213,128 MB,2 TB,,"2.5""",7.45,,SATA 6 Gb/s,Seagate,,,ST2000NX0253,,$0.134,7200,
214,64 MB,3 TB,,"3.5""",61.87,,SATA 6 Gb/s,Hitachi,7K3000,,HUA723030ALA640,,$0.016,7200,
215,16 MB,500 GB,,"2.5""",14.65,,SATA 3 Gb/s,Seagate,,,ST500LT012,,$0.068,5400,
216,,1 TB,,"2.5""",2.00,,SATA 6 Gb/s,Crucial,,MLC,CT1000BX100SSD1,,$0.500,,Silicon Motion SM2246EN
217,,120 GB,,"2.5""",5.46,,SATA 6 Gb/s,ADATA,,,ASU650SS-120GT-R,,$0.183,,
218,128 MB,4 TB,,"3.5""",25.08,,SATA 6 Gb/s,Seagate,,,ST4000NM0115,,$0.040,7200,
219,,256 GB,,M.2-2280,4.65,,M.2 (M),Plextor,,,PX-256M9PeG,,$0.215,,
220,,120 GB,,"2.5""",2.67,,SATA 6 Gb/s,Corsair,,,CSSD-F120GBLE200B,,$0.374,,
221,64 MB,4 TB,,"3.5""",26.67,,SATA 6 Gb/s,Western Digital,,,WD4000F9YZ,,$0.037,7200,
222,,380 GB,Black,M.2-22110,0.83,,M.2 (M),Intel,,,SSDPEL1D380GAX1,,$1.210,,
223,128 MB,5 TB,,"2.5""",34.97,,SATA 6 Gb/s,Seagate,,,ST5000LM000,,$0.029,5400,
224,32 MB,1 TB,,"3.5""",17.54,,SATA 3 Gb/s,Western Digital,,,WD1001FALS,,$0.057,7200,
225,256 MB,128 GB,Green / Black,M.2-2280,4.00,,M.2 (B+M),Plextor,,,PX-128M8VG,,$0.250,,
226,16 MB,500 GB,,"3.5""",17.25,,SATA 3 Gb/s,Seagate,,,ST3500418AS,,$0.058,7200,
227,,120 GB,,"2.5""",3.01,,SATA 6 Gb/s,Silicon Power,S60 3K P/E,MLC (toggle),SP120GBSS3S60S25,,$0.332,,
228,4 GB,4 TB,Black,"2.5""",4.23,,SATA 6 Gb/s,Samsung,,,MZ-76P4T0BW / MZ-76P4T0B/EU,,$0.236,,
229,64 MB,2 TB,,"3.5""",34.22,,SATA 6 Gb/s,Seagate,,,ST2000DM001,,$0.029,7200,
230,128 MB,6 TB,,"3.5""",14.12,,SATA 6 Gb/s,Western Digital,,,WD6001F9YZ,,$0.071,7200,
231,,1 TB,Blue / Black,M.2-2280,6.25,,M.2 (M),Team,,,TM8FP4001T0C101,,$0.160,,
232,128 MB,6 TB,,"3.5""",41.38,,SATA 6 Gb/s,Toshiba,,,HDWE160XZSTA,,$0.024,7200,
233,256 MB,2 TB,,"3.5""",29.00,,SATA 6 Gb/s,Seagate,,,ST2000DM005,,$0.034,5400,
234,,1 TB,Black,M.2-2280,6.25,,M.2 (M),HP,,,5MS23AA#ABC,,$0.160,,
235,64 MB,2 TB,,"3.5""",22.25,,SATA 6 Gb/s,Western Digital,,,WD20EARX,,$0.045,5400,
236,64 MB,1 TB,,"3.5""",17.59,,SATA 6 Gb/s,Seagate,,,ST1000DM004,,$0.057,7200,
237,128 MB,4 TB,,"3.5""",50.73,,SAS 6 Gb/s,Seagate,,,ST4000NM0023,,$0.020,7200,
238,,2 TB,Green / Blue,M.2-2280,5.95,,M.2 (M),Mushkin,,,MKNSSDPL2TB-D8,,$0.168,,
239,,240 GB,,"2.5""",7.58,,SATA 6 Gb/s,Addlink,,,ad240GBS10S3,,$0.132,,
240,,1.05 TB,,"2.5""",4.59,,SATA 6 Gb/s,Crucial,,,CT1050MX300SSD1,,$0.218,,
241,,500 GB,,M.2-2280,5.01,,M.2 (B+M),Western Digital,,,WDS500G1B0B,,$0.200,,
242,64 MB,1 TB,,"3.5""",15.65,,SATA 3 Gb/s,Western Digital,,,WD10EARS,,$0.064,5400,
243,,480 GB,,"2.5""",7.33,,SATA 6 Gb/s,Transcend,,,TS480GSSD220S,,$0.136,,
244,256 MB,4 TB,,"3.5""",22.86,,SATA 6 Gb/s,Western Digital,,,WD4003FFBX,,$0.044,7200,
245,512 MB,256 GB,Black / Silver,M.2-2280,4.66,,M.2 (M),Patriot,,,VPN100-256GM28H,,$0.215,,
246,,240 GB,Black,"2.5""",4.07,,SATA 6 Gb/s,Kingston,,,SHFR200/240G,,$0.246,,
247,,250 GB,Blue / Black,M.2-2280,4.72,,M.2 (B+M),Western Digital,,,WDS250G1B0C,,$0.212,,
248,64 MB,500 GB,,"3.5""",3.73,,SATA 6 Gb/s,Western Digital,,,WD5000HHTZ,,$0.268,10000,
249,,250 GB,Black,M.2-2280,3.67,,M.2 (M),Western Digital,,,WDS250G3X0C / WDS250G3X0C-00SJG0,,$0.272,,
250,16 MB,500 GB,,"2.5""",7.94,,SATA 3 Gb/s,Toshiba,,,MK5061GSYN,,$0.126,7200,
251,,250 GB,,M.2-2280,5.01,,M.2 (B+M),Crucial,,,CT250MX500SSD4,,$0.200,,
252,,960 GB,Black / Green,"2.5""",9.60,,SATA 6 Gb/s,ADATA,,,ASU630SS-960GQ-R,,$0.104,,
253,,1 TB,Black,M.2-2280,4.39,,M.2 (M),Western Digital,,,WDS100T3X0C / WDS100T3X0C-00SJG0,,$0.228,,
254,64 MB,2 TB,,"3.5""",18.52,,SATA 6 Gb/s,Western Digital,,,WDBMMA0020HNC-NRSN,,$0.054,5400,
255,,8 TB,Silver,"2.5""",3.77,,U.2,Intel,,,SSDPE2KX080T801,,$0.266,,
256,256 MB,6 TB,,"3.5""",32.29,,SATA 6 Gb/s,Seagate,,,ST6000VX0023,,$0.031,5900,
257,64 MB,3 TB,,"3.5""",33.37,,SATA 6 Gb/s,Seagate,,,ST3000VN007,,$0.030,5900,
258,,120 GB,,"2.5""",4.00,,SATA 6 Gb/s,SK hynix,,,HFS120G32TND-N1A2A,,$0.250,,
259,1 GB,1 TB,,M.2-2280,5.95,,M.2 (B+M),Samsung,,,MZ-N6E1T0BW,,$0.168,,
260,64 MB,4 TB,,"3.5""",16.14,,SATA 6 Gb/s,Western Digital,,,WD4000FYYZ,,$0.062,7200,
261,512 MB,512 GB,Black,M.2-2280,6.83,,M.2 (M),HP,,,2YY46AA#ABC,,$0.146,,
262,64 MB,4 TB,,"3.5""",50.31,,SATA 6 Gb/s,Hitachi,,,0F14683,,$0.020,7200,
263,,960 GB,,M.2-2280,4.36,,M.2 (M),Kingston,,,SKC1000/960G,,$0.229,,
264,256 MB,12 TB,,"3.5""",30.77,,SATA 6 Gb/s,Toshiba,,,HDWR21CXZSTA,,$0.032,7200,
265,,480 GB,,"2.5""",4.44,,SATA 6 Gb/s,Kingston,,,SUV500B/480G,,$0.225,,
266,,960 GB,,"2.5""",8.74,,SATA 6 Gb/s,ADATA,,,ASU650SS-960GT-R,,$0.114,,
267,256 MB,4 TB,,"3.5""",40.47,,SATA 6 Gb/s,Seagate,,,ST4000DM004,,$0.025,5400,
268,256 MB,10 TB,,"3.5""",35.72,,SATA 6 Gb/s,Western Digital,,,WD100EFAX,,$0.028,5400,
269,64 MB,1 TB,,"3.5""",7.84,8.389 GB,SATA 6 Gb/s,Seagate,,,ST1000DX001,,$0.128,7200,
270,,512 GB,,"2.5""",4.65,,SATA 6 Gb/s,Mushkin,,,MKNSSDEC512GB,,$0.215,,
271,,256 GB,,M.2-2280,3.66,,M.2 (M),Intel,,,SSDPEKKF256G7X1,,$0.273,,
272,64 MB,2 TB,,"3.5""",28.99,,SATA 6 Gb/s,Hitachi,,,0F14685,,$0.034,7200,
273,32 MB,300 GB,,"3.5""",2.69,,SATA 6 Gb/s,Western Digital,,,WD3000HLHX,,$0.372,10000,
274,,480 GB,Black,M.2-2280,6.00,,M.2 (M),Corsair,,,CSSD-F480GBMP510,,$0.167,,
275,64 MB,3 TB,,"3.5""",54.64,,SATA 6 Gb/s,Seagate,,,ST33000650NS,,$0.018,7200,
276,32 MB,500 GB,,"3.5""",21.79,,SATA 6 Gb/s,Toshiba,,,HDKPC05,,$0.046,7200,
277,64 MB,500 GB,,"2.5""",14.71,8.389 GB,SATA 6 Gb/s,Seagate,,,ST500LM000,,$0.068,5400,
278,,240 GB,,"2.5""",3.43,,SATA 6 Gb/s,Kingston,,Varies,SV300S37A/240G,,$0.291,,Sandforce SF-2281
279,32 MB,1 TB,,"3.5""",19.27,,SATA 3 Gb/s,Seagate,,,ST31000340NS - FFP,,$0.052,7200,
280,32 MB,2 TB,,"3.5""",42.65,,SATA 3 Gb/s,Hitachi,,,0F10311,,$0.023,7200,
281,128 MB,6 TB,,"3.5""",26.84,,SATA 6 Gb/s,Seagate,,,ST6000AS0002,,$0.037,5900,
282,16 MB,640 GB,,"3.5""",13.34,,SATA 3 Gb/s,Western Digital,,,WD6400AAKS,,$0.075,7200,
283,128 MB,2 TB,,"2.5""",13.42,,SATA 6 Gb/s,Seagate,,,ST2000NX0303,,$0.074,7200,
284,128 MB,6 TB,,"3.5""",32.79,,SATA 6 Gb/s,Seagate,,,ST6000NM0024,,$0.030,7200,
285,,128 GB,Green / Black,M.2-2280,1.89,,M.2 (B+M),Intenso,,,3832430,,$0.530,,
286,,120 GB,,"2.5""",6.00,,SATA 6 Gb/s,Kingston,,,SA400S37/120G,,$0.167,,
287,32 MB,3 TB,,"3.5""",35.72,,SATA 3 Gb/s,Western Digital,,,WDBH2D0030HNC-NRSN,,$0.028,5900,
288,8 MB,160 GB,,"3.5""",2.11,,SATA 3 Gb/s,Western Digital,,,WD1600AVJS,,$0.475,7200,
289,,240 GB,,"2.5""",8.00,,SATA 6 Gb/s,Kingston,,,SA400S37/240G,,$0.125,,
290,,960 GB,,"2.5""",4.07,,SATA 6 Gb/s,Transcend,,TLC (toggle),TS960GSSD220S,,$0.246,,
291,,240 GB,,"2.5""",6.02,,SATA 6 Gb/s,Silicon Power,,,SP240GBSS3S55S25AE,,$0.166,,
292,,256 GB,,"2.5""",6.57,,SATA 6 Gb/s,ADATA,,,ASU800SS-256GT-C,,$0.152,,
293,,240 GB,,"2.5""",8.28,,SATA 6 Gb/s,Team,,,T253LE240GTC101,,$0.121,,
294,256 MB,10 TB,,"3.5""",30.30,,SATA 6 Gb/s,Seagate,,,ST10000NE0004,,$0.033,7200,
295,32 MB,500 GB,,"3.5""",14.29,,SATA 3 Gb/s,Hitachi,A7K2000,,0F11000,,$0.070,7200,
296,16 MB,500 GB,,"3.5""",7.14,,SATA 6 Gb/s,Seagate,,,ST500DM002,,$0.140,7200,
297,16 MB,300 GB,,"2.5""",5.02,,SATA 3 Gb/s,Western Digital,,,WD3000BLFS,,$0.199,10000,
298,,1 TB,White,"2.5""",8.00,,SATA 6 Gb/s,Team,,,T253TR001T3C413,,$0.125,,
299,,480 GB,,M.2-2280,2.91,,M.2 (M),Corsair,,,CSSD-F480GBMP500,,$0.344,,
300,512 MB,500 GB,Black,"2.5""",6.25,,SATA 6 Gb/s,Samsung,,,MZ-76E500B/AM / MZ-76E500B/EU / MZ-76E500BW,,$0.160,,
301,64 MB,1 TB,,"3.5""",22.75,,SATA 6 Gb/s,Western Digital,,,WD10EURX,,$0.044,5400,
302,32 MB,500 GB,,"3.5""",13.52,,SATA 3 Gb/s,Seagate,,,ST3500514NS,,$0.074,7200,
303,512 MB,250 GB,Black / Green,M.2-2280,3.68,,M.2 (B+M),Samsung,,,MZ-N6E250BW,,$0.272,,
304,,512 GB,Blue / Black,M.2-2280,6.83,,M.2 (M),Team,,,TM8FP4512G0C101,,$0.146,,
305,,240 GB,Black,"2.5""",5.47,,SATA 6 Gb/s,Gigabyte,,,GP-GSTFS31240GNTD,,$0.183,,
306,512 MB,512 GB,,M.2-2280,2.65,,M.2 (M),Samsung,,3D V-NAND,MZ-V6P512BW / MZ-V6P512,,$0.377,,
307,,128 GB,,"2.5""",5.59,,SATA 6 Gb/s,Silicon Power,,,SU128GBSS3A55S25AE,,$0.179,,
308,64 MB,1 TB,,"2.5""",17.96,8.389 GB,SATA 6 Gb/s,Seagate,,,ST1000LM014,,$0.056,5400,
309,,4 TB,,PCI-E,0.45,,PCI-Express x8,Intel,,,SSDPECME040T401,,$2.217,,
310,128 MB,2 TB,,"3.5""",20.00,,SATA 6 Gb/s,Seagate,,,ST2000DM009,,$0.050,7200,
311,,2 TB,,"2.5""",8.00,,SATA 6 Gb/s,Micron,,,MTFDDAK2T0TBN-1AR1ZABYY,,$0.125,,
312,,256 GB,Red / Black,M.2-2280,4.27,,M.2 (M),ADATA,,,AGAMMIXS11P-256GT-C,,$0.234,,
313,64 MB,1 TB,,"3.5""",20.00,,SATA 6 Gb/s,Seagate,,,ST1000DMZ10,,$0.050,5400,
314,64 MB,4 TB,,"3.5""",33.61,,SATA 6 Gb/s,Toshiba,,,MD04ACA400,,$0.030,7200,
315,32 MB,450 GB,,"2.5""",1.13,,SATA 6 Gb/s,Western Digital,,,WD4500BLHX,,$0.887,10000,
316,32 MB,1 TB,,"3.5""",25.32,,SATA 3 Gb/s,Seagate,,,ST31000524NS,,$0.039,7200,
317,,480 GB,,"2.5""",9.60,,SATA 6 Gb/s,Patriot,,,PBU480GS25SSDR,,$0.104,,
318,,1 TB,,mSATA,6.25,,mSATA,Samsung,,,MZ-M6E1T0BW,,$0.160,,
319,,1 TB,,"2.5""",4.09,128.849 GB,SATA 6 Gb/s,Western Digital,,,WD1001X06XDTL,,$0.245,5400,
320,16 MB,1 TB,,"2.5""",12.17,,SATA 6 Gb/s,Western Digital,,,WD10SPCX,,$0.082,5400,
321,8 MB,1 TB,,"2.5""",18.22,,SATA 3 Gb/s,Toshiba,,,MQ01ABD100,,$0.055,5400,
322,,400 GB,,PCI-E,0.82,,PCI-Express x4,Intel,,MLC,SSDPEDME400G401,,$1.224,,
323,,480 GB,Black,M.2-2280,6.40,,M.2 (B+M),Corsair,,,CSSD-F480GBMP300,,$0.156,,
324,,120 GB,Black,M.2-2280,3.43,,M.2 (B+M),Corsair,,,CSSD-F120GBMP300,,$0.292,,
325,,1 TB,,"2.5""",20.00,8.59 GB,SATA 6 Gb/s,Seagate,,,ST1000LX015,,$0.050,5400,
326,16 MB,500 GB,,"3.5""",25.01,,SATA 3 Gb/s,Western Digital,,,WD5000AACS,,$0.040,5400,
327,8 MB,320 GB,,"3.5""",17.60,,PATA 100,Western Digital,,,WD3200AAJB,,$0.057,7200,
328,,128 GB,,M.2-2280,1.86,,M.2 (M),Intel,,,SSDPEKKW128G7X1,,$0.539,,
329,,240 GB,,"2.5""",1.19,,SATA 6 Gb/s,Intel,,MLC (synchronous),SSDSC2BW240A401,,$0.841,,Sandforce SF-2281
330,,240 GB,,"2.5""",8.00,,SATA 6 Gb/s,Inland,,,349365,,$0.125,,
331,,240 GB,,M.2-2280,5.00,,M.2 (B+M),Kingston,,,SUV500M8/240G,,$0.200,,
332,16 MB,160 GB,,"3.5""",2.23,,SATA 3 Gb/s,Western Digital,,,WD1600AVCS,,$0.448,5400,
333,1 GB,1 TB,,M.2-2280,2.38,,M.2 (M),Samsung,,3D V-NAND TLC,MZ-V6E1T0 / MZ-V6E1T0BW,,$0.420,,
334,,120 GB,Black,M.2-2280,4.00,,M.2 (M),HP,,,2YY42AA#ABC,,$0.250,,
335,64 MB,500 GB,,"3.5""",8.20,,SATA 6 Gb/s,Western Digital,,,WD5000AZRX,,$0.122,5400,
336,64 MB,1 TB,,"3.5""",23.82,,SATA 6 Gb/s,Western Digital,,,WD10EZRZ,,$0.042,5400,
337,64 MB,2 TB,,"3.5""",15.00,,SATA 6 Gb/s,Toshiba,,,HDWD120XZSTA,,$0.067,7200,
338,32 MB,500 GB,,"2.5""",13.46,,SATA 6 Gb/s,Seagate,,,ST500LM021,,$0.074,7200,
339,,1 TB,,"2.5""",8.33,,SATA 6 Gb/s,SanDisk,,,SDSSDH3-1T00-G25,,$0.120,,
340,64 MB,1 TB,,"3.5""",20.37,,SATA 3 Gb/s,Western Digital,,,WD10EAVS,,$0.049,5400,
341,32 MB,1 TB,,"3.5""",18.30,,SATA 6 Gb/s,Western Digital,,,WD10EALX,,$0.055,7200,
342,,250 GB,Black,M.2-2280,5.93,,M.2 (M),HP,,,2YY43AA#ABC,,$0.169,,
343,64 MB,1 TB,,"3.5""",25.01,,SATA 6 Gb/s,Seagate,,,ST1000DM003,,$0.040,7200,
344,,240 GB,,"2.5""",8.00,,SATA 6 Gb/s,Patriot,,,PBU240GS25SSDR,,$0.125,,
345,,256 GB,,M.2-2280,4.27,,M.2 (M),Samsung,,,MZVLW256HEHP-00000,,$0.234,,
346,,525 GB,,"2.5""",4.07,,SATA 6 Gb/s,Crucial,,,CT525MX300SSD1,,$0.246,,
347,64 MB,2 TB,,"3.5""",19.06,,SATA 6 Gb/s,Western Digital,,,WDBSLA0020HNC-NRSN,,$0.052,7200,
348,256 MB,14 TB,,"3.5""",25.46,,SATA 6 Gb/s,Seagate,,,ST14000DM001,,$0.039,7200,
349,256 MB,8 TB,,"3.5""",26.54,,SATA 6 Gb/s,Seagate,,,ST8000VN0002,,$0.038,7200,
350,,480 GB,,"2.5""",8.01,,SATA 6 Gb/s,SanDisk,,,SDSSDA-480G-G26,,$0.125,,
351,,120 GB,,"2.5""",1.86,,SATA 6 Gb/s,ADATA,,,ASP550SS3-120GM-C,,$0.539,,
352,,256 GB,Blue,M.2-2280,6.40,,M.2 (B+M),Patriot,,,PS256GPM280SSDR,,$0.156,,
353,256 MB,128 GB,Silver,"2.5""",4.27,,SATA 6 Gb/s,Plextor,,,PX-128M8VC,,$0.234,,
354,256 MB,14 TB,,"3.5""",26.42,,SATA 6 Gb/s,Seagate,,,ST14000NE0008,,$0.038,7200,
355,,120 GB,Blue / Black,M.2-2280,3.91,,M.2 (B+M),Kingston,,,SA400M8/120G,,$0.256,,
356,64 MB,2 TB,,"3.5""",37.82,,SATA 6 Gb/s,Hitachi,,,HUA723020ALA640,,$0.026,7200,
357,64 MB,3 TB,,"3.5""",17.77,,SATA 6 Gb/s,Western Digital,,,WD30EZRX,,$0.056,5400,
358,,1 TB,,M.2-2280,5.88,,M.2 (M),Plextor,,,PX-1TM9PeG,,$0.170,,
359,1 GB,1 TB,Black,M.2-2280,3.79,,M.2 (M),Samsung,,,MZ-V7E1T0BW / MZ-V7E1T0B/AM,,$0.264,,
360,64 MB,1 TB,,"3.5""",16.70,,SATA 6 Gb/s,Seagate,,,ST1000VN002,,$0.060,5900,
361,,800 GB,,"2.5""",2.11,,PCI-Express x4,Intel,,MLC,SSDPE2MD800G401,,$0.475,,
362,,120 GB,,"2.5""",1.37,,SATA 6 Gb/s,Samsung,,MLC (toggle),MZ7WD120HCFV-00003,True,$0.730,,Samsung MDX
363,128 MB,3 TB,,"2.5""",23.08,,SATA 6 Gb/s,Seagate,,,ST3000LM024,,$0.043,5400,
364,1 GB,1 TB,Black,"2.5""",6.67,,SATA 6 Gb/s,Samsung,,,MZ-76E1T0B/AM / MZ-76E1T0B/EU,,$0.150,,
365,256 MB,8 TB,,"3.5""",34.80,,SATA 6 Gb/s,Seagate,,,ST8000VN0022,,$0.029,7200,
366,8 MB,320 GB,,"2.5""",15.33,,SATA 3 Gb/s,Toshiba,,,MQ01ABD032,,$0.065,5400,
367,32 MB,1 TB,,"3.5""",18.36,,SATA 6 Gb/s,Toshiba,,,DT01ACA100,,$0.054,7200,
368,,1 TB,,"2.5""",10.00,,SATA 6 Gb/s,SanDisk,,,SDSSDA-1T00-G26,,$0.100,,
369,32 MB,500 GB,,"3.5""",12.50,,SATA 6 Gb/s,Western Digital,,,WD5000AZLX,,$0.080,7200,
370,8 MB,2 TB,,"2.5""",12.68,,SATA 6 Gb/s,Western Digital,,,WD20NPVX,,$0.079,5900,
371,,240 GB,,"2.5""",2.40,,SATA 6 Gb/s,SanDisk,,,SDSSDHII-240G-G25,,$0.417,,
372,64 MB,2 TB,,"3.5""",20.33,,SATA 6 Gb/s,Western Digital,,,WD2002FAEX,,$0.049,7200,
373,,480 GB,,M.2-2280,1.20,,M.2 (B+M),Crucial,,MLC,CT480M500SSD4,True,$0.833,,Marvell 9174
374,32 MB,1 TB,,"3.5""",27.03,,SATA 3 Gb/s,Western Digital,,,WD1002FBYS,,$0.037,7200,
375,,1 TB,,M.2-2280,5.56,,M.2 (M),Sabrent,,,SB-ROCKET-1TB,,$0.180,,
376,,500 GB,White,"2.5""",7.35,,SATA 6 Gb/s,Team,,,T253TR500G3C413,,$0.136,,
377,64 MB,2 TB,,"3.5""",20.02,,SATA 6 Gb/s,Western Digital,,,WD20EZRX,,$0.050,5400,
378,64 MB,2 TB,,"3.5""",36.37,,SATA 6 Gb/s,Hitachi,,,HUA723020ALA641,,$0.027,7200,
379,128 MB,4 TB,,"3.5""",17.27,,SATA 6 Gb/s,Seagate,,,ST4000NM0033,,$0.058,7200,
380,,120 GB,,"2.5""",0.66,,SATA 6 Gb/s,Kingston,,MLC (synchronous),SH100S3/120G,,$1.516,,Sandforce SF-2281
381,,960 GB,Black,M.2-2280,5.89,,M.2 (B+M),Kingston,,,SA1000M8/960G,,$0.170,,
382,,2 TB,Green / Black,M.2-2280,9.76,,M.2 (M),Intel,,,SSDPEKNW020T8X1,,$0.102,,
383,1 GB,1 TB,Black,M.2-2280,2.89,,M.2 (M),Samsung,,,MZ-V7P1T0BW,,$0.346,,
384,,500 GB,,"2.5""",3.34,,SATA 6 Gb/s,Samsung,,,MZ-75E500B/AM / MZ-75E500B/EU / MZ-75E500BW/EU / MZ-75E500BW / MZ-75E500B,,$0.300,,
385,256 MB,12 TB,,"3.5""",23.28,,SATA 6 Gb/s,Seagate,,,ST12000DM001,,$0.043,7200,
386,8 MB,160 GB,,"3.5""",6.40,,SATA 3 Gb/s,Samsung,,,HD161GJ,,$0.156,7200,
387,,1 TB,,"3.5""",13.16,,SATA 6 Gb/s,Western Digital,,,WDBSLA0010HNC-NRSN,,$0.076,7200,
388,16 MB,320 GB,,"3.5""",12.81,,SATA 3 Gb/s,Seagate,,,ST3320418AS,,$0.078,7200,
389,8 MB,250 GB,,"3.5""",12.22,,SATA 3 Gb/s,Seagate,,,ST3250318AS,,$0.082,7200,
390,,120 GB,,M.2-2280,1.91,,M.2 (M),Corsair,,,CSSD-F120GBMP500,,$0.523,,
391,512 MB,250 GB,,M.2-2280,1.49,,M.2 (M),Samsung,,3D V-NAND TLC,MZ-V6E250 / MZ-V6E250BW,,$0.673,,
392,64 MB,3 TB,,"3.5""",30.03,,SATA 6 Gb/s,Western Digital,,,WD30EFRX,,$0.033,5400,
393,,250 GB,,"2.5""",1.92,,SATA 6 Gb/s,Samsung,750 EVO,,MZ-750250BW,,$0.520,,
394,64 MB,2 TB,,"3.5""",18.20,,SATA 6 Gb/s,Western Digital,,,WD2003FZEX,,$0.055,7200,
395,,960 GB,,"2.5""",8.50,,SATA 6 Gb/s,Crucial,,,CT960BX500SSD1,,$0.118,,
396,,240 GB,,M.2-2280,4.81,,M.2 (B+M),Western Digital,,,WDS240G1G0B,,$0.208,,
397,256 MB,8 TB,,"3.5""",24.44,,SATA 6 Gb/s,Seagate,,,ST8000DM002,,$0.041,7200,
398,,240 GB,,"2.5""",1.92,,SATA 6 Gb/s,SanDisk,,MLC (toggle),SDSSDXPS-240G-G25,,$0.521,,Marvell 9187
399,64 MB,1 TB,,"3.5""",9.57,,SATA 3 Gb/s,Western Digital,,,WD1003FBYX,,$0.105,7200,
400,128 MB,8 TB,,"3.5""",25.17,,SATA 6 Gb/s,Hitachi,,,0F23666,,$0.040,7200,
401,32 MB,600 GB,,"3.5""",3.41,,SATA 6 Gb/s,Western Digital,,,WD6000HLHX,,$0.294,10000,
402,256 MB,12 TB,,"3.5""",30.00,,SATA 6 Gb/s,Toshiba,,,HDWG21CXZSTA,,$0.033,7200,
403,,256 GB,Black,M.2-2280,8.54,,M.2 (B+M),Team,,,TM8PS7256G0C101,,$0.117,,
404,8 MB,320 GB,,"3.5""",13.45,,SATA 3 Gb/s,Western Digital,,,WD3200AVVS,,$0.074,5400,
405,,180 GB,,"2.5""",1.88,,SATA 6 Gb/s,Intel,,,SSDSC2KF180H6X1,,$0.533,,
406,,500 GB,Black / Yellow,"2.5""",9.44,,SATA 6 Gb/s,Mushkin,,,MKNSSDSR500GB,,$0.106,,
407,4 GB,4 TB,Black,"2.5""",6.05,,SATA 6 Gb/s,Samsung,,,MZ-76E4T0B/AM / MZ-76E4T0B/EU,,$0.165,,
408,128 MB,2 TB,,"3.5""",18.53,,SATA 6 Gb/s,Western Digital,,,WD2005FBYZ,,$0.054,7200,
409,32 MB,1 TB,,"3.5""",14.29,,SATA 3 Gb/s,Samsung,,,HE103SJ,,$0.070,7200,
410,,480 GB,Black / Green,"2.5""",8.00,,SATA 6 Gb/s,ADATA,,,ASU630SS-480GQ-R,,$0.125,,
411,,240 GB,Black / Green,"2.5""",5.19,,SATA 6 Gb/s,ADATA,,,ASU630SS-240GQ-R,,$0.193,,
412,,512 GB,,M.2-2280,4.65,,M.2 (M),Silicon Power,,,SP512GBP34A80M28,,$0.215,,
413,64 MB,6 TB,,"3.5""",33.58,,SATA 6 Gb/s,Western Digital,,,WD60PURZ,,$0.030,5400,
414,64 MB,1 TB,,"3.5""",15.18,,SATA 6 Gb/s,Western Digital,,,WD10EARX,,$0.066,5400,
415,128 MB,4 TB,,"3.5""",37.04,,SATA 6 Gb/s,Toshiba,,,HDWE140XZSTA,,$0.027,7200,
416,,250 GB,,"2.5""",2.78,,SATA 6 Gb/s,Crucial,,,CT250MX200SSD1,,$0.360,,
417,,240 GB,,"2.5""",4.17,,SATA 6 Gb/s,PNY,,MLC (synchronous),SSD9SC240GMDA-RB,,$0.240,,Sandforce SF-2281
418,256 MB,12 TB,,"3.5""",28.24,,SATA 6 Gb/s,Seagate,,,ST12000DM0007,,$0.035,7200,
419,,960 GB,,"2.5""",2.10,,SATA 6 Gb/s,Samsung,,,MZ7LM960HCHP-00003,,$0.477,,
420,,2 TB,,"2.5""",6.67,,SATA 6 Gb/s,Seagate,,,STGS2000401,,$0.150,,
421,,500 GB,,M.2-2280,2.22,,M.2 (M),SanDisk,,,SDSSDXPM2-500G-G25,,$0.450,,
422,,250 GB,,"2.5""",3.85,,SATA 6 Gb/s,Seagate,,,ZA250CM10002,,$0.260,,
423,8 MB,250 GB,,"2.5""",8.62,,SATA 3 Gb/s,Seagate,,,ST9250315AS,,$0.116,5400,
424,,64 GB,,"2.5""",2.13,,SATA 6 Gb/s,Transcend,,,TS64GSSD370S,,$0.469,,
425,128 MB,4 TB,,"3.5""",22.22,,SATA 6 Gb/s,Western Digital,,,WD4002FFWX,,$0.045,7200,
426,64 MB,4 TB,,"3.5""",34.93,,SATA 6 Gb/s,Western Digital,,,WD40PURX,,$0.029,5400,
427,,240 GB,Black,"2.5""",6.92,,SATA 6 Gb/s,PNY,,,SSD7CS900-240-PB,,$0.144,,
428,,120 GB,,"2.5""",1.85,,SATA 6 Gb/s,PNY,,,SSD7CS1311-120-RB,,$0.542,,
429,,1 TB,Gold,"2.5""",10.42,,SATA 6 Gb/s,Team,,,T253TD001T3C101,,$0.096,,
430,64 MB,2 TB,,"3.5""",20.06,,SATA 6 Gb/s,Toshiba,,,HDWD120UZSVA,,$0.050,7200,
431,,512 GB,,M.2-2280,5.12,,M.2 (M),Sabrent,,,SB-ROCKET-512,,$0.195,,
432,,1 TB,,"2.5""",3.85,,SATA 6 Gb/s,Samsung,,TLC (toggle),MZ-7TE1T0BW,,$0.260,,Samsung MEX
433,,960 GB,,"2.5""",3.00,,SATA 6 Gb/s,Crucial,,MLC (synchronous),CT960M500SSD1,True,$0.333,,Marvell 9187
434,,2 TB,,M.2-2280,5.00,,M.2 (M),Sabrent,,,SB-ROCKET-2TB,,$0.200,,
435,,1 TB,,M.2-2280,4.04,,M.2 (M),Western Digital,,,WDS100T2X0C,,$0.247,,
436,,120 GB,,"2.5""",1.54,,SATA 6 Gb/s,Corsair,,,CSSD-F120GBLSB,,$0.650,,
437,64 MB,1 TB,,"3.5""",10.90,,SATA 6 Gb/s,Seagate,,,ST1000NM0011,,$0.092,7200,
438,,1 TB,Black,M.2-2280,9.62,,M.2 (B+M),Team,,,TM8PS7001T0C101,,$0.104,,
439,,160 GB,,"2.5""",1.90,,SATA 3 Gb/s,Intel,,MLC,SSDSA2BW160G301,,$0.525,,Intel PC29AS21BA0
440,16 MB,750 GB,,"3.5""",18.75,,SATA 6 Gb/s,Seagate,,,ST3750640NS,,$0.053,7200,
441,256 MB,250 GB,,"2.5""",5.02,,SATA 6 Gb/s,Crucial,,,CT250MX500SSD1,,$0.199,,
442,256 MB,8 TB,,"3.5""",27.12,,SATA 6 Gb/s,Western Digital,,,WD8003FFBX,,$0.037,7200,
443,64 MB,3 TB,,"3.5""",8.58,,SATA 6 Gb/s,Western Digital,,,WD3001FFSX,,$0.117,7200,
444,32 MB,1 TB,,"3.5""",15.41,,SATA 3 Gb/s,Western Digital,,,WD10EADS,,$0.065,5400,
445,8 MB,1 TB,,"2.5""",20.41,,SATA 6 Gb/s,Hitachi,,,0J22413,,$0.049,5400,
446,,128 GB,Blue,M.2-2280,3.88,,M.2 (B+M),Gigabyte,,,GP-GSM2NE8128GNTD,,$0.258,,
447,64 MB,2 TB,,"3.5""",16.84,,SATA 6 Gb/s,Western Digital,,,WD2002FFSX,,$0.059,7200,
448,1 GB,1 TB,Black,"2.5""",3.36,,SATA 6 Gb/s,Samsung,,,MZ-76P1T0BW / MZ-76P1T0B/EU,,$0.297,,
449,64 MB,3 TB,,"3.5""",31.58,,SATA 6 Gb/s,Seagate,,,ST3000VX010,,$0.032,5900,
450,,250 GB,Blue,M.2-2280,5.00,,M.2 (M),Mushkin,,,MKNSSDPL250GB-D8,,$0.200,,
451,64 MB,1.5 TB,,"3.5""",21.43,,SATA 6 Gb/s,Seagate,,,ST1500DM003,,$0.047,7200,
452,128 MB,2 TB,,"3.5""",17.55,,SATA 6 Gb/s,Western Digital,,,WD2004FBYZ,,$0.057,7200,
453,,480 GB,Black,"2.5""",5.52,,SATA 6 Gb/s,Kingston,,,SHFR200/480G,,$0.181,,
454,,960 GB,Black,M.2-2280,6.86,,M.2 (B+M),Corsair,,,CSSD-F960GBMP300,,$0.146,,
455,,1.2 TB,,"2.5""",1.73,,SATA 6 Gb/s,Intel,,,SSDSC2BA012T401,,$0.578,,
456,,1 TB,Blue / Black,M.2-2280,7.69,,M.2 (B+M),Inland,,,1TB NVME PRO,,$0.130,,
457,64 MB,1 TB,,"2.5""",5.36,,SATA 6 Gb/s,Western Digital,,,WD1000CHTZ,,$0.187,10000,
458,,1 TB,Green / Black,M.2-2280,9.09,,M.2 (B+M),ADATA,,,ASU800NS38-1TT-C,,$0.110,,
459,,240 GB,,"2.5""",6.02,,SATA 6 Gb/s,Western Digital,,,WDS240G1G0A,,$0.166,,
460,16 MB,250 GB,,"3.5""",6.94,,SATA 3 Gb/s,Western Digital,,,WD2502ABYS,,$0.144,7200,
461,64 MB,1 TB,,"3.5""",20.04,,SATA 6 Gb/s,Toshiba,,,HDWD110XZSTA,,$0.050,7200,
462,,1.92 TB,,"2.5""",2.42,,SATA 6 Gb/s,Corsair,,MLC (toggle),CSSD-N1920GBXTI,,$0.414,,
463,,512 GB,,"2.5""",9.31,,SATA 6 Gb/s,Addlink,,,ad512GBS10S3,,$0.107,,
464,,240 GB,,"2.5""",4.37,,SATA 6 Gb/s,SanDisk,,,SDSSDA-240G-G25,,$0.229,,
465,,960 GB,,"2.5""",3.43,,SATA 6 Gb/s,Toshiba,,,THN-TR20Z9600U8(CS,,$0.292,,
466,,800 GB,,"2.5""",3.40,,PCI-Express x4,Intel,,MLC,SSDPE2ME800G401,,$0.294,,
467,64 MB,4 TB,,"3.5""",37.84,,SATA 6 Gb/s,Seagate,,,ST4000VX007,,$0.026,5900,
468,,1.92 TB,Black,M.2-2280,6.00,,M.2 (M),Corsair,,,CSSD-F1920GBMP510,,$0.167,,
469,32 MB,1 TB,,"3.5""",25.65,,SATA 3 Gb/s,Hitachi,A7K2000,,0A39289,,$0.039,7200,
470,32 MB,1 TB,,"2.5""",20.41,,SATA 6 Gb/s,Hitachi,,,0S03563,,$0.049,7200,
471,,250 GB,,M.2-2280,5.11,,M.2 (B+M),Western Digital,,,WDS250G2B0B,,$0.196,,
472,128 MB,4 TB,,"3.5""",13.58,,SATA 6 Gb/s,Western Digital,,,WD4004FZWX,,$0.074,7200,
473,64 MB,1 TB,,"3.5""",10.42,,SATA 6 Gb/s,Toshiba,,,MG03ACA100,,$0.096,7200,
474,128 MB,1 TB,,"2.5""",23.01,,SATA 6 Gb/s,Seagate,,,ST1000LM035,,$0.043,5400,
475,,240 GB,Green / Black,"2.5""",4.81,,SATA 6 Gb/s,ADATA,,,ASU650SS-240GT-C,,$0.208,,
476,,1 TB,,"2.5""",9.09,,SATA 6 Gb/s,Micron,,,MTFDDAK1T0TBN-1AR1ZABYY,,$0.110,,
477,64 MB,1 TB,,"3.5""",22.28,,SATA 6 Gb/s,Western Digital,,,WD10EZRX,,$0.045,5400,
478,,1 TB,Black,M.2-2280,6.14,,M.2 (M),ADATA,,,ASX8200PNP-1TT-C,,$0.163,,
479,,240 GB,Black,M.2-2280,5.33,,M.2 (B+M),Corsair,,,CSSD-F240GBMP300,,$0.187,,
480,64 MB,2 TB,,"3.5""",27.59,,SATA 6 Gb/s,Seagate,,,ST2000VX008,,$0.036,5900,
481,32 MB,1 TB,,"3.5""",17.10,,SATA 6 Gb/s,Seagate,,,ST31000524AS,,$0.058,7200,
482,64 MB,4 TB,,"3.5""",36.37,,SATA 6 Gb/s,Seagate,,,ST4000VN008,,$0.027,5900,
483,,960 GB,Black,M.2-2280,5.20,,M.2 (M),ADATA,XPG SX8200 960,,ASX8200NP-960GT-C,,$0.192,,
484,64 MB,500 GB,,"2.5""",2.83,,SATA 6 Gb/s,Western Digital,,,WD5000BHTZ,,$0.354,10000,
485,,250 GB,,M.2-2280,3.58,,M.2 (B+M),Crucial,,,CT250MX200SSD4,,$0.280,,
486,8 MB,250 GB,,"3.5""",9.26,,SATA 6 Gb/s,Seagate,,,ST3250312AS,,$0.108,7200,
487,128 MB,1 TB,,"3.5""",11.86,,SATA 6 Gb/s,Seagate,,,ST1000NM0053,,$0.084,7200,
488,,1 TB,Black,M.2-2280,4.03,,M.2 (M),Samsung,,,MZ-V7S1T0B/AM / MZ-V7S1T0BW,,$0.248,,
489,128 MB,500 GB,,"2.5""",14.29,,SATA 6 Gb/s,Seagate,,,ST500LM030,,$0.070,5400,
490,,120 GB,,"2.5""",2.67,,SATA 6 Gb/s,Crucial,,,CT120BX300SSD1,,$0.375,,
491,32 MB,500 GB,,"2.5""",11.11,8.389 GB,SATA 6 Gb/s,Seagate,,,ST500LX003,,$0.090,7200,
492,,1 TB,,"2.5""",5.89,,SATA 6 Gb/s,Western Digital,,,WDS100T1B0A,,$0.170,,
493,,120 GB,,"2.5""",0.66,,SATA 6 Gb/s,Kingston,,MLC (synchronous),SH103S3/120G,,$1.516,,Sandforce SF-2281
494,,1 TB,Green,M.2-2280,7.41,,M.2 (M),Mushkin,,,MKNSSDPL1TB-D8,,$0.135,,
495,,480 GB,,"2.5""",4.41,,SATA 6 Gb/s,Silicon Power,,,SP480GBSS3S55S25AE,,$0.227,,
496,,500 GB,Black,"2.5""",7.14,,SATA 6 Gb/s,Team,,,T253TR500G3C313,,$0.140,,
497,,512 GB,,M.2-2280,4.45,,M.2 (M),Intel,,,SSDPEKKW512G8XT,,$0.225,,
498,,1 TB,,"2.5""",6.33,,SATA 6 Gb/s,Seagate,,,ZA1000CM10002,,$0.158,,
499,,256 GB,Green / Black,M.2-2280,4.93,,M.2 (M),Samsung,,,MZVLB256HAHQ-00000,,$0.203,,
500,,250 GB,,"2.5""",5.00,,SATA 6 Gb/s,SanDisk,,,SDSSDH3-250G-G25,,$0.200,,
501,512 MB,256 GB,Black,"2.5""",3.05,,SATA 6 Gb/s,Samsung,,,MZ-76P256BW / MZ-76P256B/EU,,$0.328,,
502,256 MB,10 TB,,"3.5""",30.98,,SATA 6 Gb/s,Seagate,,,ST10000DM0004,,$0.032,7200,
503,256 MB,10 TB,,"3.5""",33.75,,SATA 6 Gb/s,Toshiba,,,HDWR11AXZSTA,,$0.030,7200,
504,,240 GB,,"2.5""",5.35,,SATA 6 Gb/s,Toshiba,,,THN-TR20Z2400U8(CS / THN-TR20Z2400U8 / 4041H45,,$0.187,,
505,32 MB,2 TB,,"2.5""",20.20,,SATA 6 Gb/s,Samsung,,,ST2000LM003,,$0.050,5400,
506,512 MB,512 GB,,M.2-2280,2.49,,M.2 (M),Samsung,,,MZ-V5P512BW,,$0.402,,
507,32 MB,750 GB,,"3.5""",19.74,,SATA 3 Gb/s,Western Digital,,,WD7502ABYS,,$0.051,7200,
508,64 MB,2 TB,,"3.5""",22.22,8.59 GB,SATA 6 Gb/s,Seagate,,,ST2000DX002,,$0.045,7200,
509,,256 GB,,"2.5""",5.95,,SATA 6 Gb/s,Intel,,,SSDSC2KW256G8X1,,$0.168,,
510,64 MB,3 TB,,"3.5""",25.02,,SATA 6 Gb/s,Toshiba,,,DT01ACA300,,$0.040,7200,
511,256 MB,12 TB,,"3.5""",25.67,,SATA 6 Gb/s,Seagate,,,ST12000VN0008,,$0.039,7200,
512,128 MB,6 TB,,"3.5""",30.93,,SATA 6 Gb/s,Toshiba,,,MG04ACA600E,,$0.032,7200,
513,,512 GB,Green / Black,M.2-2280,8.39,,M.2 (M),Intel,,,SSDPEKNW512G8XT,,$0.119,,
514,,32 GB,,"2.5""",0.11,,SATA 3 Gb/s,Intel,,SLC,SSDSA2SH032G101,,$9.000,,Varies
515,64 MB,1 TB,,"3.5""",20.89,,SATA 3 Gb/s,Seagate,,,ST310005N1A1AS-RK,,$0.048,7200,
516,,15.36 TB,,"2.5""",2.51,,SAS 12 Gb/s,Seagate,,,XS15360SE70103,,$0.399,,
517,128 MB,1 TB,,"2.5""",22.23,,SATA 6 Gb/s,Seagate,,,ST1000LM048,,$0.045,5400,
518,256 MB,8 TB,,"3.5""",43.15,,SATA 6 Gb/s,Seagate,,,ST8000DMZ04,,$0.023,5400,
519,64 MB,3 TB,,"3.5""",31.58,,SATA 6 Gb/s,Western Digital,,,WD3000FYYZ,,$0.032,7200,
520,128 MB,6 TB,,"3.5""",35.32,,SATA 6 Gb/s,Toshiba,,,HDWN160XZSTA,,$0.028,7200,
521,256 MB,4 TB,,"3.5""",40.00,,SATA 6 Gb/s,Seagate,,,ST4000DMZ04,,$0.025,5400,
522,,500 GB,,M.2-2280,2.96,,M.2 (B+M),Samsung,,,MZ-N5E500BW,,$0.338,,
523,32 MB,1 TB,,"2.5""",21.87,,SATA 6 Gb/s,Hitachi,Travelstar,,0J22423,,$0.046,7200,
524,256 MB,12 TB,,"3.5""",24.54,,SATA 6 Gb/s,Western Digital,,,WD121KRYZ,,$0.041,7200,
525,,256 GB,,M.2-2280,5.45,,M.2 (B+M),Intel,,,SSDSCKKW256G8X1,,$0.184,,
526,64 MB,4 TB,,"3.5""",27.05,,SATA 6 Gb/s,Seagate,,,ST4000VM000,,$0.037,5900,
527,,960 GB,Black,M.2-2280,6.40,,M.2 (M),Corsair,,,CSSD-F960GBMP510,,$0.156,,
528,,120 GB,Gold,"2.5""",6.00,,SATA 6 Gb/s,Team,,,T253TD120G3C101,,$0.167,,
529,,1 TB,,M.2-2280,2.23,,M.2 (M),SanDisk,,,SDSSDXPM2-1T00-G25,,$0.449,,
530,,240 GB,,"2.5""",0.48,,SATA 6 Gb/s,Corsair,,MLC (synchronous),CSSD-F240GBGT-BK,,$2.097,,Varies
531,,512 GB,,M.2-2280,3.14,,M.2 (M),Intel,,,SSDPEKKW512G7X1,,$0.318,,
532,16 MB,1 TB,,"2.5""",14.49,,SATA 6 Gb/s,Western Digital,,,WD10JFCX,,$0.069,5400,
533,16 MB,500 GB,,"2.5""",11.50,,SATA 6 Gb/s,Western Digital,,,WD5000BPKX,,$0.087,7200,
534,,128 GB,Silver,"2.5""",3.77,,SATA 6 Gb/s,Intel,,,SSDSC2KW128G8X1,,$0.266,,
535,512 MB,500 GB,Black / Green,M.2-2280,5.59,,M.2 (B+M),Samsung,,,MZ-N6E500BW,,$0.179,,
536,128 MB,4 TB,,"3.5""",27.53,,SATA 6 Gb/s,Toshiba,,,PH3400U-1I72,,$0.036,7200,
537,,1 TB,Black,M.2-2280,7.41,,M.2 (M),ADATA,,,ASX6000PNP-1TT-C,,$0.135,,
538,,256 GB,,"2.5""",3.66,,SATA 6 Gb/s,ADATA,,,ASU900SS-256GM-C,,$0.273,,
539,256 MB,6 TB,,"3.5""",50.00,,SATA 6 Gb/s,Seagate,,,ST6000DM003,,$0.020,5400,
540,32 MB,1 TB,,"3.5""",15.88,,SATA 3 Gb/s,Seagate,,,ST31000528AS,,$0.063,7200,
541,,512 GB,Black,M.2-2280,9.85,,M.2 (B+M),Team,,,TM8PS7512G0C101,,$0.102,,
542,,1 TB,Black,"2.5""",9.52,,SATA 6 Gb/s,Team,,,T253X2001T0C101,,$0.105,,
543,128 MB,2 TB,,"3.5""",16.81,,SATA 6 Gb/s,Seagate,,,ST2000NM0105,,$0.059,7200,
544,64 MB,1 TB,,"3.5""",6.90,,SATA 3 Gb/s,Toshiba,,,MK1002TSKB,,$0.145,7200,
545,,2 TB,,M.2-2280,8.89,,M.2 (B+M),Western Digital,,,WDS200T2B0B,,$0.112,,
546,512 MB,500 GB,,M.2-2280,2.72,,M.2 (M),Samsung,,3D V-NAND TLC,MZ-V6E500 / MZ-V6E500BW,,$0.368,,
547,,256 GB,,"2.5""",2.56,,SATA 6 Gb/s,SanDisk,,MLC (toggle),SD6SB1M-256G-1022I,,$0.391,,Marvell 9175
548,,1 TB,Black,M.2-2280,7.76,,M.2 (M),Crucial,,,CT1000P1SSD8,,$0.129,,
549,64 MB,3 TB,,"3.5""",27.37,,SATA 6 Gb/s,Western Digital,,,WD30PURX,,$0.037,5400,
550,16 MB,250 GB,,"3.5""",7.30,,SATA 3 Gb/s,Western Digital,,,WD2500AVCS,,$0.137,5400,
551,,256 GB,,M.2-2280,1.35,,M.2 (M),OCZ,,,RVD400-M22280-256G,,$0.742,,
552,64 MB,2 TB,,"3.5""",23.53,,SATA 3 Gb/s,Western Digital,,,WD20EARS,,$0.042,5400,
553,128 MB,6 TB,,"3.5""",25.53,,SAS 12 Gb/s,Seagate,,,ST6000NM0034,,$0.039,7200,
554,,120 GB,,"2.5""",3.09,,SATA 6 Gb/s,Kingston,,Varies,SV300S37A/120G,,$0.324,,Sandforce SF-2281
555,,480 GB,,"2.5""",9.08,,SATA 6 Gb/s,ADATA,,,ASU650SS-480GT-R,,$0.110,,
556,64 MB,1 TB,,"2.5""",16.67,,SATA 6 Gb/s,Seagate,,,ST91000640NS,,$0.060,7200,
557,,512 GB,,"2.5""",8.83,,SATA 6 Gb/s,ADATA,,,ASU800SS-512GT-C,,$0.113,,
558,,960 GB,,"2.5""",2.75,,SATA 6 Gb/s,Corsair,,,CSSD-F960GBLEB,,$0.364,,
559,64 MB,2 TB,,"3.5""",20.00,,SATA 6 Gb/s,Seagate,,,ST2000DM002,,$0.050,7200,
560,512 MB,512 GB,Black / Silver,M.2-2280,5.51,,M.2 (M),Patriot,,,VPN100-512GM28H,,$0.182,,
561,,256 GB,Black,"2.5""",3.41,,SATA 6 Gb/s,Intenso,,,3812440,,$0.293,,
562,,256 GB,,M.2-2280,2.15,,M.2 (M),Western Digital,,,WDS256G1X0C,,$0.465,,
563,128 MB,4 TB,,"3.5""",21.74,,SATA 6 Gb/s,Seagate,,,ST4000NM0045,,$0.046,7200,
564,512 MB,500 GB,Black,M.2-2280,3.34,,M.2 (M),Samsung,,,MZ-V7E500BW,,$0.300,,
565,,1 TB,Red / Black,M.2-2280,5.56,,M.2 (M),ADATA,,,AGAMMIXS11P-1TT-C,,$0.180,,
566,,120 GB,Black,"2.5""",5.46,,SATA 6 Gb/s,Crucial,,,CT120BX500SSD1,,$0.183,,
567,8 MB,320 GB,,"2.5""",10.67,,SATA 6 Gb/s,Western Digital,,,WD3200LPVX,,$0.094,5400,
568,128 MB,8 TB,Silver,"3.5""",40.02,,SATA 6 Gb/s,Toshiba,,,HDWF180XZSTA,,$0.025,7200,
569,64 MB,2 TB,,"3.5""",26.32,,SATA 3 Gb/s,Western Digital,,,WD2003FYYS-02W0B0,,$0.038,7200,
570,256 MB,240 GB,,"2.5""",2.67,,SATA 6 Gb/s,Mushkin,,,MKNSSDE3240GB,,$0.375,,
571,,2 TB,,"2.5""",6.37,,SATA 6 Gb/s,Seagate,,,ZA2000CM10002,,$0.157,,
572,,240 GB,,"2.5""",6.02,,SATA 6 Gb/s,Silicon Power,,,SP240GBSS3S55S25,,$0.166,,
573,8 MB,1 TB,,"2.5""",21.74,,SATA 3 Gb/s,Samsung,,,ST1000LM024,,$0.046,5400,
574,128 MB,3 TB,,"3.5""",17.45,,SATA 6 Gb/s,Seagate,,,ST3000NM0005,,$0.057,7200,
575,8 MB,750 GB,,"2.5""",15.64,,SATA 6 Gb/s,Western Digital,,,WD7500BPVX,,$0.064,5400,
576,64 MB,4 TB,,"3.5""",36.37,,SATA 6 Gb/s,Western Digital,,,WDBMMA0040HNC-NRSN,,$0.027,5400,
577,,256 GB,,M.2-2242,1.86,,M.2 (B+M),Transcend,,MLC (synchronous),TS256GMTS400,,$0.537,,Silicon Motion
578,,256 GB,Black,"2.5""",8.00,,SATA 6 Gb/s,Team,,,T253X2256G0C101,,$0.125,,
579,,500 GB,Black,M.2-2280,3.95,,M.2 (M),Samsung,,,MZ-V7S500B/AM / MZ-V7S500BW,,$0.253,,
580,,512 GB,,M.2-2280,2.69,,M.2 (M),Intel,,,SSDPEKKF512G7X1,,$0.371,,
581,,120 GB,,"2.5""",6.32,,SATA 6 Gb/s,TCSunBow,,,X3-120GB,,$0.158,,
582,256 MB,14 TB,,"3.5""",29.17,,SATA 6 Gb/s,Seagate,,,ST14000VN0008,,$0.034,7200,
583,,512 GB,,"2.5""",6.92,,SATA 6 Gb/s,Crucial,,MLC (synchronous),CT512M4SSD2,,$0.145,,Marvell 9174
584,64 MB,4 TB,,"3.5""",45.00,,SATA 6 Gb/s,Hitachi,,,HUS724040ALE640,,$0.022,7200,
585,,1 TB,,"2.5""",8.48,,SATA 6 Gb/s,Samsung,,,MZ-76Q1T0B/AM / MZ-76Q1T0BW,,$0.118,,
586,16 MB,500 GB,,"3.5""",8.77,,SATA 3 Gb/s,Western Digital,,,WD5000AVCS,,$0.114,5400,
587,64 MB,4 TB,,"3.5""",40.04,,SATA 6 Gb/s,Seagate,,,ST4000DM005,,$0.025,5900,
588,,240 GB,Black,"2.5""",8.00,,SATA 6 Gb/s,Crucial,,,CT240BX500SSD1,,$0.125,,
589,,120 GB,,"2.5""",6.00,,SATA 6 Gb/s,Inland,,,349381,,$0.167,,
590,64 MB,6 TB,,"3.5""",37.50,,SATA 6 Gb/s,Western Digital,,,WD60EZRZ,,$0.027,5400,
591,,128 GB,,M.2-2280,2.56,,M.2 (B+M),Transcend,,MLC (synchronous),TS128GMTS800,,$0.391,,Silicon Motion
592,,500 GB,,M.2-2280,4.63,,M.2 (M),Western Digital,,,WDS500G2X0C,,$0.216,,
593,32 MB,1 TB,,"3.5""",2.99,,SATA 6 Gb/s,Hitachi,HUA721010KLA330,,HUA721010KLA330 (0A35772),,$0.335,7200,
594,32 MB,2 TB,,"3.5""",16.26,,SATA 3 Gb/s,Hitachi,,,0F10452 / HUA722020ALA330,,$0.061,7200,
595,,256 GB,,"2.5""",1.83,,SATA 6 Gb/s,Samsung,,3D V-NAND,MZ-7KE256BW,,$0.546,,Samsung MEX
596,16 MB,500 GB,,"3.5""",15.16,,SATA 3 Gb/s,Western Digital,,,WD5000AAKS,,$0.066,7200,
597,,512 GB,Black,"2.5""",8.68,,SATA 6 Gb/s,Team,,,T253X2512G0C101,,$0.115,,
598,,60 GB,,"2.5""",2.40,,SATA 6 Gb/s,Team,,,T2535T060G0C101,,$0.416,,
599,128 MB,2 TB,,"2.5""",25.35,,SATA 6 Gb/s,Western Digital,,,WD20SPZX,,$0.039,5400,
600,,256 GB,,"2.5""",2.59,,SATA 6 Gb/s,Samsung,,MLC (toggle),MZ-7PD256BW,,$0.386,,Samsung MDX
601,8 MB,250 GB,,"2.5""",7.81,,SATA 3 Gb/s,Toshiba,,,MK2576GSX,,$0.128,5400,
602,,500 GB,Blue / Black,M.2-2280,7.14,,M.2 (B+M),Western Digital,,,WDS500G1B0C,,$0.140,,
603,,480 GB,Black,"2.5""",4.71,,SATA 6 Gb/s,Kingston,,,SHFR200B/480G,,$0.212,,
604,64 MB,2 TB,,"3.5""",22.26,,SATA 3 Gb/s,Seagate,,,STBD2000101,,$0.045,7200,
605,64 MB,4 TB,,"3.5""",38.10,,SATA 6 Gb/s,Western Digital,,,WD40EFRX,,$0.026,5400,
606,64 MB,2 TB,,"3.5""",36.37,,SATA 6 Gb/s,Seagate,,,ST2000DM006,,$0.027,7200,
607,,500 GB,,"2.5""",7.36,,SATA 6 Gb/s,SanDisk,,,SDSSDH3-500G-G25,,$0.136,,
608,,240 GB,Black,M.2-2280,4.21,,M.2 (M),Corsair,,,CSSD-F240GBMP510,,$0.237,,
609,,2 TB,Black,M.2-2280,6.06,,M.2 (M),HP,,,5MS24AA#ABC,,$0.165,,
610,,3.84 TB,,"2.5""",7.40,,SATA 6 Gb/s,Seagate,,,XA3840LE10063,,$0.135,,
611,256 MB,12 TB,,"3.5""",26.09,,SATA 6 Gb/s,Seagate,,,ST12000NE0008,,$0.038,7200,
612,,512 GB,,M.2-2280,4.13,,M.2 (M),Plextor,,,PX-512M9PeGN,,$0.242,,
613,,128 GB,,"2.5""",5.34,,SATA 6 Gb/s,ADATA,,,ASU800SS-128GT-C,,$0.187,,
614,64 MB,4 TB,,"3.5""",30.77,,SATA 6 Gb/s,Toshiba,,,MG03ACA400,,$0.032,7200,
615,,256 GB,,M.2-2280,5.69,,M.2 (M),Silicon Power,,,SP256GBP34A80M28,,$0.176,,
616,,512 GB,Black,M.2-2280,5.69,,M.2 (M),HP,,,5MS22AA#ABC,,$0.176,,
617,64 MB,3 TB,,"3.5""",34.49,,SATA 6 Gb/s,Western Digital,,,WD30PURZ,,$0.029,5400,
618,16 MB,750 GB,,"2.5""",10.72,,SATA 3 Gb/s,Western Digital,,,WD7500BPKT,,$0.093,7200,
619,,256 GB,,M.2-2280,1.97,,M.2 (M),ADATA,,,ASX8000NP-256GM-C,,$0.508,,
620,,500 GB,,"2.5""",5.44,,SATA 6 Gb/s,Seagate,,,ZA500CM10002,,$0.184,,
621,64 MB,4 TB,,"3.5""",13.32,,SATA 6 Gb/s,Western Digital,,,WD40EZRX,,$0.075,5900,
622,,128 GB,,M.2-2280,1.98,,M.2 (B+M),SanDisk,,,SD8SNAT-128G-1122,,$0.505,,
623,8 MB,250 GB,,"3.5""",10.00,,SATA 3 Gb/s,Western Digital,,,WD2500AVVS,,$0.100,5400,
624,,256 GB,,"2.5""",3.20,,SATA 6 Gb/s,ADATA,,MLC (synchronous),ASP600S3-256GM-C,,$0.312,,JMicron JMF661
625,,128 GB,,"2.5""",1.28,,SATA 6 Gb/s,Toshiba,,MLC (toggle),HDTS212XZSTA,,$0.781,,Toshiba TC58NC5HA9GST
626,,120 GB,Black,"2.5""",4.29,,SATA 6 Gb/s,HP,,,2DP97AA#ABC,,$0.233,,
627,16 MB,750 GB,,"2.5""",9.62,,SATA 6 Gb/s,Western Digital,,,WD7500BPKX,,$0.104,7200,
628,256 MB,8 TB,,"3.5""",36.04,,SATA 6 Gb/s,Western Digital,,,WD81PURZ,,$0.028,5400,
629,,1 TB,,M.2-2280,3.32,,M.2 (B+M),Samsung,,,MZ-N5E1T0BW,,$0.301,,
630,,250 GB,,"2.5""",3.57,,SATA 6 Gb/s,SK hynix,,,HFS250G32TND-N1A2A,,$0.280,,
631,4 GB,4 TB,,"2.5""",3.16,,SATA 6 Gb/s,Samsung,MZ-75E4T0B,,MZ-75E4T0B/AM / MZ-75E4T0BW / MZ-75E4T0B/EU / MZ-75E4T0B/KR / MZ-75E4T0B/CN / MZ-75E4T0B,,$0.317,,Samsung MHX
632,,240 GB,Black,M.2-2280,5.22,,M.2 (B+M),Kingston,,,SA1000M8/240G,,$0.192,,
633,256 MB,6 TB,,"3.5""",33.70,,SATA 6 Gb/s,Seagate,,,ST6000VX001,,$0.030,5400,
634,64 MB,1 TB,,"2.5""",7.14,8.389 GB,SATA 6 Gb/s,Western Digital,,,WD10J31X,,$0.140,5400,
635,,120 GB,,"2.5""",1.13,,SATA 6 Gb/s,SanDisk,,MLC (toggle),SDSSDXP-120G-G25,,$0.883,,Marvell 9187
636,,128 GB,,"2.5""",3.84,,SATA 6 Gb/s,Transcend,,,TS128GSSD230S,,$0.261,,
637,,240 GB,,PCI-E,0.80,,PCI-Express x4,Asus,,MLC (toggle),RAIDR EXPRESS / 90MB0G60-M0EAY0,,$1.247,,Sandforce SF-2281
638,32 MB,500 GB,,"3.5""",8.35,,SATA 3 Gb/s,Western Digital,,,WD5000AVDS,,$0.120,5400,
639,,480 GB,,M.2-2280,2.61,,M.2 (M),PNY,,,M280CS2030-480-RB,,$0.383,,
640,,256 GB,Green / Black,M.2-2280,2.76,,M.2 (B+M),Silicon Power,,,SU256GBSS3A55M28AB,,$0.362,,
641,32 MB,1 TB,,"3.5""",10.05,,SATA 3 Gb/s,Seagate,,,ST31000340NS,,$0.100,7200,
642,,250 GB,,M.2-2280,1.92,,M.2 (B+M),Samsung,,,MZ-N5E250BW,,$0.520,,
643,64 MB,1 TB,,"3.5""",16.67,,SATA 6 Gb/s,Western Digital,,,WD10EFRX,,$0.060,5400,
644,64 MB,3 TB,,"3.5""",31.30,,SATA 6 Gb/s,Toshiba,,,HDWD130UZSVA,,$0.032,7200,
645,1 GB,1 TB,,"2.5""",7.70,,SATA 6 Gb/s,Crucial,,,CT1000MX500SSD1,,$0.130,,
646,,960 GB,,"2.5""",10.11,,SATA 6 Gb/s,ADATA,,,ASU655SS-960GT-C,,$0.099,,
647,1 GB,512 GB,Green / Black,M.2-2280,6.83,,M.2 (B+M),Plextor,,,PX-512M8VG,,$0.146,,
648,32 MB,1 TB,,"3.5""",14.31,,SATA 3 Gb/s,Western Digital,,,WD10EALS,,$0.070,7200,
649,,128 GB,Black,"2.5""",6.40,,SATA 6 Gb/s,Team,,,T253X2128G0C101,,$0.156,,
650,256 MB,256 GB,Black,M.2-2280,6.25,,M.2 (M),HP,,,2YY45AA#ABC,,$0.160,,
651,32 MB,1 TB,,"3.5""",20.25,,SATA 3 Gb/s,Hitachi,7K1000.C,,HDS721010CLA332,,$0.049,7200,
652,32 MB,500 GB,,"3.5""",10.00,,SATA 3 Gb/s,Seagate,,,ST3500320AS,,$0.100,7200,
653,64 MB,1 TB,,"3.5""",14.29,,SATA 6 Gb/s,Western Digital,,,WD1003FBYZ,,$0.070,7200,
654,,1 TB,Green / Black,M.2-2280,9.10,,M.2 (M),Intel,,,SSDPEKNW010T8X1,,$0.110,,
655,,512 GB,Blue / Black,M.2-2280,7.32,,M.2 (B+M),Inland,,,512GB NVME,,$0.137,,
656,16 MB,320 GB,,"2.5""",8.00,,SATA 3 Gb/s,Seagate,,,ST320LT007,,$0.125,7200,
657,16 MB,1 TB,,"2.5""",20.83,,SATA 3 Gb/s,Western Digital,,,WD10JUCT,,$0.048,5400,
658,64 MB,1 TB,,"3.5""",18.92,,SATA 6 Gb/s,Western Digital,,,WD10PURZ,,$0.053,5400,
659,,240 GB,Black,"2.5""",3.24,,SATA 6 Gb/s,Kingston,,,SHFR200B/240G,,$0.308,,
660,,32 GB,,M.2-2260,0.80,,M.2 (B+M),Transcend,,MLC (synchronous),TS32GMTS600,,$1.244,,Silicon Motion
661,,120 GB,,M.2-2280,3.65,,M.2 (B+M),Kingston,,,SUV500M8/120G,,$0.274,,
662,128 MB,6 TB,,"3.5""",25.00,,SATA 6 Gb/s,Western Digital,,,WD6002FRYZ,,$0.040,7200,
663,,512 GB,Yellow,"2.5""",9.48,,SATA 6 Gb/s,Drevo,,,X1P-512GB,,$0.105,,
664,128 MB,1 TB,,"2.5""",17.89,,SATA 6 Gb/s,Seagate,,,ST1000LM049,,$0.056,7200,
665,256 MB,10 TB,,"3.5""",34.66,,SAS 12 Gb/s,Hitachi,,,0F27502,,$0.029,7200,
666,,60 GB,,"2.5""",3.53,,SATA 6 Gb/s,TCSunBow,,,X3-60GB,,$0.283,,
667,64 MB,3 TB,,"3.5""",20.69,,SATA 6 Gb/s,Western Digital,,,WD3000F9YZ,,$0.048,7200,
668,,120 GB,,"2.5""",3.01,,SATA 6 Gb/s,Western Digital,,,WDS120G1G0A,,$0.332,,
669,,1 TB,,"2.5""",2.34,,SATA 6 Gb/s,Intel,,,SSDSC2KW010X6X1,,$0.428,,
670,8 MB,250 GB,,"3.5""",6.82,,SATA 3 Gb/s,Seagate,,,ST3250312CS,,$0.147,5900,
671,,128 GB,,M.2-2280,1.24,,M.2 (M),Intel,,,SSDPEKKF128G7X1,,$0.805,,
672,256 MB,12 TB,,"3.5""",31.01,,SATA 6 Gb/s,Seagate,,,ST12000NM0017,,$0.032,7200,
673,,60 GB,,"2.5""",1.44,,SATA 6 Gb/s,Silicon Power,,,SP060GBSS3S60S25,,$0.697,,
674,,120 GB,,"2.5""",3.44,,SATA 6 Gb/s,SanDisk,,,SDSSDA-120G-G25,,$0.291,,
675,,512 GB,,"2.5""",6.83,,SATA 6 Gb/s,Intel,,,SSDSC2KW512G8X1,,$0.146,,
676,128 MB,2 TB,,"3.5""",16.95,,SATA 6 Gb/s,Seagate,,,ST2000NM0135,,$0.059,7200,
677,128 MB,1 TB,Silver,"2.5""",20.41,,SATA 6 Gb/s,Western Digital,,,WD10SPZX,,$0.049,5400,
678,128 MB,5 TB,,"3.5""",11.93,,SATA 6 Gb/s,Seagate,,,ST5000DM002,,$0.084,7200,
679,,512 GB,Black,M.2-2280,6.83,,M.2 (M),ADATA,,,ASX6000PNP-512GT-C,,$0.146,,
680,,128 GB,,M.2-2280,3.57,,M.2 (B+M),ADATA,,,ASU800NS38-128GT-C,,$0.280,,
681,8 MB,320 GB,,"2.5""",15.33,,SATA 3 Gb/s,Toshiba,,,MK3276GSX,,$0.065,5400,
682,256 MB,10 TB,,"3.5""",33.24,,SATA 6 Gb/s,Seagate,,,ST10000VX0004,,$0.030,5900,
683,,120 GB,,"2.5""",3.97,,SATA 6 Gb/s,Transcend,,TLC (toggle),TS120GSSD220S,,$0.252,,
684,,250 GB,,"2.5""",2.78,,SATA 6 Gb/s,Crucial,,MLC,CT250BX100SSD1,,$0.360,,Silicon Motion SM2246EN
685,128 MB,6 TB,,"3.5""",8.58,,SATA 6 Gb/s,Hitachi,,,0F23269,,$0.117,7200,
686,,128 GB,,M.2-2280,1.44,,M.2 (M),ADATA,,,ASX8000NP-128GM-C,,$0.695,,
687,,240 GB,Black / Silver,"2.5""",8.00,,SATA 6 Gb/s,Lexar,,,LNS100-240RBNA,,$0.125,,
688,,480 GB,,"2.5""",5.52,,SATA 6 Gb/s,SanDisk,,,SDSSDHII-480G-G25,,$0.181,,
689,,1 TB,,M.2-2280,9.10,,M.2 (B+M),Western Digital,,,WDS100T2B0B,,$0.110,,
690,,960 GB,,"2.5""",4.37,,SATA 6 Gb/s,SanDisk,,,SDSSDHII-960G-G25,,$0.229,,
691,32 MB,500 GB,,"2.5""",9.47,,SATA 6 Gb/s,Western Digital,,,WD5000LPLX,,$0.106,7200,
692,32 MB,1 TB,,"2.5""",9.68,,SATA 6 Gb/s,Western Digital,,,WD10JQLX,,$0.103,7200,
693,,1 TB,Black,"2.5""",8.33,,SATA 6 Gb/s,Team,,,T253TR001T3C313,,$0.120,,
694,,120 GB,Green,M.2-2280,2.52,,M.2 (M),Mushkin,,,MKNSSDPL120GB-D8,,$0.397,,
695,,120 GB,,"2.5""",6.00,,SATA 6 Gb/s,ADATA,,,ASU655SS-120GT-C,,$0.167,,
696,,2 TB,,"2.5""",2.35,,SATA 6 Gb/s,Samsung,,,MZ-7KE2T0BW,,$0.425,,
697,,256 GB,,M.2-2280,2.05,,M.2 (M),Intel,,,SSDPEKKW256G7X1,,$0.488,,
698,8 MB,500 GB,,"2.5""",12.82,,SATA 3 Gb/s,Seagate,,,ST9500325AS,,$0.078,5400,
699,,480 GB,Green / Black,"2.5""",6.87,,SATA 6 Gb/s,ADATA,,,ASU650SS-480GT-C,,$0.146,,
700,32 MB,1 TB,,"3.5""",27.21,,SATA 3 Gb/s,Hitachi,A7K1000-1000,,HUA721010KLA330,,$0.037,7200,
701,,480 GB,,"2.5""",3.43,,SATA 6 Gb/s,ADATA,,,ASP550SS3-480GM-C,,$0.291,,
702,,256 GB,Black,M.2-2280,5.69,,M.2 (M),ADATA,,,ASX6000PNP-256GT-C,,$0.176,,
703,,240 GB,,"2.5""",3.66,,SATA 6 Gb/s,Kingston,,,SUV400S37/240G,,$0.273,,
704,,240 GB,,M.2-2280,3.11,,M.2 (M),Corsair,,,CSSD-F240GBMP500,,$0.322,,
705,128 MB,4 TB,,"3.5""",26.27,,SATA 6 Gb/s,Toshiba,,,HDWE140EZSTA,,$0.038,7200,
706,64 MB,2 TB,,"3.5""",26.67,,SATA 6 Gb/s,Toshiba,,,HDKPC09,,$0.037,7200,
707,256 MB,8 TB,,"3.5""",32.01,,SATA 6 Gb/s,Western Digital,,,WD80EFAX,,$0.031,5400,
708,128 MB,4 TB,,"3.5""",23.68,,SATA 6 Gb/s,Seagate,,,ST4000DM006,,$0.042,7200,
709,64 MB,1 TB,,"3.5""",20.01,,SATA 6 Gb/s,Western Digital,,,WDBH2D0010HNC-NRSN,,$0.050,7200,
710,,240 GB,Gold,"2.5""",6.88,,SATA 6 Gb/s,Team,,,T253TD240G3C101,,$0.145,,
711,64 MB,2 TB,,"3.5""",25.03,,SATA 6 Gb/s,Seagate,,,ST2000VN004,,$0.040,5900,
712,,250 GB,,"2.5""",1.92,,SATA 6 Gb/s,Samsung,,TLC (toggle),MZ-7TE250BW,,$0.520,,Samsung MEX
713,,800 GB,,PCI-E,1.39,,PCI-Express x1,Corsair,,,CSSD-N800GBNX500,,$0.719,,
714,,128 GB,,"2.5""",3.38,,SATA 6 Gb/s,Transcend,,,TS128GSSD370S,,$0.296,,
715,128 MB,4 TB,,"3.5""",26.67,,SATA 6 Gb/s,Seagate,,,ST4000NE0025,,$0.037,7200,
716,128 MB,6 TB,,"3.5""",30.07,,SATA 6 Gb/s,Western Digital,,,WD6001FSYZ,,$0.033,7200,
717,64 MB,3 TB,,"3.5""",35.48,,SATA 6 Gb/s,Western Digital,,,WD30EZRZ,,$0.028,5400,
718,,480 GB,Black,M.2-2280,5.79,,M.2 (B+M),Kingston,,,SA1000M8/480G,,$0.173,,
719,,180 GB,,"2.5""",1.03,,SATA 6 Gb/s,Intel,,MLC (synchronous),SSDSC2CW180A310,,$0.967,,Sandforce SF-2281
720,,480 GB,Black / Silver,"2.5""",9.60,,SATA 6 Gb/s,TCSunBow,,,X3 480GB-1,,$0.104,,
721,256 MB,12 TB,,"3.5""",33.43,,SATA 6 Gb/s,Seagate,,,ST12000NM0007,,$0.030,7200,
722,64 MB,500 GB,,"3.5""",7.83,,SATA 6 Gb/s,Western Digital,,,WD5003AZEX,,$0.128,7200,
723,16 MB,250 GB,,"2.5""",7.81,,SATA 3 Gb/s,Samsung,,,HM250HJ,,$0.128,7200,
724,,128 GB,Black,"2.5""",3.16,,SATA 6 Gb/s,Intenso,,,3812430,,$0.316,,
725,64 MB,4 TB,,"3.5""",47.06,,SATA 6 Gb/s,Western Digital,,,WD40EZRZ,,$0.021,5400,
726,,2 TB,,"2.5""",8.33,,SATA 6 Gb/s,SanDisk,,,SDSSDH3-2T00-G25,,$0.120,,
727,,800 GB,,PCI-E,1.04,,PCI-Express x4,Intel,,,SSDPEDMW800G4X1,,$0.964,,
728,,1 TB,,M.2-2280,6.67,,M.2 (M),Plextor,,,PX-1TM9PeGN,,$0.150,,
729,,480 GB,,"2.5""",9.60,,SATA 6 Gb/s,ADATA,,,ASU655SS-480GT-C,,$0.104,,
730,,960 GB,Black,"2.5""",4.68,,SATA 6 Gb/s,Kingston,,,SHFR200B/960G,,$0.214,,
731,256 MB,12 TB,,"3.5""",29.03,,SATA 6 Gb/s,Seagate,,,ST12000NE0007,,$0.034,7200,
732,,120 GB,Green / Black,"2.5""",4.01,,SATA 6 Gb/s,ADATA,,,ASU650SS-120GT-C,,$0.249,,
733,128 MB,2 TB,Silver,"3.5""",18.18,,SATA 6 Gb/s,Seagate,,,ST2000NE0025,,$0.055,7200,
734,256 MB,4 TB,,"3.5""",24.24,,SATA 6 Gb/s,Western Digital,,,WD4005FZBX,,$0.041,7200,
735,,120 GB,,"2.5""",6.32,,SATA 6 Gb/s,Patriot,,,PBU120GS25SSDR,,$0.158,,
736,32 MB,500 GB,,"3.5""",9.83,,SATA 6 Gb/s,Toshiba,,,DT01ACA050,,$0.102,7200,
737,,256 GB,,"2.5""",3.61,,SATA 6 Gb/s,Transcend,,,TS256GSSD370S,,$0.277,,
738,,500 GB,,M.2-2280,7.71,,M.2 (B+M),Western Digital,,,WDS500G2B0B,,$0.130,,
739,32 MB,750 GB,,"3.5""",15.00,,SATA 3 Gb/s,Seagate,,,ST3750528AS,,$0.067,7200,
740,,240 GB,,"2.5""",5.35,,SATA 6 Gb/s,PNY,,,SSD7CS1311-240-RB,,$0.187,,
741,,240 GB,Blue / Black,M.2-2280,7.83,,M.2 (B+M),Kingston,,,SA400M8/240G,,$0.128,,
742,128 MB,4 TB,,"3.5""",19.61,,SATA 6 Gb/s,Seagate,,,ST4000NM0024,,$0.051,7200,
743,,2 TB,,"2.5""",25.00,8.59 GB,SATA 6 Gb/s,Seagate,,,ST2000LX001,,$0.040,5400,
744,,512 GB,Blue,M.2-2280,7.76,,M.2 (B+M),Patriot,,,PS512GPM280SSDR,,$0.129,,
745,128 MB,2 TB,,"2.5""",23.56,,SATA 6 Gb/s,Seagate,,,ST2000LM015,,$0.042,5400,
746,,480 GB,,"2.5""",9.60,,SATA 6 Gb/s,Inland,,,480 GB SSD,,$0.104,,
747,1 GB,1 TB,,M.2-2280,2.60,,M.2 (M),Samsung,,3D V-NAND,MZ-V6P1T0BW / MZ-V6P1T0,,$0.385,,
748,256 MB,8 TB,,"3.5""",29.35,,SATA 6 Gb/s,Seagate,,,ST8000DM0004,,$0.034,7200,
749,,512 GB,,M.2-2280,5.70,,M.2 (B+M),ADATA,,,ASU800NS38-512GT-C,,$0.176,,
750,,512 GB,,"2.5""",2.14,,SATA 6 Gb/s,Samsung,,3D V-NAND,MZ-7KE512BW,,$0.467,,Samsung MEX
751,256 MB,14 TB,,"3.5""",28.00,,SATA 6 Gb/s,Toshiba,,,HDWG21EXZSTA,,$0.036,7200,
752,64 MB,500 GB,,"3.5""",11.94,,SATA 6 Gb/s,Toshiba,,,HDWD105XZSTA,,$0.084,7200,
753,256 MB,10 TB,,"3.5""",32.95,,SATA 6 Gb/s,Seagate,,,ST10000NM0016,,$0.030,7200,
754,,1 TB,,"2.5""",10.53,,SATA 6 Gb/s,Silicon Power,,,SP001TBSS3A55S25,,$0.095,,
755,32 MB,1.5 TB,,"3.5""",27.28,,SATA 3 Gb/s,Seagate,,,ST31500341AS,,$0.037,7200,
756,128 MB,6 TB,,"3.5""",21.87,,SATA 6 Gb/s,Western Digital,,,WD6002FZWX,,$0.046,7200,
757,,2 TB,,"2.5""",7.75,,SATA 6 Gb/s,Samsung,,,MZ-76Q2T0B/AM / MZ-76Q2T0BW,,$0.129,,
758,,32 GB,,M.2-2280,2.13,,M.2 (B+M),Transcend,,MLC (synchronous),TS32GMTS800,,$0.468,,Silicon Motion
759,,250 GB,,M.2-2280,3.85,,M.2 (M),Western Digital,,,WDS250G2X0C,,$0.260,,
760,256 MB,14 TB,,"3.5""",28.57,,SATA 6 Gb/s,Toshiba,,,HDWR21EXZSTA,,$0.035,7200,
761,32 MB,1 TB,,"3.5""",13.34,,SATA 3 Gb/s,Samsung,,,HD103SJ,,$0.075,7200,
762,64 MB,1.5 TB,,"3.5""",25.00,,SATA 6 Gb/s,Seagate,,,ST1500DL003,,$0.040,5900,
763,,960 GB,Black,"2.5""",6.00,,SATA 6 Gb/s,Kingston,,,SHFR200/960G,,$0.167,,
764,64 MB,4 TB,,"3.5""",54.14,,SATA 6 Gb/s,Seagate,,,ST4000NC001,,$0.018,5900,
765,512 MB,250 GB,Black,"2.5""",4.37,,SATA 6 Gb/s,Samsung,,,MZ-76E250B/AM / MZ-76E250B/EU,,$0.229,,
766,256 MB,6 TB,,"3.5""",30.00,,SATA 6 Gb/s,Seagate,,,ST6000NE0021,,$0.033,7200,
767,,128 GB,Blue,M.2-2280,4.00,,M.2 (B+M),Patriot,,,PS128GPM280SSDR,,$0.250,,
768,256 MB,6 TB,,"3.5""",29.27,,SATA 6 Gb/s,Western Digital,,,WD6003FFBX,,$0.034,7200,
769,8 MB,250 GB,,"3.5""",8.06,,SATA 3 Gb/s,Western Digital,,,WD2500AAJS,,$0.124,7200,
770,64 MB,4 TB,,"3.5""",35.72,,SATA 6 Gb/s,Western Digital,,,WD40PURZ,,$0.028,5400,
771,512 MB,256 GB,Silver,"2.5""",6.40,,SATA 6 Gb/s,Plextor,,,PX-256M8VC,,$0.156,,
772,,1 TB,,M.2-2280,5.41,,M.2 (M),Intel,,,SSDPEKKW010T8X1,,$0.185,,
773,64 MB,2 TB,,"3.5""",34.19,,SATA 6 Gb/s,Western Digital,,,WD2000FYYZ,,$0.029,7200,
774,8 MB,40 GB,,"2.5""",2.00,,SATA 3 Gb/s,Seagate,,,ST940818SM,,$0.500,5400,
775,,120 GB,,"2.5""",1.08,,SATA 6 Gb/s,Samsung,,,MZ-75E120B/AM / MZ-75E120B/EU / MZ-75E120BW/EU / MZ-75E120BW,,$0.924,,
776,,1.6 TB,,"2.5""",1.99,,PCI-Express x4,Intel,,,SSDPE2ME016T401,,$0.502,,
777,512 MB,250 GB,Black,M.2-2280,2.51,,M.2 (M),Samsung,,,MZ-V7E250BW,,$0.399,,
778,64 MB,3 TB,,"3.5""",40.01,,SATA 6 Gb/s,Seagate,,,ST3000DM008,,$0.025,7200,
779,128 MB,1 TB,,"3.5""",25.01,,SATA 6 Gb/s,Seagate,,,ST1000NM0033,,$0.040,7200,
780,,500 GB,,"2.5""",5.56,,SATA 6 Gb/s,Crucial,,,CT500MX200SSD1,,$0.180,,
781,32 MB,750 GB,,"3.5""",21.43,,SATA 3 Gb/s,Hitachi,A7K1000-750,,HUA721075KLA330,,$0.047,7200,
782,8 MB,320 GB,,"3.5""",16.75,,SATA 3 Gb/s,Western Digital,,,WD3200AAJS,,$0.060,7200,
783,,128 GB,,M.2-2280,4.20,,M.2 (M),ADATA,,,ASX6000NP-128GT-C,,$0.238,,
784,64 MB,1 TB,,"3.5""",22.28,,SATA 6 Gb/s,Seagate,,,ST1000DM010,,$0.045,7200,
785,32 MB,1 TB,,"3.5""",17.09,,SATA 6 Gb/s,Toshiba,,,HDKPC03,,$0.058,7200,
786,,512 GB,Green / Black,M.2-2280,7.94,,M.2 (B+M),Plextor,,,PX-512S2G,,$0.126,,
787,512 MB,500 GB,,"2.5""",3.57,,SATA 6 Gb/s,Samsung,,,MZ-750500BW,,$0.280,,Samsung MGX
788,256 MB,10 TB,,"3.5""",27.78,,SATA 6 Gb/s,Western Digital,,,WD101KFBX,,$0.036,7200,
789,128 MB,2 TB,,"2.5""",28.78,,SATA 6 Gb/s,Seagate,,,ST2000LM007,,$0.035,5400,
790,,256 GB,,"2.5""",4.28,,SATA 6 Gb/s,Silicon Power,,,SU256GBSS3A55S25AE,,$0.234,,
791,8 MB,500 GB,,"2.5""",14.97,,SATA 3 Gb/s,Toshiba,,,MQ01ABD050,,$0.067,5400,
792,2 GB,2 TB,,"2.5""",8.00,,SATA 6 Gb/s,Crucial,,,CT2000MX500SSD1,,$0.125,,
793,64 MB,2 TB,,"3.5""",28.58,,SATA 6 Gb/s,Western Digital,,,WDBH2D0020HNC-NRSN,,$0.035,5900,
794,,2 TB,Black,"2.5""",9.22,,SATA 6 Gb/s,ADATA,,,ASU800SS-2TT-C,,$0.108,,
795,,128 GB,,"2.5""",1.22,,SATA 6 Gb/s,Crucial,,MLC (synchronous),CT128M550SSD1,True,$0.820,,Marvell 9189
796,,500 GB,,M.2-2280,7.15,,M.2 (B+M),Crucial,,,CT500MX500SSD4,,$0.140,,
797,8 MB,1 TB,,"2.5""",18.19,,SATA 6 Gb/s,Western Digital,,,WD10JPVX,,$0.055,5400,
