,CPU Socket,Chipset,Color,CrossFire Support,Form Factor,Half Mini-PCI-Express,Manufacturer,Maximum Supported Memory,Memory Slots,Memory Type,Micro SATA 6 Gb/s,Mini-PCI-Express,Mini-PCI-Express/mSATA,Model,Onboard Ethernet,Onboard USB 3.0 Header(s),Onboard Video,PATA 100,Part Number,RAID Support,SATA 3 Gb/s,SATA 6 Gb/s,SATA Express,SLI Support,U.2,U.2 (SFF-8639),eSATA 3Gb/s,eSATA 6Gb/s
0,LGA1151,Intel Z390,Black / Gold,True,ATX,,Asus,64 GB,4 x 288-pin DIMM,DDR4-2133 / 2400 / 2666 / 2800 / 3000 / 3200 / 3300 / 3333 / 3400 / 3466 / 3600 / 3733 / 3866 / 4000 / 4133 / 4266,,,,,1 x 1000 Mbit/s,True,Depends on CPU,,TUF Z390-PLUS GAMING (WI-FI),True,,6,,False,,,,
1,LGA1151,Intel H310,White,False,Micro ATX,,MSI,32 GB,2 x 288-pin DIMM,DDR4-2133 / 2400 / 2666,,,,,1 x 1000 Mbit/s,True,Depends on CPU,,H310M GAMING ARCTIC,False,,4,,False,,,,
2,AM4,AMD B350,Black / Yellow,False,ATX,,Biostar,32 GB,2 x 288-pin DIMM,DDR4-1866 / 2133 / 2400 / 2666 / 2933 / 3200,,,,,1 x 1000 Mbit/s,True,Depends on CPU,,TB350-BTC,True,,4,,False,,,,
3,LGA1151,Intel Z370,Black / Silver,True,ATX,,Asus,64 GB,4 x 288-pin DIMM,DDR4-2133 / 2400 / 2666 / 2800 / 3000 / 3200 / 3300 / 3333 / 3400 / 3466 / 3600 / 3733 / 3866 / 4000,,,,ROG STRIX Z370-F GAMING,1 x 1000 Mbit/s,True,Depends on CPU,,STRIX Z370-F GAMING / ROG STRIX Z370-F GAMING / 90MB0V50-M0EAY0,True,,6,,True,,,,
4,LGA1151,Intel Z390,Black / Silver,False,Mini ITX,,Asus,32 GB,2 x 288-pin DIMM,DDR4-2133 / 2400 / 2666 / 2800 / 3000 / 3200 / 3300 / 3333 / 3400 / 3466 / 3600 / 3733 / 3866 / 4000 / 4133 / 4266 / 4333 / 4400 / 4500,,,,,1 x 1000 Mbit/s,True,Depends on CPU,,ROG STRIX Z390-I GAMING,True,,4,,False,,,,
5,AM4,AMD X370,Black / Red,False,Mini ITX,,ASRock,32 GB,2 x 288-pin DIMM,DDR4-2133 / 2400 / 2666 / 2933 / 3200 / 3466,,,,,1 x 1000 Mbit/s,True,Depends on CPU,,X370 Gaming-ITX/ac,True,,4,,False,,,,
6,AM4,AMD X470,Black,False,Mini ITX,,Asus,32 GB,2 x 288-pin DIMM,DDR4-2133 / 2400 / 2666 / 2800 / 2933 / 3000 / 3200 / 3466,,,,ROG STRIX X470-I GAMING,1 x 1000 Mbit/s,True,Depends on CPU,,STRIX X470-I GAMING / ROG STRIX X470-I GAMING,True,,4,,False,,,,
7,LGA1155,Intel Q67,Green / Blue,False,Micro ATX,,Intel,32 GB,4 x 240-pin DIMM,DDR3-1066 / 1333,,,,DQ67SWB3,1 x 1000 Mbit/s,False,Depends on CPU,,BOXDQ67SWB3,True,2,2,,False,,,2,
8,AM4,AMD X370,Black / White,False,ATX,,Biostar,64 GB,4 x 288-pin DIMM,DDR4-1866 / 2133 / 2400 / 2666,,,,,1 x 1000 Mbit/s,True,Depends on CPU,,X370GT5,True,,6,,False,,,,
9,LGA2011,Intel C602J,Green / Blue,False,ATX,,Supermicro,64 GB,8 x 240-pin DIMM,DDR3-1066 / 1333 / 1600,,,,,2 x 10 Gbit/s,False,True,,X9SRH-7TF / X9SRH-7TF-O,True,4,2,,False,,,,
10,FM2,AMD A55,Brown / Black,True,Micro ATX,,ASRock,16 GB,2 x 240-pin DIMM,DDR3-800 / 1066 / 1333 / 1600 / 1866 / 2133 / 2400,,,,,1 x 1000 Mbit/s,False,Depends on CPU,,FM2A55M-DGS,True,6,,,False,,,,
11,LGA1151,Intel B365,Black / Silver,True,ATX,,ASRock,64 GB,4 x 288-pin DIMM,DDR4-2133 / 2400 / 2666,,,,,1 x 1000 Mbit/s,True,Depends on CPU,,B365 Pro4,True,,6,,False,,,,
12,AM4,AMD A320,Brown / Black,False,Micro ATX,,MSI,32 GB,2 x 288-pin DIMM,DDR4-1866 / 2133 / 2400 / 2666 / 2933 / 3200,,,,,1 x 1000 Mbit/s,True,Depends on CPU,,A320M PRO-VHL,True,,4,,False,,,,
13,LGA1151,Intel Z370,Black / Silver,True,ATX,,Asus,64 GB,4 x 288-pin DIMM,DDR4-2133 / 2400 / 2666 / 2800 / 3000 / 3200 / 3300 / 3333 / 3400 / 3466 / 3600 / 3733 / 3866 / 4000,,,,,1 x 1000 Mbit/s,True,Depends on CPU,,PRIME Z370-A II / 90MB0ZT0-M0EAY0,True,,6,,True,,,,
14,AM4,AMD B450,Black / Silver,False,Mini ITX,,Gigabyte,32 GB,2 x 288-pin DIMM,DDR4-2133 / 2400 / 2666 / 2933 / 3200,,,,,1 x 1000 Mbit/s,True,Depends on CPU,,B450 I AORUS PRO WIFI,True,,4,,False,,,,
15,AM4,AMD X370,Black / White,True,ATX,,Gigabyte,64 GB,4 x 288-pin DIMM,DDR4-2133 / 2400 / 2933 / 3200,,,,,2 x 1000 Mbit/s,True,Depends on CPU,,GA-AX370-GAMING 5,True,,4,2,True,1,,,
16,LGA2066,Intel X299,Black / Silver,True,SSI CEB,,Asus,128 GB,8 x 288-pin DIMM,DDR4-2133 / 2400 / 2666 / 3600 / 4000 / 4133 / 4200,,,,,2 x 10 Gbit/s,True,False,,WS X299 SAGE/10G,True,,8,,4-way SLI,2,,,
17,LGA1151,Intel H370,Black / Silver,True,ATX,,Gigabyte,64 GB,4 x 288-pin DIMM,DDR4-2133 / 2400 / 2666,,,,,1 x 1000 Mbit/s,True,Depends on CPU,,H370 HD3,True,,6,,False,,,,
18,AM4,AMD B350,Black / Red,False,Micro ATX,,Asus,32 GB,2 x 288-pin DIMM,DDR4-2133 / 2400 / 2666 / 2933 / 3200,,,,,1 x 1000 Mbit/s,True,Depends on CPU,,PRIME B350M-E,True,,4,,False,,,,
19,AM4,AMD B450,Black / Silver,False,Micro ATX,,ASRock,32 GB,2 x 288-pin DIMM,DDR4-2133 / 2400 / 2666 / 2933 / 3200,,,,,1 x 1000 Mbit/s,True,Depends on CPU,,B450M-HDV,True,,4,,False,,,,
20,LGA2066,Intel X299,Black / Silver,True,ATX,,ASRock,128 GB,8 x 288-pin DIMM,DDR4-2133 / 2400 / 2666 / 2800 / 2933 / 3200 / 3600 / 3733 / 3800 / 3866 / 4000 / 4133 / 4266,,,,Fatal1ty X299 Gaming K6,2 x 1000 Mbit/s,True,False,,X299 Gaming K6 / Fatal1ty X299 Gaming K6,True,,8,,3-way SLI,,,,
21,LGA2066,Intel X299,Black / Silver,True,ATX,,Asus,128 GB,8 x 288-pin DIMM,DDR4-2133 / 2400 / 2666 / 3600 / 4000,,,,,2 x 1000 Mbit/s,True,Depends on CPU,,PRIME X299-DELUXE / 90MB0TY0-M0EAY0,True,,7,,3-way SLI,1,,,
22,LGA2011-3 Narrow,Intel C612,Black / Green,False,ATX,,Supermicro,1000 GB,8 x 288-pin DIMM,DDR4-1600 / 1866 / 2133 / 2400,,,,,2 x 1000 Mbit/s,True,True,,MBD-X10SRL-F-O / X10SRL-F-O,True,,10,,False,,,,
23,LGA1151,Intel Z390,Black / Silver,True,ATX,,ASRock,64 GB,4 x 288-pin DIMM,DDR4-2133 / 2400 / 2666 / 2800 / 2933 / 3200 / 3600 / 3733 / 3800 / 3866 / 4000 / 4133,,,,,1 x 1000 Mbit/s,True,Depends on CPU,,Z390 Pro4,True,,6,,False,,,,
24,LGA1151,Intel H310,Silver / Black,False,Micro ATX,,Asus,32 GB,2 x 288-pin DIMM,DDR4-2133 / 2400 / 2666,,,,,1 x 1000 Mbit/s,True,Depends on CPU,,PRIME H310M-A,False,,4,,False,,,,
25,AM4,AMD X370,Black / White,True,ATX,,ASRock,64 GB,4 x 288-pin DIMM,DDR4-2133 / 2400 / 2666 / 2933 / 3200,,,,,1 x 1000 Mbit/s,True,Depends on CPU,,X370 Pro4,False,,6,,False,,,,
26,LGA1151,Intel Z370,Black / Silver,True,Micro ATX,,ASRock,64 GB,4 x 288-pin DIMM,DDR4-2133 / 2400 / 2666 / 2800 / 2933 / 3200 / 3600 / 3733 / 3800 / 3866 / 4000 / 4133 / 4266,,,,,1 x 1000 Mbit/s,True,Depends on CPU,,Z370M Pro4 / 90-MXB660-A0UAYZ,True,,6,,False,,,,
27,LGA2066,Intel X299,Black / Silver,True,ATX,,MSI,128 GB,8 x 288-pin DIMM,DDR4-2133 / 2400 / 2666 / 2800 / 2933 / 3000 / 3200 / 3333 / 3400 / 3466 / 3600 / 3733 / 3800 / 3866 / 4000 / 4133,,,,,1 x 1000 Mbit/s,True,False,,X299 GAMING PRO CARBON,True,,8,,3-way SLI,1,,,
28,LGA1151,Intel B360,Black,True,ATX,,ASRock,64 GB,4 x 288-pin DIMM,DDR4-2133 / 2400 / 2666,,,,Fatal1ty B360 Gaming K4,1 x 1000 Mbit/s,True,Depends on CPU,,B360 Gaming K4,False,,6,,False,,,,
29,LGA1151,Intel H310,Black / Silver,False,Micro ATX,,ASRock,32 GB,2 x 288-pin DIMM,DDR4-2133 / 2400 / 2666,,,,,1 x 1000 Mbit/s,True,Depends on CPU,,H310M-HDV,False,,4,,False,,,,
30,LGA1151,Intel Z370,Black / Silver,False,Mini ITX,,ASRock,32 GB,2 x 288-pin DIMM,DDR4-2133 / 2400 / 2666 / 2800 / 2933 / 3200 / 3600 / 3733 / 3800 / 3866 / 4000 / 4133 / 4266 / 4333,,,,,1 x 1000 Mbit/s,True,Depends on CPU,,Fatal1ty Z370 Gaming-ITX/ac / Z370 Gaming-ITX/ac / 90-MXB670-A0UAYZ,False,,6,,False,,,,
31,LGA1151,Intel Z390,Black / Silver,True,Micro ATX,,MSI,64 GB,4 x 288-pin DIMM,DDR4-2133 / 2400 / 2666 / 2800 / 3000 / 3200 / 3300 / 3333 / 3400 / 3466 / 3600 / 3733 / 3866 / 4000 / 4133 / 4200 / 4266 / 4400 / 4500,,,,,1 x 1000 Mbit/s,True,Depends on CPU,,MPG Z390M GAMING EDGE AC / Z390MEDGEAC,True,,4,,True,,,,
32,AM4,AMD X370,Black / White,True,ATX,,ASRock,64 GB,4 x 288-pin DIMM,DDR4-2133 / 2400 / 2666 / 2933 / 3200,,,,,1 x 1000 Mbit/s,True,False,,X370 Taichi / 90-MXB500-A0UAYZ,True,,10,,True,,,,
33,LGA1151,Intel Z170,Black / Orange,True,ATX,,ASRock,64 GB,4 x 288-pin DIMM,DDR4-2133 / 2400 / 2800 / 2933 / 3200 / 3466,,,,,1 x 1000 Mbit/s,True,Depends on CPU,,Z170A-X1/3.1,True,,6,,False,,,,
34,LGA1151,Intel Z170,Black / Gold,False,ATX,,ASRock,64 GB,4 x 288-pin DIMM,DDR4-2133 / 2400 / 2800 / 2933 / 3200 / 3600 / 3866,,,,,1 x 1000 Mbit/s,True,Depends on CPU,,Z170 Extreme6,True,,4,2,False,,,,
35,LGA2066,Intel X299,Black,True,Micro ATX,,MSI,64 GB,4 x 288-pin DIMM,DDR4-2133 / 2400 / 2666 / 2800 / 2933 / 3000 / 3200 / 3333 / 3400 / 3466 / 3600 / 3733 / 3800 / 3866 / 4000 / 4133 / 4200,,,,,2 x 1000 Mbit/s,True,False,,X299M GAMING PRO CARBON AC,True,,8,,3-way SLI,,,,
36,LGA1151,Intel H110,Black,False,Micro ATX,,Gigabyte,32 GB,2 x 288-pin DIMM,DDR4-2133,,,,,1 x 1000 Mbit/s,True,Depends on CPU,,GA-H110M-S2H,False,,4,,False,,,,
37,AM4,AMD X370,Black / Red,True,ATX,,ASRock,64 GB,4 x 288-pin DIMM,DDR4-2133 / 2400 / 2666 / 2933 / 3200,,,,,2 x 1000 Mbit/s,True,False,,Fatal1ty X370 Professional Gaming / X370 Professional Gaming,True,,10,,True,,,,
38,LGA2066,Intel X299,Black / Silver,True,ATX,,Gigabyte,128 GB,8 x 288-pin DIMM,DDR4-2133 / 2400 / 2666 / 2800 / 3000 / 3200 / 3300 / 3333 / 3400 / 3466 / 3600 / 3666 / 3733 / 3800 / 3866 / 4000 / 4133 / 4266 / 4333 / 4400,,,,,2 x 1000 Mbit/s,True,False,,X299 DESIGNARE EX,True,,8,,3-way SLI,,,,
39,LGA1151,Intel Z390,Black / Silver,True,ATX,,Gigabyte,64 GB,4 x 288-pin DIMM,DDR4-2133 / 2400 / 2666,,,,,1 x 1000 Mbit/s,True,Depends on CPU,,Z390 AORUS ELITE / GA-Z390-AORUS-ELITE,True,,6,,False,,,,
40,LGA1151,Intel B360,Silver / Black,True,Micro ATX,,Gigabyte,64 GB,4 x 288-pin DIMM,DDR4-2133 / 2400 / 2666,,,,,1 x 1000 Mbit/s,True,Depends on CPU,,B360M DS3H,False,,6,,False,,,,
41,TR4,AMD X399,Black / Silver,True,ATX,,ASRock,128 GB,8 x 288-pin DIMM,DDR4-2133 / 2400 / 2666 / 2933 / 3200 / 3600,,,,Fatal1ty X399 Professional Gaming,"1 x 10 Gbit/s, 2 x 1000 Mbit/s",True,False,,X399 Professional Gaming / Fatal1ty X399 Professional Gaming,True,,8,,4-way SLI,1,,,
42,LGA1151,Intel C246,Black / Silver,True,ATX,,Gigabyte,128 GB,4 x 288-pin DIMM,DDR4-2133 / 2400 / 2666,,,,,2 x 1000 Mbit/s,True,Depends on CPU,,C246-WU4,True,,10,,False,,,,
43,LGA2066,Intel X299,Black / Silver,True,SSI CEB,,Asus,128 GB,8 x 288-pin DIMM,DDR4-2400 / 2666 / 3600 / 4000 / 4133,,,,,2 x 1000 Mbit/s,True,False,,WS X299 PRO/SE,True,,6,,3-way SLI,1,,,
44,LGA1151,Intel Z390,Black / Silver,True,ATX,,Gigabyte,64 GB,4 x 288-pin DIMM,DDR4-2133 / 2400 / 2666 / 2800 / 3000 / 3200 / 3300 / 3333 / 3400 / 3466 / 3600 / 3666 / 3733 / 3800 / 3866 / 4000 / 4133,,,,,1 x 1000 Mbit/s,True,Depends on CPU,,Z390 AORUS PRO,False,,6,,True,,,,
45,2 x LGA2011-3 Narrow,Intel C612,Black / Blue,False,SSI EEB,,Asus,1 TB,16 x 288-pin DIMM,DDR4-1600 / 1866 / 2133,,,,,2 x 1000 Mbit/s,True,True,,Z10PE-D16,True,,10,,False,,,,
46,LGA1151,Intel Z390,Black,True,ATX,,Asus,64 GB,4 x 288-pin DIMM,DDR4-2133 / 2400 / 2666 / 2800 / 3000 / 3200 / 3300 / 3333 / 3400 / 3466 / 3600 / 3733 / 3866 / 4000 / 4133 / 4266 / 4400,,,,,1 x 1000 Mbit/s,True,Depends on CPU,,ROG MAXIMUS XI FORMULA / 90MB0XU0-M0EAY0,True,,6,,True,,,,
47,AM4,AMD B450,Black / Silver,True,ATX,,Gigabyte,64 GB,4 x 288-pin DIMM,DDR4-2133 / 2400 / 2666 / 2933 / 3200,,,,,1 x 1000 Mbit/s,True,Depends on CPU,,B450 AORUS PRO WIFI (rev. 1.0) / B450 AORUS PRO WIFI,True,,6,,False,,,,
48,LGA1151,Intel Z390,Black / Silver,False,Mini ITX,,ASRock,32 GB,2 x 288-pin DIMM,DDR4-2133 / 2400 / 2666 / 2800 / 2933 / 3200 / 3600 / 3733 / 3800 / 3866 / 4000,,,,,2 x 1000 Mbit/s,True,Depends on CPU,,Z390M-ITX/ac / 90-MXB6Q0-A0UAYZ,True,,6,,False,,,,
49,LGA1151,Intel Z390,Black / Silver,True,ATX,,Gigabyte,64 GB,4 x 288-pin DIMM,DDR4-2133 / 2400 / 2666 / 2800 / 3000 / 3200 / 3300 / 3333 / 3400 / 3466 / 3600 / 3666 / 3733 / 3800 / 3866 / 4000 / 4133,,,,,1 x 1000 Mbit/s,True,Depends on CPU,,Z390 AORUS PRO WIFI / GA-Z390-AORUS-PRO-WIFI,True,,6,,True,,,,
50,LGA1151,Intel B360,Black / Silver,False,Mini ITX,,ASRock,32 GB,2 x 288-pin DIMM,DDR4-2133 / 2400 / 2666,,,,,1 x 1000 Mbit/s,True,Depends on CPU,,B360M-ITX/ac,False,,4,,False,,,,
51,LGA1151,Intel Z390,Black / Red,True,Micro ATX,,Gigabyte,64 GB,4 x 288-pin DIMM,DDR4-2133 / 2400 / 2666,,,,,1 x 1000 Mbit/s,True,Depends on CPU,,Z390 M GAMING,True,,6,,False,,,,
52,LGA1151,Intel H110,Black / Silver,False,Micro ATX,,MSI,32 GB,2 x 288-pin DIMM,DDR4-2133,,,,,1 x 1000 Mbit/s,True,Depends on CPU,,H110M PRO-D,False,,4,,False,,,,
53,AM4,AMD X470,Red / Black,True,ATX,,MSI,64 GB,4 x 288-pin DIMM,DDR4-1866 / 2133 / 2400 / 2666 / 2800 / 2933 / 3000 / 3200 / 3466,,,,,1 x 1000 Mbit/s,True,Depends on CPU,,X470 GAMING PLUS,True,,6,,False,,,,
54,LGA1151,Intel Z390,Black / Silver,False,Mini ITX,,ASRock,32 GB,2 x 288-pin DIMM,DDR4-2133 / 2400 / 2666 / 2800 / 2933 / 3200 / 3600 / 3733 / 3800 / 3866 / 4000 / 4133 / 4266 / 4333 / 4500,,,,,1 x 1000 Mbit/s,True,Depends on CPU,,Z390 Phantom Gaming-ITX/ac,True,,4,,False,,,,
55,2 x LGA2011,Intel C602,Blue / White,True,SSI EEB,,ASRock,512 GB,16 x 240-pin DIMM,DDR3-1066 / 1333 / 1600 / 1866,,,,,4 x 1000 Mbit/s,False,True,,EP2C602-4L/D16,True,8,6,,True,,,,
56,AM4,AMD X470,Black / White,True,ATX,,Asus,64 GB,4 x 288-pin DIMM,DDR4-2133 / 2400 / 2666 / 2800 / 2933 / 3000 / 3200 / 3466,,,,,1 x 1000 Mbit/s,True,Depends on CPU,,Prime X470-Pro / 90MB0XG0-M0EAY0,True,,6,,True,,,,
57,LGA1151,Intel Z390,Black,True,ATX,,Asus,64 GB,4 x 288-pin DIMM,DDR4-2133 / 2400 / 2666 / 2800 / 3000 / 3200 / 3300 / 3333 / 3400 / 3466 / 3600 / 3733 / 3866 / 4000 / 4133 / 4266,,,,ROG STRIX Z390-F GAMING,1 x 1000 Mbit/s,True,Depends on CPU,,STRIX Z390-F GAMING / ROG STRIX Z390-F GAMING,True,,6,,True,,,,
58,AM4,AMD X470,Black,True,ATX,,Asus,64 GB,4 x 288-pin DIMM,DDR4-2133 / 2400 / 2666 / 2800 / 2933 / 3000 / 3200 / 3466,,,,ROG Crosshair VII Hero,1 x 1000 Mbit/s,True,False,,Crosshair VII Hero / ROG Crosshair VII Hero,True,,6,,True,,,,
59,LGA1151,Intel Z390,Black / Silver,True,ATX,,MSI,64 GB,4 x 288-pin DIMM,DDR4-2133 / 2400 / 2666 / 2800 / 3000 / 3200 / 3300 / 3333 / 3400 / 3466 / 3600 / 3733 / 3866 / 4000 / 4133 / 4200 / 4266 / 4400,,,,,1 x 1000 Mbit/s,True,Depends on CPU,,MPG Z390 GAMING PRO CARBON / Z390GPCAR / Z390 GAMING PRO CARBON,True,,6,,True,,,,
60,AM4,AMD X370,Black / Red,True,ATX,,ASRock,64 GB,4 x 288-pin DIMM,DDR4-2133 / 2400 / 2666 / 2933,,,,,1 x 1000 Mbit/s,True,Depends on CPU,,Fatal1ty X370 Gaming K4 / X370 Gaming K4,True,,6,,True,,,,
61,LGA1151,Intel Z370,Brown / Black,True,ATX,,MSI,64 GB,4 x 288-pin DIMM,DDR4-2133 / 2400 / 2666 / 2800 / 3000 / 3200 / 3300 / 3333 / 3400 / 3466 / 3600 / 3733 / 3866 / 4000,,,,,1 x 1000 Mbit/s,True,Depends on CPU,,Z370-A PRO,True,,6,,False,,,,
62,LGA1151,Intel Z390,Black / Silver,True,ATX,,MSI,64 GB,4 x 288-pin DIMM,DDR4-2133 / 2400 / 2666 / 2800 / 3000 / 3200 / 3300 / 3333 / 3400 / 3466 / 3600 / 3733 / 3866 / 4000 / 4133 / 4200 / 4266 / 4400 / 4500,,,,,1 x 1000 Mbit/s,True,Depends on CPU,,MEG Z390 ACE / Z390ACE,True,,6,,True,,,,
63,AM4,AMD B350,Black / Red,False,Mini ITX,,Gigabyte,32 GB,2 x 288-pin DIMM,DDR4-2133 / 2400 / 2933 / 3200,,,,,1 x 1000 Mbit/s,True,Depends on CPU,,GA-AB350N-Gaming WIFI (rev. 1.0) / GA-AB350N-Gaming WIFI,True,,4,,False,,,,
64,LGA1151,Intel Z390,Black / Red,True,ATX,,Gigabyte,64 GB,4 x 288-pin DIMM,DDR4-2133 / 2400 / 2666,,,,,1 x 1000 Mbit/s,True,Depends on CPU,,Z390 GAMING X / GA-Z390-GAMING-X,True,,6,,False,,,,
65,AM4,AMD A320,Black / Silver,False,Mini ITX,,ASRock,32 GB,2 x 288-pin DIMM,DDR4-2133 / 2400 / 2666 / 2933 / 3200 / 3466,,,,,1 x 1000 Mbit/s,True,Depends on CPU,,A320M-ITX,True,,4,,False,,,,
66,LGA1151,Intel B250,Green / Black,False,Micro ATX,,Asus,64 GB,4 x 288-pin DIMM,DDR4-2133 / 2400,,,,,1 x 1000 Mbit/s,True,Depends on CPU,,PRIME B250M-C-CSM / PRIME B250M-C/CSM,False,,6,,False,,,,
67,AM4,AMD X470,Black / Silver,False,Mini ITX,,ASRock,32 GB,2 x 288-pin DIMM,DDR4-2133 / 2400 / 2666 / 2933 / 3200 / 3466,,,,Fatal1ty X470 Gaming-ITX/ac,1 x 1000 Mbit/s,True,Depends on CPU,,X470 Gaming-ITX/ac,True,,4,,False,,,,
68,LGA1151,Intel Z390,Black,True,EATX,,MSI,64 GB,4 x 288-pin DIMM,DDR4-2133 / 2400 / 2666 / 2800 / 3000 / 3200 / 3300 / 3333 / 3400 / 3466 / 3600 / 3733 / 3866 / 4000 / 4133 / 4200 / 4266 / 4400 / 4500 / 4600,,,,,2 x 1000 Mbit/s,True,Depends on CPU,,MEG Z390 GODLIKE / Z390GODLIKE,True,,6,,True,,,,
69,LGA1151,Intel B250,Black / White,False,Micro ATX,,ASRock,32 GB,2 x 288-pin DIMM,DDR4-2133 / 2400,,,,,1 x 1000 Mbit/s,True,Depends on CPU,,B250M-HDV,False,,6,,False,,,,
70,2 x LGA2011-3 Narrow,Intel C612,Black / Green,False,EATX,,Supermicro,1 TB,16 x 288-pin DIMM,DDR4-1600 / 1866 / 2133,,,,,2 x 1000 Mbit/s,True,True,,MBD-X10DRI-O / X10DRI-O,True,,10,,False,,,,
71,LGA1155,Intel C204,Green,False,Micro ATX,,Supermicro,32 GB,4 x 240-pin DIMM,DDR3-1333 / 1600,,,,,2 x 1000 Mbit/s,False,True,,MBD-X9SCM-F-O,True,,6,,False,,,,
72,LGA1151,Intel Z390,Black / Gold,True,ATX,,Asus,64 GB,4 x 288-pin DIMM,DDR4-2133 / 2400 / 2666 / 2800 / 3000 / 3200 / 3300 / 3333 / 3400 / 3466 / 3600 / 3733 / 3866 / 4000 / 4133 / 4266,,,,,1 x 1000 Mbit/s,True,Depends on CPU,,TUF Z390-PRO GAMING,True,,6,,True,,,,
73,LGA1151,Intel H370,Black / Orange,True,ATX,,Gigabyte,64 GB,4 x 288-pin DIMM,DDR4-2133 / 2400 / 2666,,,,,1 x 1000 Mbit/s,True,Depends on CPU,,H370 AORUS Gaming 3 WIFI / GA-H370 AORUS GAMING 3 WIFI,True,,6,,False,,,,
74,LGA1155,Intel Z68,Black / Blue,True,ATX,,Intel,32 GB,4 x 240-pin DIMM,DDR3-1066 / 1333 / 1600,,,,DZ68BC,1 x 1000 Mbit/s,True,Depends on CPU,,BOXDZ68BC,False,4,4,,True,,,,1
75,AM4,AMD B450,Black / Silver,True,ATX,,ASRock,64 GB,4 x 288-pin DIMM,DDR4-2133 / 2400 / 2666 / 2933 / 3200 / 3466,,,,,1 x 1000 Mbit/s,True,Depends on CPU,,B450 Steel Legend,True,,6,,False,,,,
76,LGA2066,Intel X299,Black / Silver,True,ATX,,ASRock,128 GB,8 x 288-pin DIMM,DDR4-2133 / 2400 / 2666 / 2800 / 2933 / 3200 / 3600 / 3733 / 3800 / 3866 / 4000 / 4133 / 4266 / 4400,,,,,2 x 1000 Mbit/s,True,False,,X299 Taichi XE,True,,8,,3-way SLI,,,,
77,AM4,AMD B450,Black / Silver,True,ATX,,MSI,64 GB,4 x 288-pin DIMM,DDR4-1866 / 2133 / 2400 / 2666 / 2800 / 2933 / 3000 / 3200 / 3466,,,,,1 x 1000 Mbit/s,True,Depends on CPU,,B450 TOMAHAWK,True,,6,,False,,,,
78,LGA1151,Intel H110,Black / Gold,False,Micro ATX,,Asus,32 GB,2 x 288-pin DIMM,DDR4-2133,,,,,1 x 1000 Mbit/s,True,Depends on CPU,,H110M-A/M.2,False,,4,,False,,,,
79,LGA2066,Intel X299,Black / Silver,True,ATX,,ASRock,128 GB,8 x 288-pin DIMM,DDR4-2133 / 2400 / 2666 / 2800 / 2933 / 3200 / 3600 / 3733 / 3800 / 3866 / 4000 / 4133 / 4266,,,,,2 x 1000 Mbit/s,True,False,,X299 Taichi,True,,8,,3-way SLI,,,,
80,TR4,AMD X399,Black,True,Micro ATX,,ASRock,64 GB,4 x 288-pin DIMM,DDR4-2133 / 2400 / 2666 / 2933 / 3200 / 3600,,,,,2 x 1000 Mbit/s,True,False,,X399M Taichi,True,,8,,True,,,,
81,LGA1151,Intel B250,Brown / Black,False,Micro ATX,,MSI,32 GB,2 x 288-pin DIMM,DDR4-2133 / 2400,,,,,1 x 1000 Mbit/s,True,Depends on CPU,,"B250M PRO-VH, (or)",False,,6,,False,,,,
82,AM4,AMD B350,Black / Red,True,ATX,,Asus,64 GB,4 x 288-pin DIMM,DDR4-2133 / 2400 / 2666,,,,,1 x 1000 Mbit/s,True,Depends on CPU,,PRIME B350-PLUS / 90MB0TG0-M0EAY0,True,,6,,False,,,,
83,AM4,AMD X370,Brown / Red,True,ATX,,Gigabyte,64 GB,4 x 288-pin DIMM,DDR4-2133 / 2400 / 2666 / 2933 / 3200,,,,,1 x 1000 Mbit/s,True,Depends on CPU,,GA-AX370-Gaming 3,False,,6,,False,,,,
84,LGA1151,Intel H370,Black / Silver,False,Mini ITX,,ASRock,32 GB,2 x 288-pin DIMM,DDR4-2133 / 2400 / 2666,,,,,2 x 1000 Mbit/s,True,Depends on CPU,,H370M-ITX/ac,True,,6,,False,,,,
85,LGA1155,Intel H61,Green / Blue,False,Mini ITX,,Intel,8 GB,2 x 240-pin DIMM,DDR3-1066 / 1333 / 1600,,1,,DH61DLB3,1 x 1000 Mbit/s,False,True,,BOXDH61DLB3,False,3,,,False,,,,
86,LGA1151,Intel Z370,Black / Silver,True,ATX,,ASRock,64 GB,4 x 288-pin DIMM,DDR4-2133 / 2400 / 2666 / 2800 / 2933 / 3200 / 3600 / 3733 / 3800 / 3866 / 4000 / 4333,,,,,2 x 1000 Mbit/s,True,Depends on CPU,,Z370 Taichi / 90-MXB5Y0-A0UAYZ,True,,8,,True,,,,
87,FM2+,AMD A68H,Black,False,Micro ATX,,MSI,32 GB,2 x 240-pin DIMM,DDR3-1333 / 1600 / 1866 / 2133,,,,,1 x 1000 Mbit/s,False,Depends on CPU,,A68HM-E33,True,,4,,False,,,,
88,LGA2066,Intel X299,Black,True,Micro ATX,,EVGA,64 GB,4 x 288-pin DIMM,DDR4-2133 / 2400 / 2666 / 2800 / 3000 / 3200 / 3466 / 3600 / 3733 / 3866 / 4000 / 4133,,,,X299 Micro,1 x 1000 Mbit/s,True,False,,131-SX-E295-KR,True,,6,,True,1,,,
89,AM4,AMD B350,Black / White,False,Micro ATX,,ASRock,32 GB,2 x 288-pin DIMM,DDR4-2133 / 2400 / 2666 / 2933 / 3000,,,,,1 x 1000 Mbit/s,True,False,,AB350M,True,,4,,False,,,,
90,AM4,AMD B350,Black / Red,False,Mini ITX,,ASRock,32 GB,2 x 288-pin DIMM,DDR4-2133 / 2400 / 2933 / 3200 / 3466,,,,,1 x 1000 Mbit/s,True,Depends on CPU,,AB350 Gaming-ITX/ac / Fatal1ty AB350 Gaming-ITX/ac,True,,4,,False,,,,
91,LGA2011-3,Intel X99,Black / Silver,True,SSI CEB,,Asus,128 GB,8 x 288-pin DIMM,DDR4-1866 / 2133 / 2400 / 2666 / 2800 / 3000 / 3200,,,,,2 x 1000 Mbit/s,True,False,,X99-E WS/USB 3.1 / 90SB05D0-M0EAY0,True,,8,2,4-way SLI,,,,2
92,LGA1151,Intel B360,Silver / Orange,True,ATX,,Asus,64 GB,4 x 288-pin DIMM,DDR4-2133 / 2400 / 2666,,,,TUF B360-Pro Gaming (Wi-Fi),1 x 1000 Mbit/s,True,Depends on CPU,,B360-PRO GAMING (WI-FI),False,,6,,False,,,,
93,AM4,AMD B450,Black / Red,False,Micro ATX,,MSI,32 GB,2 x 288-pin DIMM,DDR4-1866 / 2133 / 2400 / 2666 / 2800 / 2933 / 3000 / 3200 / 3466,,,,,1 x 1000 Mbit/s,True,Depends on CPU,,B450M GAMING PLUS,True,,4,,False,,,,
94,LGA2011-3,Intel X99,Black / Gold,True,EATX,,ASRock,128 GB,8 x 288-pin DIMM,DDR4-2133 / 2400 / 2800 / 2933 / 3400,,,,,1 x 1000 Mbit/s,True,False,,X99 OC Formula/3.1,True,,8,1,4-way SLI,,,,
95,LGA1151,Intel B250,Black / White,True,ATX,,Biostar,64 GB,4 x 288-pin DIMM,DDR4-2133 / 2400,,,,,1 x 1000 Mbit/s,True,Depends on CPU,,B250GT5,False,,6,,False,,,,
96,LGA1151,Intel H310,Green / Black,False,Micro ATX,,Asus,32 GB,2 x 288-pin DIMM,DDR4-2133 / 2400 / 2666,,,,PRIME H310M-C/CSM,1 x 1000 Mbit/s,True,Depends on CPU,,H310M-C/CSM,False,,4,,False,,,,
97,FM2+,AMD A68H,Black,False,Micro ATX,,Gigabyte,32 GB,2 x 240-pin DIMM,DDR3-1333 / 1600 / 1866 / 2133 / 2400,,,,,1 x 1000 Mbit/s,False,Depends on CPU,,GA-F2A68HM-HD2,True,,4,,False,,,,
98,LGA1151,Intel H110,Black / Orange,False,Mini ITX,,ASRock,32 GB,2 x 288-pin DIMM,DDR4-2133,,,,,1 x 1000 Mbit/s,True,Depends on CPU,,H110M-ITX,False,,4,,False,,,,
99,LGA1151,Intel Z390,Black / Silver,True,ATX,,MSI,64 GB,4 x 288-pin DIMM,DDR4-2133 / 2400 / 2666 / 2800 / 3000 / 3200 / 3300 / 3333 / 3400 / 3466 / 3600 / 3733 / 3866 / 4000 / 4133 / 4200 / 4266 / 4400,,,,,1 x 1000 Mbit/s,True,Depends on CPU,,MPG Z390 GAMING PRO CARBON AC / Z390GPCARAC,True,,6,,True,,,,
100,AM4,AMD X370,Black,True,ATX,,Asus,64 GB,4 x 288-pin DIMM,DDR4-2133 / 2400 / 2666 / 3200,,,,,1 x 1000 Mbit/s,True,Depends on CPU,,STRIX X370-F GAMING / ROG STRIX X370-F GAMING / 90MB0UI0-M0EAY0,True,,8,,True,,,,
101,LGA1151,Intel H110,Brown / Black,False,Micro ATX,,Gigabyte,32 GB,2 x 288-pin DIMM,DDR4-2133,,,,,1 x 1000 Mbit/s,True,Depends on CPU,,GA-H110M-S2H GSM,False,,4,,False,,,,
102,LGA1151,Intel H370,Black / Silver,True,ATX,,Asus,64 GB,4 x 288-pin DIMM,DDR4-2133 / 2400 / 2666,,,,,1 x 1000 Mbit/s,True,Depends on CPU,,Prime H370-A/CSM,True,,6,,False,,,,
103,LGA1151,Intel H310,Orange / Black,False,ATX,,Asus,32 GB,2 x 288-pin DIMM,DDR4-2133 / 2400 / 2666,,,,TUF H310-Plus Gaming,1 x 1000 Mbit/s,True,Depends on CPU,,H310-PLUS GAMING / TUF H310-PLUS GAMING,False,,4,,False,,,,
104,LGA1151,Intel H310,Black / Silver,False,Micro ATX,,ASRock,32 GB,2 x 288-pin DIMM,DDR4-2133 / 2400 / 2666,,,,,1 x 1000 Mbit/s,True,Depends on CPU,,H310M-G/M.2,False,,4,,False,,,,
105,AM3+/AM3,AMD 970,Black,True,Micro ATX,,ASRock,64 GB,4 x 240-pin DIMM,DDR3-1066 / 1333 / 1600 / 1800 / 1866 / 2100 / 2400,,,,,1 x 1000 Mbit/s,True,False,,970M PRO3,True,,6,,False,,,,
106,LGA2066,Intel X299,Black,True,ATX,,ASRock,64 GB,4 x 288-pin DIMM,DDR4-2133 / 2400 / 2666 / 2800 / 2933 / 3200 / 3600 / 3733 / 3800 / 3866 / 4000 / 4133 / 4266 / 4400 / 4500,,,,,2 x 1000 Mbit/s,True,False,,X299 OC Formula,True,,6,,4-way SLI,,,,
107,LGA1151,Intel H370,Silver / Black,True,Micro ATX,,Asus,64 GB,4 x 288-pin DIMM,DDR4-2133 / 2400 / 2666,,,,,1 x 1000 Mbit/s,True,Depends on CPU,,Prime H370M-Plus/CSM,True,,6,,False,,,,
108,LGA775,Intel G41,Green / White,False,Micro ATX,,Intel,8 GB,2 x 240-pin DIMM,DDR3-800 / 1066,,,,DG41KR,1 x 1000 Mbit/s,False,True,1,BOXDG41KR,False,4,,,False,,,,
109,AM4,AMD X470,Silver / Black,True,ATX,,ASRock,64 GB,4 x 288-pin DIMM,DDR4-2133 / 2400 / 2666 / 2933 / 3200 / 3466,,,,,"2 x 1000 Mbit/s, 1 x 2.5 Gbit/s",True,Depends on CPU,,X470 Taichi Ultimate,True,,8,,True,,,,
110,LGA1151,Intel Z370,Black,True,ATX,,EVGA,64 GB,4 x 288-pin DIMM,DDR4-2133 / 2400 / 2666 / 2800 / 3000 / 3200 / 3466 / 3600 / 3733 / 3866 / 4000 / 4133,,,,Z370 FTW,1 x 1000 Mbit/s,True,Depends on CPU,,134-KS-E377-KR,True,,6,,True,,,,
111,LGA2066,Intel X299,Black / Silver,True,EATX,,Gigabyte,128 GB,8 x 288-pin DIMM,DDR4-2133 / 2400 / 2666 / 2800 / 3000 / 3200 / 3300 / 3333 / 3400 / 3466 / 3600 / 3666 / 3733 / 3800 / 3866 / 4000,,,,,2 x 1000 Mbit/s,True,False,,X299 AORUS MASTER,True,,8,,4-way SLI,,,,
112,LGA1151,Intel H110,Black / Silver,False,Micro ATX,,Gigabyte,32 GB,2 x 288-pin DIMM,DDR4-2133,,,,,1 x 1000 Mbit/s,True,Depends on CPU,,GA-H110M-H,False,,4,,False,,,,
113,AM3,AMD 880G,Black / Yellow,False,Mini ITX,,Zotac,8 GB,2 x 240-pin DIMM,DDR3-1333,,,,,1 x 1000 Mbit/s,False,True,,880GITX-A-E,True,,4,,False,,,,
114,LGA1151,Intel Z390,Black / Gold,True,Micro ATX,,Asus,64 GB,4 x 288-pin DIMM,DDR4-2133 / 2400 / 2666 / 2800 / 3000 / 3200 / 3300 / 3333 / 3400 / 3466 / 3600 / 3733 / 3866 / 4000 / 4133 / 4266,,,,,1 x 1000 Mbit/s,True,Depends on CPU,,TUF Z390M-PRO GAMING (WI-FI),True,,6,,True,,,,
115,LGA2066,Intel X299,Black,True,ATX,,Gigabyte,128 GB,8 x 288-pin DIMM,DDR4-2133 / 2400 / 2666 / 2800 / 3000 / 3200 / 3333 / 3400 / 3466 / 3600 / 3666 / 3733 / 3800 / 3866 / 4000 / 4133 / 4266 / 4333 / 4400,,,,,1 x 1000 Mbit/s,True,False,,X299 UD4 Pro / X299 UD4 Pro (rev. 1.0) / GA-X299-UD4-PRO,True,,8,,3-way SLI,,,,
116,LGA1151,Intel Z390,Black / Silver,True,EATX,,Gigabyte,64 GB,4 x 288-pin DIMM,DDR4-2133 / 2400 / 2666 / 2800 / 3000 / 3200 / 3300 / 3333 / 3400 / 3466 / 3600 / 3666 / 3733 / 3800 / 3866 / 4000 / 4133 / 4266 / 4333 / 4400,,,,,"1 x 10 Gbit/s, 1 x 1000 Mbit/s",True,Depends on CPU,,Z390 AORUS XTREME WATERFORCE,True,,6,,True,,,,
117,LGA1151,Intel B360,Black,False,Mini ITX,,Gigabyte,32 GB,2 x 288-pin DIMM,DDR4-2133 / 2400 / 2666,,,,,2 x 1000 Mbit/s,True,Depends on CPU,,B360N WIFI,False,,4,,False,,,,
118,AM4,AMD A320,Black / Silver,False,Micro ATX,,ASRock,32 GB,2 x 288-pin DIMM,DDR4-2133 / 2400 / 2666 / 2933 / 3200,,,,,1 x 1000 Mbit/s,True,Depends on CPU,,A320M-HDV,True,,4,,False,,,,
119,LGA1151,Intel C236,Black,False,Micro ATX,,Asus,64 GB,4 x 288-pin DIMM,DDR4-2133,,,,,2 x 1000 Mbit/s,True,True,,P10S-M WS,True,,8,,False,,,,
120,LGA1151,Intel B360,Black / Silver,False,Mini ITX,,Asus,32 GB,2 x 288-pin DIMM,DDR4-2133 / 2400 / 2666,,,,ROG STRIX B360-I GAMING,1 x 1000 Mbit/s,True,Depends on CPU,,STRIX B360-I GAMING / ROG STRIX B360-I GAMING / 90MB0WH0-M0EAY0,False,,4,,False,,,,
121,LGA1151,Intel Z270,Black / White,True,ATX,,Asus,64 GB,4 x 288-pin DIMM,DDR4-2133 / 2400 / 2666 / 2800 / 3000 / 3200 / 3300 / 3333 / 3400 / 3466 / 3600 / 3733 / 3866,,,,,1 x 1000 Mbit/s,True,Depends on CPU,,PRIME Z270-A / 90MB0RU0-M0EAY0,True,,6,,True,,,,
122,LGA1151,Intel H110,Black / Silver,False,Mini ITX,,Gigabyte,32 GB,2 x 288-pin DIMM,DDR4-2133,,,,,1 x 1000 Mbit/s,True,Depends on CPU,,GA-H110N / GA-H110N (rev. 1.0),False,,3,,False,,,,
123,LGA1150,Intel C226,Green,False,Mini ITX,,ASRock,16 GB,2 x 240-pin DIMM,DDR3-1333 / 1600,,,,,3 x 1000 Mbit/s,True,Depends on CPU,,E3C226D2I,True,,6,,False,,,,
124,AM4,AMD B450,Black / Silver,True,ATX,,ASRock,64 GB,4 x 288-pin DIMM,DDR4-2133 / 2400 / 2666 / 2933 / 3200,,,,Fatal1ty B450 GAMING K4,1 x 1000 Mbit/s,True,Depends on CPU,,B450 GAMING K4 / Fatal1ty B450 GAMING K4,True,,6,,False,,,,
125,LGA1151,Intel H310,Silver / Brown,False,Micro ATX,,Gigabyte,32 GB,2 x 288-pin DIMM,DDR4-2133 / 2400 / 2666,,,,,1 x 1000 Mbit/s,True,Depends on CPU,,H310M S2P,False,,4,,False,,,,
126,AM4,AMD B350,Brown / Black,False,Micro ATX,,MSI,32 GB,2 x 288-pin DIMM,DDR4-1866 / 2133 / 2400 / 2666 / 2933 / 3200,,,,,1 x 1000 Mbit/s,True,Depends on CPU,,B350M PRO-VH PLUS,True,,4,,False,,,,
127,AM3,AMD 880G,Black / Blue,False,Micro ATX,,MSI,16 GB,2 x 240-pin DIMM,DDR3-800 / 1066 / 1333,,,,,1 x 1000 Mbit/s,False,True,,880GMA-E35,True,,6,,False,,,,
128,LGA1151,Intel H370,Black / Silver,True,Micro ATX,,ASRock,64 GB,4 x 288-pin DIMM,DDR4-2133 / 2400 / 2666,,,,,1 x 1000 Mbit/s,True,Depends on CPU,,H370M Pro4,True,,6,,False,,,,
129,FM2+,AMD A70M,Black / Silver,False,Micro ATX,,Biostar,32 GB,2 x 240-pin DIMM,DDR3-800 / 1066 / 1333 / 1600 / 1866 / 2133 / 2400 / 2600,,,,,1 x 1000 Mbit/s,True,Depends on CPU,,Hi-Fi A70U3P,True,,4,,False,,,,
130,LGA1151,Intel B360,Brown / Black,False,Micro ATX,,MSI,32 GB,2 x 288-pin DIMM,DDR4-2133 / 2400 / 2666,,,,,1 x 1000 Mbit/s,True,False,,"B360M PRO-VD, (or)",False,,6,,False,,,,
131,LGA2066,Intel X299,White / Black,True,ATX,,Asus,128 GB,8 x 288-pin DIMM,DDR4-2133 / 2400 / 2666 / 3600 / 4000 / 4200 / 4266,,,,,"1 x 1000 Mbit/s, 1 x 5 Gbit/s",True,False,,Prime X299-Deluxe II,True,,8,,3-way SLI,,,,
132,LGA1155,Intel H67,Black / Blue,False,Micro ATX,,Intel,32 GB,4 x 240-pin DIMM,DDR3-1066 / 1333,,,,DH67BLB3,1 x 1000 Mbit/s,False,Depends on CPU,,BOXDH67BLB3,True,3,2,,False,,,1,
133,LGA1151,Intel Z390,Black / Silver,True,ATX,,MSI,64 GB,4 x 288-pin DIMM,DDR4-2133 / 2400 / 2666 / 2800 / 3000 / 3200 / 3300 / 3333 / 3400 / 3466 / 3600 / 3733 / 3866 / 4000 / 4133 / 4200 / 4266 / 4400,,,,,2 x 1000 Mbit/s,True,Depends on CPU,,MAG Z390 TOMAHAWK / Z390TOMAHAWK,True,,6,,False,,,,
134,LGA2066,Intel X299,Black / Silver,True,Micro ATX,,EVGA,64 GB,4 x 288-pin DIMM,DDR4-2133 / 2400 / 2666 / 2800 / 3000 / 3200 / 3466 / 3600 / 3733 / 4000 / 4133,,,,X299 MICRO ATX 2,1 x 1000 Mbit/s,True,False,,121-SX-E296-KR,False,,6,,True,,,,
135,AM4,AMD X370,Black,False,Mini ITX,,Biostar,32 GB,2 x 288-pin DIMM,DDR4-1866 / 2133 / 2400 / 2666 / 2933 / 3200,,,,,1 x 1000 Mbit/s,True,Depends on CPU,,X370GTN,True,,4,,False,,,,
136,LGA1151,Intel B365,Black / Silver,True,Micro ATX,,ASRock,64 GB,4 x 288-pin DIMM,DDR4-2133 / 2400 / 2666,,,,,1 x 1000 Mbit/s,True,Depends on CPU,,B365M Pro4,True,,6,,False,,,,
137,LGA1151,Intel Z370,Black / White,True,ATX,,Gigabyte,64 GB,4 x 288-pin DIMM,DDR4-2133 / 2400 / 2666 / 2800 / 3000 / 3200 / 3300 / 3333 / 3400 / 3466 / 3600 / 3666 / 3733 / 3800 / 3866 / 4000,,,,,1 x 1000 Mbit/s,True,Depends on CPU,,Z370XP SLI (rev. 1.0) / Z370XP SLI,True,,6,,True,,,,
138,LGA2066,Intel X299,Black / Silver,True,Micro ATX,,ASRock,64 GB,4 x 288-pin DIMM,DDR4-2133 / 2400 / 2666 / 2800 / 2933 / 3200 / 3600 / 3733 / 3800 / 3866 / 4000 / 4133 / 4200 / 4266,,,,,2 x 1000 Mbit/s,True,False,,X299M EXTREME4,False,,8,,True,,,,
139,LGA1151,Intel Z390,Black / Silver,False,Mini ITX,,MSI,32 GB,2 x 288-pin DIMM,DDR4-2133 / 2400 / 2666 / 2800 / 3000 / 3200 / 3300 / 3333 / 3400 / 3466 / 3600 / 3733 / 3866 / 4000 / 4133 / 4200 / 4266 / 4400 / 4500 / 4600,,,,,1 x 1000 Mbit/s,True,Depends on CPU,,MPG Z390I GAMING EDGE AC / Z390IEDGEAC,True,,4,,False,,,,
140,LGA1151,Intel H370,Black / Silver,True,ATX,,ASRock,64 GB,4 x 288-pin DIMM,DDR4-2133 / 2400 / 2666,,,,,1 x 1000 Mbit/s,True,Depends on CPU,,H370 Pro4,True,,6,,False,,,,
141,LGA1150,Intel C222,Green / Blue,False,Micro ATX,,ASRock,32 GB,4 x 240-pin DIMM,DDR3-1333 / 1600,,,,,2 x 1000 Mbit/s,False,True,,E3C222D4U,True,2,4,,False,,,,
142,LGA1151,Intel Z270,Silver,True,ATX,,Gigabyte,64 GB,4 x 288-pin DIMM,DDR4-2133 / 2400 / 2666 / 2800 / 3000 / 3200 / 3300 / 3333 / 3400 / 3466 / 3600 / 3666 / 3733 / 3800 / 3866,,,,,1 x 1000 Mbit/s,True,Depends on CPU,,GA-Z270X-DESIGNARE,True,,2,2,True,1,,,
143,LGA1151,Intel Z370,Black / Gray,True,ATX,,Gigabyte,64 GB,4 x 288-pin DIMM,DDR4-2133 / 2400 / 2666 / 2800 / 3000 / 3200 / 3300 / 3333 / 3400 / 3466 / 3600 / 3666 / 3733 / 3800 / 3866 / 4000,,,,,1 x 1000 Mbit/s,True,Depends on CPU,,Z370 HD3 (rev. 1.0) / Z370 HD3,True,,6,,False,,,,
144,LGA1151,Intel Z370,Black / Silver,True,ATX,,ASRock,64 GB,4 x 288-pin DIMM,DDR4-2133 / 2400 / 2666 / 2800 / 2933 / 3200 / 3600 / 3733 / 3800 / 3866 / 4000 / 4266,,,,,1 x 1000 Mbit/s,True,Depends on CPU,,Z370 Killer SLI/ac,True,,6,,True,,,,
145,LGA1151,Intel Z390,Black / Gold,True,EATX,,EVGA,32 GB,2 x 288-pin DIMM,DDR4-2133 / 2400 / 2666 / 4600,,,,Z390 DARK,2 x 1000 Mbit/s,True,Depends on CPU,,131-CS-E399-KR,True,,8,,True,1,,,
146,LGA1151,Intel B250,Brown / Black,False,Micro ATX,,MSI,64 GB,4 x 288-pin DIMM,DDR4-2133 / 2400,,,,,1 x 1000 Mbit/s,True,Depends on CPU,,B250M PRO-VDH,False,,6,,False,,,,
147,LGA1151,Intel B360,Silver / Orange,False,Micro ATX,,Asus,64 GB,4 x 288-pin DIMM,DDR4-2133 / 2400 / 2666,,,,TUF B360M-PLUS GAMING,1 x 1000 Mbit/s,True,Depends on CPU,,B360M-PLUS GAMING / TUF B360M-PLUS GAMING,False,,6,,False,,,,
148,LGA2066,Intel X299,Black,True,EATX,,Asus,128 GB,8 x 288-pin DIMM,DDR4-2133 / 2400 / 2666 / 2800 / 2933 / 3000 / 3200 / 3300 / 3333 / 3400 / 3466 / 3600 / 3733 / 3800 / 3866 / 4000 / 4133 / 4266,,,,,"1 x 10 Gbit/s, 1 x 1000 Mbit/s",True,False,,ROG RAMPAGE VI EXTREME OMEGA,True,,6,,3-way SLI,,,,
149,LGA1151,Intel Z390,Black / Silver,False,Mini ITX,,Gigabyte,32 GB,2 x 288-pin DIMM,DDR4-2133 / 2400 / 2666,,,,,1 x 1000 Mbit/s,True,Depends on CPU,,Z390 I AORUS PRO WIFI / GA-Z390-I-AORUS-PRO-WIFI,True,,4,,False,,,,
150,LGA1151,Intel B360,Black / Red,False,Micro ATX,,MSI,32 GB,2 x 288-pin DIMM,DDR4-2133 / 2400 / 2666,,,,,1 x 1000 Mbit/s,True,Depends on CPU,,"B360M GAMING PLUS, (or)",False,,6,,False,,,,
151,2 x LGA2011-3 Narrow,Intel C612,Green / Blue,False,SSI EEB,,ASRock,1 TB,16 x 288-pin DIMM,DDR4-1600 / 1866 / 2133 / 2400,,,,,5 x 1000 Mbit/s,True,Depends on CPU,,EP2C612D16C-4L,True,,10,,False,,,,
152,LGA1151,Intel Z390,Black / Silver,True,ATX,,Gigabyte,64 GB,4 x 288-pin DIMM,DDR4-2133 / 2400 / 2666 / 2800 / 3000 / 3200 / 3300 / 3333 / 3400 / 3466 / 3600 / 3666 / 3733 / 3800 / 3866 / 4000 / 4133,,,,,1 x 1000 Mbit/s,True,Depends on CPU,,Z390 AORUS MASTER / GA-Z390-AORUS-MASTER,True,,6,,True,,,,
153,LGA1151,Intel Z370,Black / Yellow,True,ATX,,Asus,64 GB,4 x 288-pin DIMM,DDR4-2133 / 2400 / 2666 / 2800 / 3000 / 3200 / 3300 / 3333 / 3400 / 3466 / 3600 / 3733 / 3866 / 4000,,,,,1 x 1000 Mbit/s,True,Depends on CPU,,TUF Z370 Plus Gaming / Z370 Plus Gaming / 90MB0VF0-M0EAY0,True,,6,,False,,,,
154,TR4,AMD X399,Black,True,ATX,,MSI,128 GB,8 x 288-pin DIMM,DDR4-2133 / 2400 / 2666 / 2800 / 2933 / 3200 / 3333 / 3466 / 3600,,,,,1 x 1000 Mbit/s,True,False,,"X399 SLI PLUS, (or)",True,,8,,4-way SLI,,,,
155,LGA1151,Intel B360,White,True,ATX,,MSI,64 GB,4 x 288-pin DIMM,DDR4-2133 / 2400 / 2666,,,,,1 x 1000 Mbit/s,True,Depends on CPU,,B360 GAMING ARCTIC,False,,5,,False,,,,
156,LGA1150,Intel C226,Brown / Black,True,ATX,,ASRock,32 GB,4 x 240-pin DIMM,DDR3-1333 / 1600,,,,,2 x 1000 Mbit/s,True,Depends on CPU,,C226WS,True,,10,,True,,,,
157,LGA1151,Intel Z170,Black / Gold,True,ATX,,Asus,64 GB,4 x 288-pin DIMM,DDR4-2133 / 2400 / 2666 / 2800 / 3000 / 3200 / 3300 / 3333 / 3400,,,,,1 x 1000 Mbit/s,True,Depends on CPU,,Z170-P,True,,4,,False,,,,
158,LGA1151,Intel H370,Black / White,False,Micro ATX,,MSI,64 GB,4 x 288-pin DIMM,DDR4-2133 / 2400 / 2666,,,,,1 x 1000 Mbit/s,True,Depends on CPU,,"H370M BAZOOKA, (or)",True,,6,,False,,,,
159,2 x LGA2011-3 Narrow,Intel C612,Green / Blue,False,SSI EEB,,ASRock,1 TB,16 x 288-pin DIMM,DDR4-1600 / 1866 / 2133 / 2400,,,,,3 x 1000 Mbit/s,True,Depends on CPU,,EP2C612D16SM,True,,10,,False,,,,
160,LGA1151,Intel B360,Silver / Black,True,ATX,,Gigabyte,64 GB,4 x 288-pin DIMM,DDR4-2133 / 2400 / 2666,,,,,1 x 1000 Mbit/s,True,Depends on CPU,,B360 HD3,False,,6,,False,,,,
161,LGA1151,Intel Z370,Black,True,ATX,,Gigabyte,64 GB,4 x 288-pin DIMM,DDR4-2133 / 2400 / 2666 / 2800 / 3000 / 3200 / 3300 / 3333 / 3400 / 3466 / 3600 / 3666 / 3733 / 3800 / 3866 / 4000,,,,,1 x 1000 Mbit/s,True,Depends on CPU,,Z370 AORUS ULTRA GAMING WIFI,True,,6,,True,,,,
162,LGA1151,Intel Q370,Green / Black,False,Micro ATX,,Asus,64 GB,4 x 288-pin DIMM,DDR4-2133 / 2400 / 2666,,,,,1 x 1000 Mbit/s,True,Depends on CPU,,PRIME Q370M-C/CSM,True,,6,,False,,,,
163,LGA1151,Intel H310,Silver / Brown,False,Micro ATX,,Gigabyte,32 GB,2 x 288-pin DIMM,DDR4-2133 / 2400 / 2666,,,,,1 x 1000 Mbit/s,True,Depends on CPU,,H310M A,False,,4,,False,,,,
164,LGA1151,Intel Z390,Silver / Black,True,ATX,,Asus,64 GB,4 x 288-pin DIMM,DDR4-2133 / 2400 / 2666 / 2800 / 3000 / 3200 / 3300 / 3333 / 3400 / 3466 / 3600 / 3733 / 3866 / 4000 / 4133 / 4266,,,,,1 x 1000 Mbit/s,True,Depends on CPU,,PRIME Z390-A / 90MB0YT0-M0EAY0,True,,6,,True,,,,
165,LGA1151,Intel H310,Black,False,Micro ATX,,MSI,32 GB,2 x 288-pin DIMM,DDR4-2133 / 2400 / 2666,,,,,1 x 1000 Mbit/s,True,Depends on CPU,,H310M PRO-M2 PLUS,True,,4,,False,,,,
166,AM4,AMD B450,Black / Silver,False,Micro ATX,,Asus,64 GB,4 x 288-pin DIMM,DDR4-2133 / 2400 / 2666 / 2800 / 3000 / 3200,,,,,1 x 1000 Mbit/s,True,Depends on CPU,,PRIME B450M-A/CSM,True,,6,,False,,,,
167,AM4,AMD A320,Black,False,Micro ATX,,Gigabyte,32 GB,2 x 288-pin DIMM,DDR4-2133 / 2400 / 2666 / 2933 / 3200,,,,,1 x 1000 Mbit/s,True,Depends on CPU,,GA-A320M-S2H,True,,4,,False,,,,
168,LGA1151,Intel B360,Black / Orange,True,ATX,,Gigabyte,64 GB,4 x 288-pin DIMM,DDR4-2133 / 2400 / 2666,,,,,1 x 1000 Mbit/s,True,Depends on CPU,,B360 AORUS Gaming 3 WIFI / GA-B360-AORUS-GAMING-3-WIFI,False,,6,,False,,,,
169,LGA1151,Intel B360,Orange / Black,False,Micro ATX,,Asus,32 GB,2 x 288-pin DIMM,DDR4-2133 / 2400 / 2666,,,,,1 x 1000 Mbit/s,True,Depends on CPU,,TUF B360M-E GAMING,False,,6,,False,,,,
170,AM4,AMD X470,Black / Silver,True,ATX,,ASRock,64 GB,4 x 288-pin DIMM,DDR4-2133 / 2400 / 2666 / 2933 / 3200 / 3466,,,,,1 x 1000 Mbit/s,True,Depends on CPU,,X470 Taichi,True,,6,,True,,,,
171,LGA1151,Intel H370,Silver / Black,True,Micro ATX,,Gigabyte,64 GB,4 x 288-pin DIMM,DDR4-2133 / 2400 / 2666,,,,,1 x 1000 Mbit/s,True,Depends on CPU,,H370M D3H,True,,6,,False,,,,
172,LGA1151,Intel Z390,Black,True,ATX,,ASRock,64 GB,4 x 288-pin DIMM,DDR4-2133 / 2400 / 2666 / 2800 / 2933 / 3200 / 3600 / 3733 / 3800 / 3866 / 4000 / 4133 / 4266,,,,,1 x 1000 Mbit/s,True,Depends on CPU,,Z390 Extreme4,True,,8,,True,,,,
173,AM4,AMD B450,Black / Gold,True,ATX,,Asus,64 GB,4 x 288-pin DIMM,DDR4-2133 / 2400 / 2666 / 2800 / 3000 / 3200,,,,TUF B450-PLUS GAMING,1 x 1000 Mbit/s,True,Depends on CPU,,B450-PLUS GAMING / TUF B450-PLUS GAMING / 90MB0YM0-M0EAY0,True,,6,,False,,,,
174,TR4,AMD X399,Silver / Black,True,ATX,,Gigabyte,128 GB,8 x 288-pin DIMM,DDR4-2133 / 2400 / 2666 / 2933 / 3200 / 3333 / 3466 / 3600,,,,,2 x 1000 Mbit/s,True,False,,X399 DESIGNARE EX,True,,8,,4-way SLI,,,,
175,LGA1151,Intel B360,Black / Gray,True,ATX,,Asus,64 GB,4 x 288-pin DIMM,DDR4-2133 / 2400 / 2666,,,,Prime B360-Plus,1 x 1000 Mbit/s,True,Depends on CPU,,PRIME B360-PLUS,False,,6,,False,,,,
176,LGA1150,Intel Q87,Black / Gold,False,Thin Mini ITX,,Asus,16 GB,2 x 204-pin SODIMM,DDR3-1066 / 1333 / 1600,,,1,,2 x 1000 Mbit/s,True,Depends on CPU,,Q87T/CSM / Q87T,True,,4,,False,,,,
177,LGA1150,Intel C222,Black / Blue,False,ATX,,Asus,32 GB,4 x 240-pin DIMM,DDR3-1333 / 1600,,,,,2 x 1000 Mbit/s,False,True,,P9D-X,True,4,2,,False,,,,
178,LGA1151,Intel Z170,Black / Red,False,Mini ITX,1,ASRock,32 GB,2 x 288-pin DIMM,DDR4-2133 / 2400 / 2800 / 2933 / 3300 / 3400 / 3600 / 4000,,,,Fatal1ty Z170 Gaming-ITX/ac,1 x 1000 Mbit/s,True,Depends on CPU,,Z170 Gaming-ITX/ac,True,,4,1,False,,,,
179,AM3+,AMD 970,Blue / White,True,ATX,,Gigabyte,32 GB,4 x 240-pin DIMM,DDR3-1066 / 1333 / 1600 / 1866 / 2000,,,,,1 x 1000 Mbit/s,False,False,,GA-970A-DS3,True,,6,,False,,,,
180,LGA1151,Intel Z270,Black / White,True,ATX,,ASRock,64 GB,4 x 288-pin DIMM,DDR4-2133 / 2400 / 2800 / 2933 / 3200 / 3600 / 3733,,,,,1 x 1000 Mbit/s,True,Depends on CPU,,Z270 Killer SLI/ac,True,,6,,True,,,,
181,LGA1151,Intel Z170,Black / Gold,True,ATX,,ASRock,64 GB,4 x 288-pin DIMM,DDR4-2133 / 2400 / 2800 / 2933 / 3200,,1,,,2 x 1000 Mbit/s,True,Depends on CPU,,Z170 Extreme7+,True,,4,3,True,,,,
182,LGA1151,Intel H110,Black / White,False,Micro ATX,,MSI,32 GB,2 x 288-pin DIMM,DDR4-2133,,,,,1 x 1000 Mbit/s,True,Depends on CPU,,H110M PRO-VD PLUS,False,,4,,False,,,,
183,LGA1151,Intel H110,Black / Orange,False,Micro ATX,,ASRock,32 GB,2 x 284-pin DIMM,DDR4-2133,,,,,1 x 1000 Mbit/s,True,Depends on CPU,,H110M-HDS R3.0,False,,4,,False,,,,
184,LGA1151,Intel Z390,Black / Silver,True,ATX,,Gigabyte,64 GB,4 x 288-pin DIMM,DDR4-2133 / 2400 / 2666,,,,,1 x 1000 Mbit/s,True,Depends on CPU,,Z390 UD / GA-Z390-UD,True,,6,,False,,,,
185,AM4,AMD X370,Black,True,ATX,,Asus,64 GB,4 x 288-pin DIMM,DDR4-2133 / 2400 / 2666 / 2933 / 3200,,,,,1 x 1000 Mbit/s,True,False,,CROSSHAIR VI HERO / ROG Crosshair VI Hero,True,,8,,True,,,,
186,LGA1151,Intel Z170,Black / Red,False,Mini ITX,,Asus,32 GB,2 x 288-pin DIMM,DDR4-2133 / 2400 / 2666 / 2800 / 3000 / 3200 / 3300 / 3333 / 3400 / 3466 / 3600 / 3800 / 4000,,,,,1 x 1000 Mbit/s,True,True,,MAXIMUS VIII IMPACT,True,,4,,False,1,,,
187,LGA1151,Intel Z390,Black / Silver,True,ATX,,Asus,64 GB,4 x 288-pin DIMM,DDR4-2133 / 2400 / 2666 / 2800 / 3000 / 3200 / 3300 / 3333 / 3400 / 3466 / 3600 / 3733 / 3866 / 4000 / 4133 / 4266 / 4400,,,,,1 x 1000 Mbit/s,True,Depends on CPU,,ROG MAXIMUS XI HERO,True,,6,,True,,,,
188,LGA1151,Intel Z390,Black / Silver,True,ATX,,Gigabyte,64 GB,4 x 288-pin DIMM,DDR4-2133 / 2400 / 2666 / 2800 / 3000 / 3200 / 3300 / 3333 / 3400 / 3466 / 3600 / 3666 / 3733 / 3800 / 3866 / 4000 / 4133,,,,,1 x 1000 Mbit/s,True,Depends on CPU,,Z390 AORUS ULTRA / GA-Z390-AORUS-ULTRA,True,,6,,True,,,,
189,AM4,AMD B450,Brown / Black,False,Micro ATX,,MSI,32 GB,2 x 288-pin DIMM,DDR4-1866 / 2133 / 2400 / 2666 / 2800 / 2933 / 3000 / 3200 / 3466,,,,,1 x 1000 Mbit/s,True,Depends on CPU,,B450M PRO-M2,True,,4,,False,,,,
190,LGA2066,Intel X299,Black,False,Mini ITX,,ASRock,64 GB,4 x 260-pin SODIMM,DDR4-2133 / 2400 / 2666 / 2800 / 2933 / 3200 / 3600 / 3733 / 3800 / 3866 / 4000,,,,,2 x 1000 Mbit/s,True,False,,X299E-ITX/ac,True,,6,,False,,,,
191,AM4,AMD A320,Black / Red,False,Micro ATX,,MSI,32 GB,2 x 288-pin DIMM,DDR4-1866 / 2133 / 2400 / 2666 / 2933 / 3200,,,,,1 x 1000 Mbit/s,True,Depends on CPU,,"A320M GAMING PRO, (or)",True,,4,,False,,,,
192,LGA1151,Intel Z390,Black / Silver,True,ATX,,ASRock,64 GB,4 x 288-pin DIMM,DDR4-2133 / 2400 / 2666 / 2800 / 2933 / 3200 / 3600 / 3733 / 3800 / 3866 / 4000 / 4133 / 4266,,,,,1 x 1000 Mbit/s,True,Depends on CPU,,Z390 Phantom Gaming 6,True,,6,,True,,,,
193,LGA1150,Intel H81,Black / Gold,False,Mini ITX,,Asus,16 GB,2 x 240-pin DIMM,DDR3-1066 / 1333 / 1600,,,,,1 x 1000 Mbit/s,True,Depends on CPU,,H81I-PLUS / H81I-PLUS/CSM,False,2,2,,False,,,,
194,LGA1151,Intel Z270,Black / Silver,True,ATX,,Asus,64 GB,4 x 288-pin DIMM,DDR4-2133 / 2400 / 2666 / 2800 / 3000 / 3200 / 3300 / 3333 / 3400 / 3466 / 3600 / 3733 / 3866,,,,,2 x 1000 Mbit/s,True,Depends on CPU,,Z270-WS,True,,6,,4-way SLI,2,,,
195,LGA2066,Intel X299,Black,True,EATX,,MSI,128 GB,8 x 288-pin DIMM,DDR4-2133 / 2400 / 2666 / 2800 / 2933 / 3000 / 3200 / 3333 / 3400 / 3466 / 3600 / 3733 / 3800 / 3866 / 4000 / 4133 / 4200,,,,,,True,False,,MEG X299 CREATION,True,,8,,4-way SLI,,,,
196,LGA1151,Intel H110,Black,False,ATX,,Gigabyte,32 GB,2 x 288-pin DIMM,DDR4-2133 / 2400,,,,,1 x 1000 Mbit/s,True,False,,GA-H110-D3A,False,,4,,False,,,,
197,LGA1151,Intel Z390,Black / Silver,True,ATX,,MSI,64 GB,4 x 288-pin DIMM,DDR4-2133 / 2400 / 2666 / 2800 / 3000 / 3200 / 3300 / 3333 / 3400 / 3466 / 3600 / 3733 / 3866 / 4000 / 4133 / 4200 / 4266 / 4400,,,,,1 x 1000 Mbit/s,True,Depends on CPU,,MPG Z390 GAMING EDGE AC / Z390 GAMING EDGE AC,True,,6,,True,,,,
198,LGA1151,Intel H310,Black / Silver,False,Micro ATX,,ASRock,32 GB,2 x 288-pin DIMM,DDR4-2133 / 2400 / 2666,,,,,1 x 1000 Mbit/s,True,Depends on CPU,,H310M-HDV/M.2,False,,4,,False,,,,
199,LGA1151,Intel H310,Black / Gold,False,Micro ATX,,Asus,32 GB,2 x 288-pin DIMM,DDR4-2133 / 2400 / 2666,,,,TUF H310M-PLUS GAMING,1 x 1000 Mbit/s,True,Depends on CPU,,H310M-PLUS GAMING,False,,4,,False,,,,
200,AM4,AMD X370,Black / Red,True,ATX,,MSI,64 GB,4 x 288-pin DIMM,DDR4-1866 / 2133 / 2400 / 2666 / 2933 / 3200,,,,,1 x 1000 Mbit/s,True,Depends on CPU,,X370 GAMING PLUS,True,,6,,True,,,,
201,TR4,AMD X399,Black / Silver,True,ATX,,Gigabyte,128 GB,8 x 288-pin DIMM,DDR4-2133 / 2400 / 2666 / 2800 / 2933 / 3200 / 3333 / 3466 / 3600,,,,,1 x 1000 Mbit/s,True,False,,X399 AORUS PRO,True,,8,,4-way SLI,,,,
202,LGA1155,Intel B75,Black / Blue,False,Micro ATX,,Asus,32 GB,4 x 240-pin DIMM,DDR3-1066 / 1333 / 1600 / 1866 / 2000 / 2133 / 2200,,,,,1 x 1000 Mbit/s,True,Depends on CPU,,B75M-Plus,False,5,1,,False,,,,
203,AM4,AMD X370,Black / Silver,True,EATX,,Asus,64 GB,4 x 288-pin DIMM,DDR4-2133 / 2400 / 2666 / 3200,,,,ROG CROSSHAIR VI EXTREME,1 x 1000 Mbit/s,True,False,,CROSSHAIR VI EXTREME / ROG CROSSHAIR VI EXTREME,True,,8,,True,,,,
204,AM4,AMD X370,Black / Red,True,ATX,,ASRock,64 GB,4 x 288-pin DIMM,DDR4-2133 / 2400 / 2666 / 2933 / 3200,,,,,1 x 1000 Mbit/s,True,Depends on CPU,,X370 GAMING X,True,,6,,True,,,,
205,AM4,AMD B450,Black / Silver,True,ATX,,ASRock,64 GB,4 x 288-pin DIMM,DDR4-2133 / 2400 / 2666 / 2933 / 3200,,,,,1 x 1000 Mbit/s,True,Depends on CPU,,B450 Pro4,True,,6,,False,,,,
206,TR4,AMD X399,Black / Silver,True,EATX,,Gigabyte,128 GB,8 x 288-pin DIMM,DDR4-2133 / 2400 / 2666 / 2933 / 3466 / 3600,,,,,"1 x 10 Gbit/s, 2 x 1000 Mbit/s",True,False,,X399 AORUS XTREME,True,,6,,4-way SLI,,,,
207,LGA1151,Intel Z270,Black / Red,True,EATX,,Asus,64 GB,4 x 288-pin DIMM,DDR4-2133 / 2400 / 2666 / 3400 / 3466 / 3600 / 3733 / 3800 / 3866 / 4000 / 4133,,,,ROG MAXIMUS IX EXTREME,1 x 1000 Mbit/s,True,Depends on CPU,,MAXIMUS IX EXTREME / ROG MAXIMUS IX EXTREME,True,,8,,True,,,,
208,AM4,AMD X370,Black / Silver,True,ATX,,MSI,64 GB,4 x 288-pin DIMM,DDR4-1866 / 2133 / 2400 / 2666 / 2933 / 3200,,,,,1 x 1000 Mbit/s,True,Depends on CPU,,"X370 GAMING PRO CARBON, (or)",True,,6,,True,,,,
209,LGA1151,Intel Z270,Black / Silver,True,ATX,,Gigabyte,64 GB,4 x 288-pin DIMM,DDR4-2133 / 2400 / 2666 / 2800 / 3000 / 3200 / 3300 / 3333 / 3400 / 3466 / 3600 / 3666 / 3733 / 3800 / 3866,,,,,1 x 1000 Mbit/s,True,Depends on CPU,,GA-Z270X-Gaming K5,True,,,3,True,,1,,
210,LGA1151,Intel H310,Black,False,Mini ITX,,MSI,32 GB,2 x 288-pin DIMM,DDR4-2133 / 2400 / 2666,,,,,1 x 1000 Mbit/s,True,Depends on CPU,,H310I PRO,False,,4,,False,,,,
211,LGA1151,Intel C236,Black,True,ATX,,Asus,64 GB,4 x 288-pin DIMM,DDR4-2133,,,,,2 x 1000 Mbit/s,True,True,,P10S WS,True,,8,,False,,,,
212,TR4,AMD X399,Black,True,EATX,,Asus,128 GB,8 x 288-pin DIMM,DDR4-2133 / 2400 / 2666 / 2800 / 3000 / 3200 / 3333 / 3466 / 3600,,,,,1 x 1000 Mbit/s,True,False,,ROG Strix X399-E Gaming,True,,6,,3-way SLI,1,,,
213,LGA1151,Intel Z390,Black / Orange,True,ATX,,Asus,64 GB,4 x 288-pin DIMM,DDR4-2133 / 2400 / 2666 / 2800 / 3000 / 3200 / 3300 / 3333 / 3400 / 3466 / 3600 / 3733 / 3866 / 4000 / 4133 / 4266 / 4400,,,,ROG Maximus XI Hero (Wi-Fi) Call of Duty: Black Ops 4 Edition,1 x 1000 Mbit/s,True,Depends on CPU,,ROG Maximus XI Hero (Wi-Fi) CE / ROG MAXIMUS XI HERO (WI-FI)/CE,True,,6,,True,,,,
214,LGA1151,Intel B150,Black / Orange,False,Micro ATX,,ASRock,32 GB,2 x 288-pin DIMM,DDR4-2133,,,,,1 x 1000 Mbit/s,True,Depends on CPU,,B150M-HDS,False,,4,,False,,,,
215,LGA1151,Intel H110,Black / Gold,False,Micro ATX,,Asus,32 GB,2 x 288-pin DIMM,DDR4-2133,,,,,1 x 1000 Mbit/s,True,Depends on CPU,,H110M-K,False,,4,,False,,,,
216,LGA1151,Intel Z270,Black / Silver,True,ATX,,MSI,64 GB,4 x 288-pin DIMM,DDR4-2133 / 2400 / 2800 / 3000 / 3200 / 3600 / 3800,,,,,1 x 1000 Mbit/s,True,Depends on CPU,,"Z270 PC MATE, (or)",True,,6,,False,,,,
217,AM4,AMD B350,Black / Red,True,ATX,,Gigabyte,64 GB,4 x 288-pin DIMM,DDR4-2133 / 2400 / 2666 / 2933 / 3200,,,,,1 x 1000 Mbit/s,True,Depends on CPU,,GA-AB350-Gaming,True,,6,,False,,,,
218,LGA1151,Intel B360,Black,False,Mini ITX,,MSI,32 GB,2 x 288-pin DIMM,DDR4-2133 / 2400 / 2666,,,,,1 x 1000 Mbit/s,True,Depends on CPU,,B360I GAMING PRO AC,False,,4,,False,,,,
219,AM4,AMD X370,Black / Red,True,ATX,,Asus,64 GB,4 x 288-pin DIMM,DDR4-2133 / 2400 / 2666 / 2933 / 3200,,,,,1 x 1000 Mbit/s,True,Depends on CPU,,PRIME X370-A,True,,6,,False,,,,
220,LGA1151,Intel Z270,Black / Gold,True,ATX,,Gigabyte,64 GB,4 x 288-pin DIMM,DDR4-2133 / 2400 / 2666 / 2800 / 3000 / 3200 / 3300 / 3333 / 3400 / 3466 / 3600 / 3666 / 3733 / 3800 / 3866,,,,,1 x 1000 Mbit/s,True,Depends on CPU,,GA-Z270P-D3,True,,6,,False,,,,
221,TR4,AMD X399,Black,True,EATX,,Asus,128 GB,8 x 288-pin DIMM,DDR4-2133 / 2400 / 2666 / 2800 / 2933 / 3000 / 3200 / 3466 / 3600,,,,,"1 x 10 Gbit/s, 1 x 1000 Mbit/s",True,False,,ROG ZENITH EXTREME ALPHA,True,,8,,3-way SLI,,,,
222,LGA1151,Intel H310,Black / Red,False,Micro ATX,,MSI,32 GB,2 x 288-pin DIMM,DDR4-2133 / 2400 / 2666,,,,,1 x 1000 Mbit/s,True,False,,"H310M GAMING PLUS, (or)",False,,4,,False,,,,
223,FM2+,AMD A68H,Black,False,Micro ATX,,Gigabyte,64 GB,2 x 240-pin DIMM,DDR3-1333 / 1600 / 1866 / 2133 / 2400,,,,,1 x 1000 Mbit/s,False,Depends on CPU,,GA-F2A68HM-H,True,,4,,False,,,,
224,LGA1151,Intel Z270,Black / Silver,True,ATX,,Asus,64 GB,4 x 288-pin DIMM,DDR4-2133 / 2400 / 2666 / 2800 / 3000 / 3200 / 3300 / 3333 / 3400 / 3466 / 3600 / 3733 / 3866,,,,,1 x 1000 Mbit/s,True,Depends on CPU,,STRIX Z270H / STRIX Z270H GAMING / ROG STRIX Z270H GAMING / 90MB0SS0-M0EAY0,True,,6,,True,,,,
225,AM4,AMD B450,Black / White,True,Micro ATX,,ASRock,64 GB,4 x 288-pin DIMM,DDR4-2133 / 2400 / 2666 / 2933 / 3200,,,,,1 x 1000 Mbit/s,True,Depends on CPU,,B450M Steel Legend,True,,4,,False,,,,
226,AM4,AMD X370,Black / Silver,False,Micro ATX,,ASRock,32 GB,2 x 288-pin DIMM,DDR4-2133 / 2400 / 2666 / 2933 / 3200,,,,,1 x 1000 Mbit/s,True,Depends on CPU,,X370M-HDV,True,,4,,False,,,,
227,LGA1151,Intel B360,Red / Black,True,Micro ATX,,Asus,64 GB,4 x 288-pin DIMM,DDR4-2133 / 2400 / 2666,,,,ROG STRIX B360-G GAMING,1 x 1000 Mbit/s,True,Depends on CPU,,STRIX B360-G GAMING / ROG STRIX B360-G GAMING,False,,6,,False,,,,
228,LGA2011-3,Intel X99,Black / Blue,True,ATX,,Supermicro,128 GB,8 x 288-pin DIMM,DDR4-1600 / 1866 / 2133 / 3300,,,,,2 x 1000 Mbit/s,True,False,,C7X99-OCE-O,True,,10,,4-way SLI,,,,
229,AM4,AMD X370,Black / White,True,ATX,,MSI,64 GB,4 x 288-pin DIMM,DDR4-1866 / 2133 / 2400 / 2666 / 2933 / 3200,,,,,1 x 1000 Mbit/s,True,Depends on CPU,,"X370 KRAIT GAMING, (or)",True,,6,,True,,,,
230,AM4,AMD B450,Black / Silver,False,Mini ITX,,Asus,32 GB,2 x 288-pin DIMM,DDR4-2133 / 2400 / 2666 / 2800 / 2933 / 3000 / 3200 / 3400 / 3466 / 3600,,,,ROG Strix B450-I Gaming,1 x 1000 Mbit/s,True,Depends on CPU,,Strix B450-I Gaming / ROG Strix B450-I Gaming / 90MB0Z50-M0EAY0,True,,4,,False,,,,
231,LGA775,Intel G41,Multicolor,False,Micro ATX,,Biostar,4 GB,2 x 240-pin DIMM,DDR3-800 / 1066,,,,,1 x 1000 Mbit/s,False,True,1,G41D3G,False,4,,,False,,,,
232,LGA775,Intel G43,Green / Blue,False,Micro ATX,,Intel,8 GB,4 x 240-pin DIMM,DDR3-800 / 1066 / 1333,,,,DG43RK,1 x 1000 Mbit/s,False,True,1,BOXDG43RK,False,4,,,False,,,,
233,LGA1151,Intel C232,Black / White,True,ATX,,ASRock,64 GB,4 x 288-pin DIMM,DDR4-2133,,,,,1 x 1000 Mbit/s,True,False,,E3V5 WS,True,,6,,False,,,,
234,LGA1151,Intel C232,Black / Blue,False,Mini ITX,,Asus,32 GB,2 x 288-pin DIMM,DDR4-2133,,,,,2 x 1000 Mbit/s,False,True,,P10S-I,True,,2,,False,,,,
235,LGA1151,Intel B150,Black / White,True,Micro ATX,,MSI,64 GB,4 x 288-pin DIMM,DDR4-2133,,,,,1 x 1000 Mbit/s,True,Depends on CPU,,B150M MORTAR,False,,4,1,False,,,,
236,AM4,AMD B450,Black / Silver,True,Micro ATX,,ASRock,64 GB,4 x 288-pin DIMM,DDR4-2133 / 2400 / 2666 / 2933 / 3200,,,,,1 x 1000 Mbit/s,True,Depends on CPU,,B450M PRO4,True,,4,,False,,,,
237,LGA1151,Intel H110,Black / Gold,False,Micro ATX,,Asus,32 GB,2 x 288-pin DIMM,DDR4-1866 / 2133,,,,,1 x 1000 Mbit/s,True,Depends on CPU,,H110M-C/CSM,False,,4,,False,,,,
238,LGA1151,Intel Z270,Black / Silver,True,ATX,,Gigabyte,64 GB,4 x 288-pin DIMM,DDR4-2133 / 2400 / 2666 / 2800 / 3000 / 3200 / 3300 / 3333 / 3400 / 3466 / 3600 / 3666 / 3733 / 3800 / 3866,,,,,1 x 1000 Mbit/s,True,Depends on CPU,,GA-Z270X-UD3,True,,4,1,True,,,,
239,LGA1151,Intel B360,Black,False,Mini ITX,,Gigabyte,32 GB,2 x 288-pin DIMM,DDR4-2133 / 2400 / 2666,,,,,2 x 1000 Mbit/s,True,Depends on CPU,,B360N GSM,False,,4,,False,,,,
240,LGA2066,Intel X299,Black / Silver,True,ATX,,ASRock,128 GB,8 x 288-pin DIMM,DDR4-2133 / 2400 / 2666 / 2800 / 2933 / 3200 / 3600 / 3733 / 3800 / 3866 / 4000 / 4133 / 4266,,,,,1 x 1000 Mbit/s,True,False,,X299 Killer SLI/ac,True,,8,,3-way SLI,,,,
241,AM4,AMD B350,Black / White,False,ATX,,Biostar,64 GB,4 x 288-pin DIMM,DDR4-1866 / 2133 / 2400 / 2666,,,,,1 x 1000 Mbit/s,True,Depends on CPU,,B350GT5,True,,4,,False,,,,
242,LGA1150,Intel B85,,False,Micro ATX,,Asus,32 GB,4 x 240-pin DIMM,DDR3-1066 / 1333 / 1600,,,,,1 x 1000 Mbit/s,True,Depends on CPU,,B85M-G,False,2,4,,False,,,,
243,LGA2066,Intel X299,Black / Silver,True,ATX,,Asus,128 GB,8 x 288-pin DIMM,DDR4-2133 / 2400 / 2666 / 3600 / 4000,,,,,1 x 1000 Mbit/s,True,Depends on CPU,,PRIME X299-A / 90MB0U40-M0EAY0,True,,8,,3-way SLI,,,,
244,AM4,AMD X470,Black / Orange,True,ATX,,Gigabyte,64 GB,4 x 288-pin DIMM,DDR4-2133 / 2400 / 2666 / 2933 / 3000 / 3200,,,,,1 x 1000 Mbit/s,True,Depends on CPU,,X470 AORUS ULTRA GAMING,True,,6,,True,,,,
245,LGA1155,Intel Z77,Black / Blue,True,ATX,,Asus,32 GB,4 x 240-pin DIMM,DDR3-1333 / 1600 / 1800 / 1866 / 2000 / 2133 / 2200 / 2400 / 2600,,,,,1 x 1000 Mbit/s,True,Depends on CPU,,P8Z77-V PRO,True,4,4,,True,,,,
246,LGA1151,Intel Z370,Black / White,True,ATX,,MSI,64 GB,4 x 288-pin DIMM,DDR4-2133 / 2400 / 2666 / 2800 / 3000 / 3200 / 3300 / 3333 / 3400 / 3466 / 3600 / 3733 / 3866 / 4000,,,,,1 x 1000 Mbit/s,True,Depends on CPU,,"Z370 KRAIT GAMING, (or)",True,,6,,True,,,,
247,LGA1151,Intel B250,Black / White,True,ATX,,MSI,64 GB,4 x 288-pin DIMM,DDR4-2133 / 2400,,,,,1 x 1000 Mbit/s,True,Depends on CPU,,"B250 PC MATE, (or)",False,,6,,False,,,,
248,LGA1151,Intel C236,Green / Blue,False,Mini ITX,,ASRock,32 GB,2 x 288-pin DIMM,DDR4-2133,,,,,2 x 1000 Mbit/s,True,Depends on CPU,,E3C236D2I,True,,6,,False,,,,
249,AM4,AMD A320,Black / White,False,Micro ATX,,MSI,64 GB,4 x 288-pin DIMM,DDR4-1866 / 2133 / 2400 / 2666 / 2933 / 3200,,,,,1 x 1000 Mbit/s,True,Depends on CPU,,"A320M BAZOOKA, (or)",True,,4,,False,,,,
250,LGA1151,Intel B250,Black / Silver,False,Micro ATX,,Asus,32 GB,2 x 288-pin DIMM,DDR4-2133 / 2400,,,,,1 x 1000 Mbit/s,True,Depends on CPU,,PRIME B250M-K,False,,6,,False,,,,
251,LGA1151,Intel Z170,Black / Orange,True,ATX,,ASRock,64 GB,4 x 288-pin DIMM,DDR4-2133 / 2400 / 2800 / 2933 / 3200,,,,,1 x 1000 Mbit/s,True,Depends on CPU,,Z170 Pro4,True,,2,2,False,,,,
252,LGA1151,Intel Z370,Black / Silver,True,ATX,,ASRock,64 GB,4 x 288-pin DIMM,DDR4-2133 / 2400 / 2666 / 2800 / 2933 / 3200 / 3600 / 3733 / 3800 / 3866 / 4000 / 4333,,,,,1 x 1000 Mbit/s,True,Depends on CPU,,Z370 Extreme4 / 90-MXB5U0-A0UAYZ,True,,8,,True,,,,
253,LGA1151,Intel B360,White,False,Micro ATX,,MSI,64 GB,4 x 288-pin DIMM,DDR4-2133 / 2400 / 2666,,,,,1 x 1000 Mbit/s,True,Depends on CPU,,"B360M MORTAR TITANIUM, (or)",False,,4,,False,,,,
254,LGA1151,Intel H270,White / Silver,True,ATX,,MSI,64 GB,4 x 288-pin DIMM,DDR4-2133 / 2400,,,,,1 x 1000 Mbit/s,True,Depends on CPU,,H270 TOMAHAWK ARCTIC,True,,6,,False,,,,
255,LGA2066,Intel X299,Black / Silver,True,ATX,,MSI,128 GB,8 x 288-pin DIMM,DDR4-2133 / 2400 / 2666 / 2800 / 2933 / 3000 / 3200 / 3333 / 3400 / 3466 / 3600 / 3733 / 3800 / 3866 / 4000 / 4133 / 4200 / 4266,,,,,1 x 1000 Mbit/s,True,False,,X299 RAIDER,True,,8,,3-way SLI,1,,,
256,LGA1151,Intel B360,Silver / Black,False,Micro ATX,,Asus,64 GB,4 x 288-pin DIMM,DDR4-2133 / 2400 / 2666,,,,,1 x 1000 Mbit/s,True,Depends on CPU,,PRIME B360M-A,False,,6,,False,,,,
257,2 x LGA2011-3 Narrow,Intel C612,Green / Blue,False,SSI EEB,,ASRock,1 TB,16 x 288-pin DIMM,DDR4-1600 / 1866 / 2133 / 2400,,,,,"2 x 10 Gbit/s, 1 x 1000 Mbit/s",True,Depends on CPU,,EP2C612D16SM-2T,True,,10,,False,,,,
258,AM4,AMD X470,Black,True,ATX,,Asus,64 GB,4 x 288-pin DIMM,DDR4-2133 / 2400 / 2666 / 2800 / 2933 / 3000 / 3200 / 3466,,,,ROG STRIX X470-F Gaming,1 x 1000 Mbit/s,True,Depends on CPU,,Strix X470-F Gaming / ROG Strix X470-F Gaming / 90MB0XH0-M0EAY0,True,,6,,True,,,,
259,LGA1151,Intel H370,Black,False,Mini ITX,,EVGA,32 GB,2 x 288-pin DIMM,DDR4-2400 / 2666,,,,H370 Stinger,1 x 1000 Mbit/s,True,Depends on CPU,,111-CS-E371-KR,True,,4,,False,,,,
260,FM2+,AMD A68H,Brown / Black,False,Micro ATX,,ASRock,32 GB,2 x 240-pin DIMM,DDR3-1066 / 1333 / 1600 / 1866 / 2133 / 2400,,,,,1 x 1000 Mbit/s,False,Depends on CPU,,FM2A68M-DG3+,True,,4,,False,,,,
261,FM2+,AMD A68M,Brown / Black,False,Micro ATX,,ASRock,32 GB,2 x 240-pin DIMM,DDR3-1066 / 1333 / 1600 / 1866 / 2133 / 2400,,,,,1 x 1000 Mbit/s,True,Depends on CPU,,FM2A68M-HD+,True,,4,,False,,,,
262,LGA1151,Intel Z370,Black / Silver,False,Mini ITX,,ASRock,32 GB,2 x 288-pin DIMM,DDR4-2133 / 2400 / 2666 / 2800 / 2933 / 3200 / 3600 / 3733 / 3800 / 3866 / 4000,,,,,2 x 1000 Mbit/s,True,Depends on CPU,,Z370M-ITX/ac,True,,6,,False,,,,
263,AM4,AMD B350,Black / Yellow,True,Micro ATX,,Asus,64 GB,4 x 288-pin DIMM,DDR4-2133 / 2400 / 2666 / 2933 / 3200,,,,,1 x 1000 Mbit/s,True,Depends on CPU,,TUF B350M-PLUS GAMING / 90MB0UU0-M0EAY0,True,,6,,False,,,,
264,AM4,AMD X470,Black,True,ATX,,Asus,64 GB,4 x 288-pin DIMM,DDR4-2133 / 2400 / 2666 / 2800 / 2933 / 3000 / 3200 / 3466,,,,ROG Crosshair VII Hero (Wi-Fi),1 x 1000 Mbit/s,True,False,,Crosshair VII Hero (Wi-Fi) / ROG Crosshair VII Hero (Wi-Fi),True,,6,,True,,,,
265,TR4,AMD X399,Black / Silver,True,ATX,,ASRock,128 GB,8 x 288-pin DIMM,DDR4-2133 / 2400 / 2666 / 2933 / 3200 / 3600,,,,,2 x 1000 Mbit/s,True,False,,X399 Taichi,True,,8,,4-way SLI,1,,,
266,AM4,AMD B350,Brown / Black,False,Micro ATX,,MSI,32 GB,2 x 288-pin DIMM,DDR4-1866 / 2133 / 2400 / 2666 / 2933 / 3200,,,,,1 x 1000 Mbit/s,True,Depends on CPU,,"B350M PRO-VD PLUS, (or)",True,,4,,False,,,,
267,AM4,AMD B450,Black,False,Micro ATX,,MSI,64 GB,4 x 288-pin DIMM,DDR4-1866 / 2133 / 2400 / 2666 / 2800 / 2933 / 3000 / 3200 / 3466,,,,,1 x 1000 Mbit/s,True,Depends on CPU,,B450M BAZOOKA V2,True,,4,,False,,,,
268,AM4,AMD A320,Black / White,False,Micro ATX,,ASRock,64 GB,4 x 288-pin DIMM,DDR4-2133 / 2400 / 2666 / 2933 / 3200,,,,,1 x 1000 Mbit/s,True,Depends on CPU,,A320M Pro4,True,,4,,False,,,,
269,LGA1151,Intel Z170,Black / White,True,ATX,,Asus,64 GB,4 x 288-pin DIMM,DDR4-2133 / 2400 / 2666 / 2800 / 3000 / 3200 / 3300 / 3333 / 3400,,,,,2 x 1000 Mbit/s,True,Depends on CPU,,Z170-DELUXE,True,,6,1,True,,,,
270,LGA1151,Intel Z390,Black,True,ATX,,Asus,64 GB,4 x 288-pin DIMM,DDR4-2133 / 2400 / 2666 / 2800 / 3000 / 3200 / 3300 / 3333 / 3400 / 3466 / 3600 / 3733 / 3866 / 4000 / 4133 / 4266,,,,,1 x 1000 Mbit/s,True,Depends on CPU,,ROG STRIX Z390-E GAMING / 90MB0YF0-M0EAY1,True,,6,,True,,,,
271,LGA1151,Intel Z170,Black / Orange,True,ATX,,ASRock,64 GB,4 x 288-pin DIMM,DDR4-2133 / 2400 / 2800 / 2933 / 3200,,,,,1 x 1000 Mbit/s,True,Depends on CPU,,Z170 Pro4S,True,,2,2,False,,,,
272,AM3+,AMD 970,Brown / Black,True,ATX,,ASRock,64 GB,4 x 240-pin DIMM,DDR3-800 / 1066 / 1333 / 1600 / 1800 / 1866 / 2100,,,,970 Pro3 R2.0,1 x 1000 Mbit/s,True,False,,970 PRO3 R2.0,True,,6,,False,,,,
273,AM4,AMD X370,Black / Orange,True,ATX,,Gigabyte,64 GB,4 x 288-pin DIMM,DDR4-2133 / 2400 / 2666 / 2933 / 3200,,,,,1 x 1000 Mbit/s,True,Depends on CPU,,GA-AX370-Gaming K5 / GA-AX370-Gaming K5 (rev. 1.0),True,,4,2,True,,,,
274,AM4,AMD X370,Black / Red,True,ATX,,Gigabyte,64 GB,4 x 288-pin DIMM,DDR4-2133 / 2400 / 2666 / 2933 / 3200,,,,,1 x 1000 Mbit/s,True,Depends on CPU,,GA-AX370-Gaming,True,,8,,False,,,,
275,TR4,AMD X399,Black / Silver,True,EATX,,Asus,128 GB,8 x 288-pin DIMM,DDR4-2133 / 2400 / 2666 / 2800 / 3000 / 3200,,,,,1 x 1000 Mbit/s,True,False,,PRIME X399-A,True,,6,,3-way SLI,1,,,
276,LGA1151,Intel Z390,Black / Silver,True,EATX,,Gigabyte,64 GB,4 x 288-pin DIMM,DDR4-2133 / 2400 / 2666 / 2800 / 3000 / 3200 / 3300 / 3333 / 3400 / 3466 / 3600 / 3666 / 3733 / 3800 / 3866 / 4000 / 4133 / 4266,,,,,"1 x 10 Gbit/s, 1 x 1000 Mbit/s",True,Depends on CPU,,Z390 AORUS XTREME,True,,6,,True,,,,
277,LGA1151,Intel Z390,Black / Red,True,ATX,,MSI,64 GB,4 x 288-pin DIMM,DDR4-2133 / 2400 / 2666 / 2800 / 3000 / 3200 / 3300 / 3333 / 3400 / 3466 / 3600 / 3733 / 3866 / 4000 / 4133 / 4200 / 4266 / 4400,,,,,1 x 1000 Mbit/s,True,Depends on CPU,,MPG Z390 GAMING PLUS / Z390GAMINGP,True,,6,,False,,,,
278,LGA1151,Intel Z390,Silver / Black,True,ATX,,Asus,64 GB,4 x 288-pin DIMM,DDR4-2133 / 2400 / 2666 / 2800 / 3000 / 3200 / 3300 / 3333 / 3400 / 3466 / 3600 / 3733 / 3866 / 4000 / 4133 / 4266,,,,,1 x 1000 Mbit/s,True,Depends on CPU,,PRIME Z390-P,True,,4,,False,,,,
279,LGA1151,Intel H110,Black / Orange,False,Micro ATX,,ASRock,32 GB,2 x 288-pin DIMM,DDR4-2133,,,,,1 x 1000 Mbit/s,True,Depends on CPU,,H110M-HDS,False,,4,,False,,,,
280,LGA1151,Intel H370,Black / Silver,True,Micro ATX,,Gigabyte,64 GB,4 x 288-pin DIMM,DDR4-2133 / 2400 / 2666,,,,,1 x 1000 Mbit/s,True,Depends on CPU,,H370M D3H GSM,True,,6,,False,,,,
281,LGA1151,Intel C232,Black / Red,True,ATX,,ASRock,64 GB,4 x 288-pin DIMM,DDR4-2133,,,,,1 x 1000 Mbit/s,True,False,,E3V5 Performance Gaming/OC,True,,6,,False,,,,
282,LGA2011-3,Intel X99,Black,True,EATX,,Asus,128 GB,8 x 288-pin DIMM,DDR4-2133 / 2400 / 2666 / 2800 / 3000 / 3200 / 3300 / 3333,,,,,2 x 1000 Mbit/s,True,False,,Rampage V Edition 10,True,,10,,4-way SLI,1,,,
283,LGA1151,Intel B360,Black / Red,False,ATX,,MSI,64 GB,4 x 288-pin DIMM,DDR4-2133 / 2400 / 2666,,,,,1 x 1000 Mbit/s,True,Depends on CPU,,B360 GAMING PLUS,False,,5,,False,,,,
284,LGA1151,Intel H310,Silver / Black,False,Micro ATX,,Asus,32 GB,2 x 288-pin DIMM,DDR4-2133 / 2400 / 2666,,,,,1 x 1000 Mbit/s,True,Depends on CPU,,PRIME H310M-D,False,,4,,False,,,,
285,LGA1151,Intel H310,Black / Silver,False,Mini ITX,,ASRock,32 GB,2 x 288-pin DIMM,DDR4-2133 / 2400 / 2666,,,,,1 x 1000 Mbit/s,True,Depends on CPU,,H310M-ITX/ac,False,,4,,False,,,,
286,LGA1151,Intel Z370,Black / Silver,False,Mini ITX,,MSI,32 GB,2 x 288-pin DIMM,DDR4-2133 / 2400 / 2666 / 2800 / 3000 / 3200 / 3300 / 3333 / 3400 / 3466 / 3600 / 3733 / 3866 / 4000 / 4133 / 4266 / 4333 / 4400 / 4500,,,,,1 x 1000 Mbit/s,True,Depends on CPU,,"Z370I GAMING PRO CARBON AC, (or)",True,,4,,False,,,,
287,AM3+,AMD 970,Black / Gray,True,ATX,,Gigabyte,32 GB,4 x 240-pin DIMM,DDR3-1066 / 1333 / 1600 / 1866 / 2000,,,,,1 x 1000 Mbit/s,True,False,,GA-970A-DS3P,True,,6,,False,,,,
288,LGA2011-3 Narrow,Intel C612,Black / Green,False,Micro ATX,,Supermicro,512 GB,4 x 288-pin DIMM,DDR4-1600 / 1866 / 2133 / 2400,,,,,2 x 1000 Mbit/s,True,True,,X10SRM-F,False,,10,,False,,,,
289,FM1,AMD A55,Black / Blue,True,Micro ATX,,Asus,32 GB,2 x 240-pin DIMM,DDR3-1066 / 1333 / 1600 / 1866 / 2250,,,,,1 x 1000 Mbit/s,False,Depends on CPU,,F1A55-M LX PLUS R2.0,True,6,,,False,,,,
290,LGA1151,Intel C232,Black / Green,False,Micro ATX,,Supermicro,64 GB,4 x 288-pin DIMM,DDR4-1600 / 1866 / 2133,,,,,2 x 1000 Mbit/s,True,True,,MBD-X11SSL-F-O / X11SSL-F-O,True,,6,,False,,,,
291,LGA1151,Intel B250,Black / Gold,False,Micro ATX,,Gigabyte,64 GB,4 x 288-pin DIMM,DDR4-2133 / 2400,,,,,1 x 1000 Mbit/s,True,Depends on CPU,,GA-B250M-DS3H,False,,6,,False,,,,
292,2 x LGA2011-3,Intel C612,Black / Green,False,ATX,,Supermicro,512 GB,8 x 288-pin DIMM,DDR4-1600 / 1866 / 2133,,,,,2 x 1000 Mbit/s,True,False,,MBD-X10DAL-I-O,True,,10,,False,,,,
293,AM4,AMD X370,Black / Red,True,ATX,,MSI,64 GB,4 x 288-pin DIMM,DDR4-1866 / 2133 / 2400 / 2666 / 2933 / 3200,,,,,1 x 1000 Mbit/s,True,Depends on CPU,,"X370 GAMING PRO, (or)",True,,6,,True,,,,
294,LGA1151,Intel Z390,Black / Silver,True,ATX,,ASRock,64 GB,4 x 288-pin DIMM,DDR4-2133 / 2400 / 2666 / 2800 / 2933 / 3200 / 3600 / 3733 / 3800 / 3866 / 4000 / 4133,,,,,1 x 1000 Mbit/s,True,Depends on CPU,,Z390 Phantom Gaming 4,True,,6,,False,,,,
295,AM4,AMD A320,Black,False,Micro ATX,,MSI,32 GB,2 x 288-pin DIMM,DDR4-1866 / 2133 / 2400 / 2666 / 2933 / 3200,,,,,1 x 1000 Mbit/s,True,Depends on CPU,,A320M PRO-M2,True,,4,,False,,,,
296,LGA1151,Intel Z370,Black,True,ATX,,MSI,64 GB,4 x 288-pin DIMM,DDR4-2133 / 2400 / 2666 / 2800 / 3000 / 3200 / 3300 / 3333 / 3400 / 3466 / 3600 / 3733 / 3866 / 4000,,,,,1 x 1000 Mbit/s,True,Depends on CPU,,"Z370 GAMING M5, (or)",True,,6,,True,,,,
297,LGA1151,Intel H110,Black / Orange,False,Micro ATX,,ASRock,32 GB,2 x 288-pin DIMM,DDR4-2133,,,,,1 x 1000 Mbit/s,True,Depends on CPU,,H110M-DGS,False,,4,,False,,,,
298,AM4,AMD B350,Brown / Black,False,Micro ATX,,MSI,64 GB,4 x 288-pin DIMM,DDR4-1866 / 2133 / 2400 / 2666 / 2933 / 3200,,,,,1 x 1000 Mbit/s,True,Depends on CPU,,B350M PRO-VDH,True,,4,,False,,,,
299,LGA1151,Intel Z390,Black,True,EATX,,Asus,64 GB,4 x 288-pin DIMM,DDR4-2133 / 2400 / 2666 / 2800 / 3000 / 3200 / 3300 / 3333 / 3400 / 3466 / 3600 / 3733 / 3866 / 4000 / 4133 / 4266 / 4400,,,,,1 x 1000 Mbit/s,True,Depends on CPU,,ROG MAXIMUS XI EXTREME,True,,6,,True,,,,
300,AM4,AMD X470,Black / Silver,True,ATX,,ASRock,64 GB,4 x 288-pin DIMM,DDR4-2133 / 2400 / 2666 / 2933 / 3200 / 3466,,,,Fatal1ty X470 Gaming K4,1 x 1000 Mbit/s,True,Depends on CPU,,X470 Gaming K4,True,,6,,True,,,,
301,LGA1151,Intel H170,Black / Orange,False,ATX,,ASRock,64 GB,4 x 288-pin DIMM,DDR4-2133,,,,,1 x 1000 Mbit/s,True,Depends on CPU,,H170 Pro4S,True,,4,1,False,,,,
302,LGA1151,Intel Z390,Black,True,ATX,,Asus,64 GB,4 x 288-pin DIMM,DDR4-2133 / 2400 / 2666 / 2800 / 3000 / 3200 / 3300 / 3333 / 3400 / 3466 / 3600 / 3733 / 3866 / 4000 / 4133 / 4266 / 4400,,,,,1 x 1000 Mbit/s,True,Depends on CPU,,ROG MAXIMUS XI HERO (WI-FI) / 90MB0XR0-M0EAY0,True,,6,,True,,,,
303,AM4,AMD B450,Black / Gold,True,Micro ATX,,Asus,64 GB,4 x 288-pin DIMM,DDR4-2133 / 2400 / 2666 / 2800 / 3000 / 3200,,,,TUF B450M-PLUS GAMING,1 x 1000 Mbit/s,True,Depends on CPU,,B450M-PLUS GAMING / TUF B450M-PLUS GAMING / 90MB0YQ0-M0EAY0,True,,6,,False,,,,
304,AM4,AMD B450,Black / Silver,True,ATX,,Asus,64 GB,4 x 288-pin DIMM,DDR4-2133 / 2400 / 2666 / 2800 / 3000 / 3200,,,,,1 x 1000 Mbit/s,True,Depends on CPU,,PRIME B450-PLUS / 90MB0YN0-M0EAY0,True,,6,,False,,,,
305,LGA1151,Intel Z390,Black / Silver,True,ATX,,ASRock,64 GB,4 x 288-pin DIMM,DDR4-2133 / 2400 / 2666 / 2800 / 2933 / 3200 / 3600 / 3733 / 3800 / 3866 / 4000 / 4133 / 4266,,,,,2 x 1000 Mbit/s,True,Depends on CPU,,Z390 Phantom Gaming 9,True,,6,,True,,,,
306,LGA1151,Intel Z390,Black,True,ATX,,Asus,64 GB,4 x 288-pin DIMM,DDR4-2133 / 2400 / 2666 / 2800 / 3000 / 3200 / 3300 / 3333 / 3400 / 3466 / 3600 / 3733 / 3866 / 4000 / 4133 / 4266 / 4400,,,,,1 x 1000 Mbit/s,True,Depends on CPU,,ROG MAXIMUS XI CODE / 90MB0XT0-M0EAY0,True,,6,,True,,,,
307,LGA2066,Intel X299,Black / Silver,True,EATX,,EVGA,64 GB,4 x 288-pin DIMM,DDR4-2133 / 2400 / 2666 / 2800 / 3000 / 3200 / 3600 / 3733 / 3866 / 4000 / 4133,,,,X299 DARK,2 x 1000 Mbit/s,True,False,,151-SX-E299-KR,False,,8,,4-way SLI,2,,,
308,LGA2066,Intel X299,Black,True,ATX,,Asus,128 GB,8 x 288-pin DIMM,DDR4-2133 / 2400 / 2666 / 3600 / 4000,,,,,2 x 1000 Mbit/s,True,Depends on CPU,,TUF X299 MARK 1 / 90MB0U00-M0EAY0,True,,8,,3-way SLI,,,,
309,LGA1151,Intel B250,Black / Red,True,ATX,,ASRock,64 GB,4 x 288-pin DIMM,DDR4-2133 / 2400,,,,,1 x 1000 Mbit/s,True,Depends on CPU,,Fatal1ty B250 Gaming K4,False,,6,,False,,,,
310,LGA1151,Intel H270,Black / Silver,True,ATX,,MSI,64 GB,4 x 288-pin DIMM,DDR4-2133 / 2400,,,,,1 x 1000 Mbit/s,True,Depends on CPU,,H270-A PRO,True,,6,,False,,,,
311,LGA1151,Intel Z370,Black / Silver,True,ATX,,Gigabyte,64 GB,4 x 288-pin DIMM,DDR4-2133 / 2400 / 2666 / 2800 / 3000 / 3200 / 3300 / 3333 / 3400 / 3466 / 3600 / 3666 / 3733 / 3800 / 3866 / 4000 / 4133,,,,,2 x 1000 Mbit/s,True,True,,Z370 AORUS Gaming 7 (rev. 1.0) / Z370 AORUS Gaming 7 / GA-Z370 AORUS Gaming 7,True,,6,,True,,,,
312,LGA1151,Intel C236,Green / Black,False,Micro ATX,,Supermicro,64 GB,4 x 288-pin DIMM,DDR4-1600 / 1866 / 2133,,,,,4 x 1000 Mbit/s,True,True,,MBD-X11SSH-LN4F / MBD-X11SSH-LN4F-O / X11SSH-LN4F-O,True,,8,,False,,,,
313,LGA1151,Intel B360,Black / Silver,False,Micro ATX,,ASRock,32 GB,2 x 288-pin DIMM,DDR4-2133 / 2400 / 2666,,,,,1 x 1000 Mbit/s,True,Depends on CPU,,B360M-HDV,False,,6,,False,,,,
314,LGA1151,Intel Z370,Black / Red,True,Micro ATX,,MSI,64 GB,4 x 288-pin DIMM,DDR4-2133 / 2400 / 2666 / 2800 / 3000 / 3200 / 3300 / 3333 / 3400 / 3466 / 3600 / 3733 / 3866 / 4000,,,,,1 x 1000 Mbit/s,True,Depends on CPU,,"Z370M MORTAR, (or)",True,,4,,False,,,,
315,LGA1151,Intel C236,Green / Blue,False,Mini ITX,,ASRock,32 GB,2 x 288-pin DIMM,DDR4-2133,,,,,2 x 1000 Mbit/s,True,Depends on CPU,,C236 WSI,False,,8,,False,,,,
316,LGA1151,Intel Z270,Black / Silver,True,EATX,,Asus,32 GB,2 x 288-pin DIMM,DDR4-2133 / 2400 / 2666 / 2800 / 3000 / 3200 / 3300 / 3333 / 3400 / 3466 / 3600 / 3733 / 3800 / 3866 / 4000 / 4133 / 4266,,,,,1 x 1000 Mbit/s,True,Depends on CPU,,MAXIMUS IX APEX / ROG MAXIMUS IX APEX,True,,4,,True,,,,
317,AM3+,AMD A78,Black / Blue,False,Micro ATX,,Asus,32 GB,4 x 240-pin DIMM,DDR3-1066 / 1333 / 1600 / 1800 / 1866 / 2000,,,,,1 x 1000 Mbit/s,True,False,,M5A78L-M PLUS/USB3 / 90MB0RB0-M0EAY0,False,,6,,False,,,,
318,LGA1151,Intel Z170,Black / Silver,True,ATX,,Asus,64 GB,4 x 288-pin DIMM,DDR4-2133 / 2400 / 2666 / 2800 / 3000 / 3200 / 3333 / 3400 / 3466,,,,,1 x 1000 Mbit/s,True,Depends on CPU,,Z170-E,True,,6,1,True,,,,
319,LGA2066,Intel X299,Black,True,ATX,,Asus,128 GB,8 x 288-pin DIMM,DDR4-2133 / 2400 / 2666 / 2800 / 3200 / 3300 / 3333 / 3400 / 3466 / 3600 / 3733 / 3866 / 4000 / 4133,,,,,1 x 1000 Mbit/s,True,False,,STRIX X299-E GAMING / ROG STRIX X299-E GAMING / 90MB0U50-M0EAY0 / ROG STRIX X299-E,True,,8,,3-way SLI,,,,
320,LGA2066,Intel X299,Black / Silver,True,ATX,,MSI,128 GB,8 x 288-pin DIMM,DDR4-2133 / 2400 / 2666 / 2800 / 3000 / 3200 / 3300 / 3333 / 3400 / 3466 / 3600 / 3733 / 4000 / 4133 / 4266,,,,,1 x 1000 Mbit/s,True,False,,X299 GAMING PRO CARBON AC,True,,8,,3-way SLI,1,,,
321,LGA1151,Intel B360,Brown / Black,False,Micro ATX,,MSI,32 GB,2 x 288-pin DIMM,DDR4-2133 / 2400 / 2666,,,,,1 x 1000 Mbit/s,True,False,,"B360M PRO-VH, (or)",False,,6,,False,,,,
322,LGA1151,Intel C246,Black / Silver,True,ATX,,Asus,64 GB,4 x 288-pin DIMM,DDR4-2133 / 2400 / 2666,,,,,2 x 1000 Mbit/s,True,True,,WS C246 PRO,True,,8,,False,,,,
323,LGA1151,Intel B360,Black / Silver,True,Micro ATX,,ASRock,64 GB,4 x 288-pin DIMM,DDR4-2133 / 2400 / 2666,,,,,1 x 1000 Mbit/s,True,Depends on CPU,,B360M Pro4,False,,6,,False,,,,
324,LGA1151,Intel Z390,Black / Silver,True,ATX,,EVGA,64 GB,4 x 288-pin DIMM,DDR4-2133 / 2400 / 2666 / 2800 / 3000 / 3200 / 3466 / 3600 / 3733 / 3866 / 4000 / 4133,,,,Z390 FTW,1 x 1000 Mbit/s,True,False,,123-CS-E397-KR,True,,6,,True,,,,
325,LGA1150,Intel C224,Blue / White,False,Mini ITX,,ASRock,16 GB,2 x 240-pin DIMM,DDR3-1333 / 1600,,,,,3 x 1000 Mbit/s,True,True,,E3C224D2I,True,2,4,,False,,,,
326,LGA1151,Intel Z390,Black / Silver,True,Micro ATX,,ASRock,64 GB,4 x 288-pin DIMM,DDR4-2133 / 2400 / 2666 / 2800 / 2933 / 3200 / 3600 / 3733 / 3800 / 3866 / 4000 / 4133 / 4266,,,,,1 x 1000 Mbit/s,True,Depends on CPU,,Z390M Pro4,True,,6,,False,,,,
327,LGA2066,Intel X299,Black,True,ATX,,Asus,128 GB,8 x 288-pin DIMM,DDR4-2133 / 2400 / 2666 / 2800 / 3000 / 3200 / 3300 / 3333 / 3400 / 3600 / 4000,,,,,1 x 1000 Mbit/s,True,False,,TUF X299 MARK 2 / 90MB0UB0-M0EAY0,True,,6,,3-way SLI,,,,
328,TR4,AMD X399,Black / Silver,True,ATX,,ASRock,128 GB,8 x 288-pin DIMM,DDR4-2133 / 2400 / 2666 / 2933 / 3200 / 3400,,,,,"1 x 1000 Mbit/s, 1 x 2.5 Gbit/s",True,False,,X399 Phantom Gaming 6,True,,8,,3-way SLI,,,,
329,LGA2066,Intel X299,Black / Gray,True,ATX,,Gigabyte,128 GB,8 x 288-pin DIMM,DDR4-2133 / 2400 / 2666 / 2800 / 3000 / 3200 / 3300 / 3333 / 3400 / 3466 / 3600 / 3666 / 3733 / 3800 / 3866 / 4000 / 4133 / 4266 / 4333,,,,,1 x 1000 Mbit/s,True,False,,X299 UD4 / X299 UD4 (rev. 1.0),True,,8,,3-way SLI,,,,
330,AM4,AMD X470,Black / Silver,True,ATX,,MSI,64 GB,4 x 288-pin DIMM,DDR4-1866 / 2133 / 2400 / 2666 / 2800 / 2933 / 3000 / 3200 / 3466,,,,,1 x 1000 Mbit/s,True,Depends on CPU,,"X470 GAMING PRO CARBON, (or)",True,,8,,True,,,,
331,AM4,AMD B350,Black / White,True,Micro ATX,,ASRock,64 GB,4 x 288-pin DIMM,DDR4-2133 / 2400 / 2666 / 2933 / 3200,,,,,1 x 1000 Mbit/s,True,Depends on CPU,,AB350M Pro4,True,,4,,False,,,,
332,LGA1151,Intel C236,Green,False,Micro ATX,,Supermicro,64 GB,4 x 288-pin DIMM,DDR4-1600 / 1866 / 2133,,,,,2 x 1000 Mbit/s,True,True,,MBD-X11SSM-F-O / X11SSM-F-O,True,,8,,False,,,,
333,AM4,AMD B450,Black / White,False,Micro ATX,,ASRock,32 GB,2 x 288-pin DIMM,DDR4-2133 / 2400 / 2666 / 2933 / 3200,,,,,1 x 1000 Mbit/s,True,Depends on CPU,,B450M-HDV R4.0,True,,4,,False,,,,
334,TR4,AMD X399,Black / Silver,True,ATX,,MSI,128 GB,8 x 288-pin DIMM,DDR4-2133 / 2400 / 2666 / 2933 / 3200 / 3333 / 3466 / 3600,,,,,1 x 1000 Mbit/s,True,False,,"X399 GAMING PRO CARBON AC, (or)",True,,8,,4-way SLI,,,,
335,LGA1151,Intel Z370,Black / Red,True,ATX,,MSI,64 GB,4 x 288-pin DIMM,DDR4-2133 / 2400 / 2666 / 2800 / 3000 / 3200 / 3300 / 3333 / 3400 / 3466 / 3600 / 3733 / 3866 / 4000,,,,,1 x 1000 Mbit/s,True,Depends on CPU,,Z370 GAMING PLUS,True,,6,,False,,,,
336,AM4,AMD X470,Black / Orange,True,ATX,,Gigabyte,64 GB,4 x 288-pin DIMM,DDR4-2133 / 2400 / 2666 / 2933 / 3000 / 3200,,,,,1 x 1000 Mbit/s,True,Depends on CPU,,X470 AORUS GAMING 5 WIFI / GA-X470-AORUS-GAMING-5-WIFI,True,,6,,True,,,,
337,AM4,AMD B350,Black / Red,False,Micro ATX,,MSI,64 GB,4 x 288-pin DIMM,DDR4-1866 / 2133 / 2400 / 2666 / 2933 / 3200,,,,,1 x 1000 Mbit/s,True,Depends on CPU,,"B350M MORTAR, (or)",True,,4,,False,,,,
338,LGA2011-3,Intel X99,Black / Red,True,EATX,,Asus,64 GB,8 x 288-pin DIMM,DDR4-2133 / 2400 / 2666 / 2800 / 3000,,,,,1 x 1000 Mbit/s,True,False,,RAMPAGE V EXTREME/U3 / RAMPAGE V EXTREME/U3.1 / 90MB0JG1-M0EAY0,True,,8,2,4-way SLI,,,,
339,2 x LGA2011-3,Intel C612,Black / Gold,True,SSI EEB,,Asus,512 GB,8 x 288-pin DIMM,DDR4-1600 / 1866 / 2133,,,,,2 x 1000 Mbit/s,True,True,,Z10PE-D8 WS / 90SB0460-M0EAY0,True,,8,2,4-way SLI,,,,
340,LGA1151,Intel H310,Brown / Black,False,ATX,,MSI,32 GB,2 x 288-pin DIMM,DDR4-2133 / 2400 / 2666,,,,,1 x 1000 Mbit/s,True,Depends on CPU,,"H310-A PRO, (or)",False,,4,,False,,,,
341,AM4,AMD B450,Black,True,ATX,,Asus,64 GB,4 x 288-pin DIMM,DDR4-2133 / 2400 / 2666 / 2800 / 3000 / 3200,,,,ROG STRIX B450-F GAMING,,True,Depends on CPU,,STRIX B450-F GAMING / ROG STRIX B450-F GAMING / 90MB0YS0-M0EAY0,True,,6,,False,,,,
342,TR4,AMD X399,Black / Silver,True,EATX,,MSI,128 GB,8 x 288-pin DIMM,DDR4-2133 / 2400 / 2666 / 2800 / 2933 / 3200 / 3333 / 3466 / 3600,,,,,2 x 1000 Mbit/s,True,False,,MEG X399 CREATION / X399CREATION,True,,8,,3-way SLI,,,,
343,LGA1151,Intel H110,Black / Gold,False,Micro ATX,,Asus,32 GB,2 x 288-pin DIMM,DDR4-2133,,,,,1 x 1000 Mbit/s,True,Depends on CPU,,H110M-E/M.2,False,,4,,False,,,,
344,AM4,AMD B450,Black / Red,False,Mini ITX,,MSI,32 GB,2 x 288-pin DIMM,DDR4-1866 / 2133 / 2400 / 2666 / 2800 / 2933 / 3000 / 3200 / 3466,,,,,1 x 1000 Mbit/s,True,Depends on CPU,,B450I GAMING PLUS AC,True,,4,,False,,,,
345,AM4,AMD B350,Black / Red,True,ATX,,Gigabyte,64 GB,4 x 288-pin DIMM,DDR4-2133 / 2400 / 2666 / 2933 / 3200,,,,,1 x 1000 Mbit/s,True,Depends on CPU,,GA-AB350-GAMING 3 / AB350-GAMING 3,True,,6,,False,,,,
346,LGA1151,Intel Z370,Black,True,ATX,,NZXT,64 GB,4 x 288-pin DIMM,DDR4-2133 / 2400 / 2666 / 2800 / 3000 / 3200 / 3300 / 3333 / 3400 / 3466 / 3600 / 3733 / 3866,,,,,1 x 1000 Mbit/s,True,Depends on CPU,,N7-Z37XT-B1,True,,4,,True,,,,
347,AM4,AMD B350,Black / Red,True,ATX,,MSI,64 GB,4 x 288-pin DIMM,DDR4-1866 / 2133 / 2400 / 2666 / 2933 / 3200,,,,,1 x 1000 Mbit/s,True,Depends on CPU,,B350 TOMAHAWK,True,,4,,False,,,,
348,LGA1151,Intel Z390,Brown / Black,True,ATX,,MSI,64 GB,4 x 288-pin DIMM,DDR4-2133 / 2400 / 2666 / 2800 / 3000 / 3200 / 3300 / 3333 / 3400 / 3466 / 3600 / 3733 / 3866 / 4000 / 4133 / 4200 / 4266 / 4400,,,,,1 x 1000 Mbit/s,True,Depends on CPU,,Z390-A PRO,True,,6,,False,,,,
349,AM4,AMD X470,Black,True,ATX,,Asus,64 GB,4 x 288-pin DIMM,DDR4-2133 / 2400 / 2666 / 2800 / 3000 / 3200,,,,TUF X470-PLUS GAMING,1 x 1000 Mbit/s,True,Depends on CPU,,X470-PLUS GAMING / TUF X470-PLUS GAMING / 90MB0XL0-M0EAY0,True,,6,,False,,,,
350,LGA1155,Intel H61,Green / Blue,False,Micro ATX,,Intel,8 GB,2 x 240-pin DIMM,DDR3-1066 / 1333 / 1600,,,,DH61CRB3,1 x 1000 Mbit/s,False,Depends on CPU,,BOXDH61CRB3,False,4,,,False,,,,
351,LGA1151,Intel Z370,Black / White,True,ATX,,MSI,64 GB,4 x 288-pin DIMM,DDR4-2133 / 2400 / 2666 / 2800 / 3000 / 3200 / 3300 / 3333 / 3400 / 3466 / 3600 / 3733 / 3866 / 4000,,,,,1 x 1000 Mbit/s,True,Depends on CPU,,"Z370 PC PRO, (or)",True,,6,,False,,,,
352,LGA1150,Intel C222,Black / Green,False,Micro ATX,,Supermicro,32 GB,4 x 240-pin DIMM,DDR3-1600,,,,,2 x 1000 Mbit/s,True,True,,X10SLL-F / MBD-X10SLL-F-O / X10SLL-F-O,True,2,4,,False,,,,
353,LGA1151,Intel Z370,Black / Silver,True,ATX,,EVGA,64 GB,4 x 288-pin DIMM,DDR4-2133 / 2400 / 2666 / 2800 / 3000 / 3200 / 3466 / 3600 / 3733 / 3866 / 4000 / 4133,,,,Z370 Classified K,2 x 1000 Mbit/s,True,Depends on CPU,,134-KS-E379-KR,True,,6,,True,,,,
354,LGA1151,Intel B360,Brown,True,ATX,,MSI,64 GB,4 x 288-pin DIMM,DDR4-2133 / 2400 / 2666,,,,,1 x 1000 Mbit/s,True,Depends on CPU,,B360-A PRO,False,,5,,False,,,,
355,AM4,AMD B450,Red / Black,True,ATX,,MSI,64 GB,4 x 288-pin DIMM,DDR4-1866 / 2133 / 2400 / 2666 / 2800 / 2933 / 3000 / 3200 / 3466,,,,,1 x 1000 Mbit/s,True,Depends on CPU,,B450 Gaming Plus,True,,6,,False,,,,
356,AM4,AMD X470,Black / Orange,True,ATX,,Gigabyte,64 GB,4 x 288-pin DIMM,DDR4-2133 / 2400 / 2666 / 2933 / 3000 / 3200 / 3333 / 3400 / 3600,,,,,1 x 1000 Mbit/s,True,False,,X470 AORUS GAMING 7 WIFI,True,,6,,True,,,,
357,LGA1151,Intel Z370,Black / Gray,True,ATX,,Gigabyte,64 GB,4 x 288-pin DIMM,DDR4-2133 / 2400 / 2666 / 2800 / 3000 / 3200 / 3300 / 3333 / 3400 / 3466 / 3600 / 3666 / 3733 / 3800 / 3866 / 4000,,,,,1 x 1000 Mbit/s,True,Depends on CPU,,Z370 HD3P (rev. 1.0) / Z370 HD3P,True,,6,,False,,,,
358,LGA1151,Intel H370,Black,True,ATX,,ASRock,64 GB,4 x 288-pin DIMM,DDR4-2133 / 2400 / 2666,,,,Fatal1ty H370 Performance,1 x 1000 Mbit/s,True,Depends on CPU,,H370 Performance,True,,6,,False,,,,
359,LGA1151,Intel B360,Black,False,Micro ATX,,MSI,64 GB,4 x 288-pin DIMM,DDR4-2133 / 2400 / 2666,,,,,1 x 1000 Mbit/s,True,Depends on CPU,,"B360M PRO-VDH, (or)",False,,6,,False,,,,
360,LGA1151,Intel H270,Black / White,True,ATX,,ASRock,64 GB,4 x 288-pin DIMM,DDR4-2133 / 2400,,,,,1 x 1000 Mbit/s,True,Depends on CPU,,H270 Pro4,True,,6,,False,,,,
361,LGA1151,Intel Z390,Black / Red,True,ATX,,Asus,64 GB,4 x 288-pin DIMM,DDR4-2133 / 2400 / 2666 / 2800 / 3000 / 3200 / 3300 / 3400 / 3466 / 3600 / 3733 / 3866 / 4000 / 4133 / 4266,,,,,1 x 1000 Mbit/s,True,Depends on CPU,,ROG STRIX Z390-H GAMING,True,,6,,True,,,,
362,AM3+,AMD 760G,Black / Blue,False,Micro ATX,,Asus,32 GB,4 x 240-pin DIMM,DDR3-1066 / 1333 / 1600 / 1800 / 1866 / 2000,,,,,1 x 1000 Mbit/s,False,True,,M5A78L-M/USB3,True,6,,,False,,,,
363,LGA1151,Intel Q170,Green,False,Mini ITX,,Supermicro,32 GB,2 x 260-pin SODIMM,DDR4-1866 / 2133 / 2400,1,,,,2 x 1000 Mbit/s,True,Depends on CPU,,MBD-X11SSV-Q-O / X11SSV-Q-O,True,,5,,False,,,,
364,LGA1151,Intel B360,Black,False,Micro ATX,,MSI,64 GB,4 x 288-pin DIMM,DDR4-2133 / 2400 / 2666,,,,,1 x 1000 Mbit/s,True,Depends on CPU,,"B360M MORTAR, (or)",False,,4,,False,,,,
365,AM4,AMD B450,Brown / Black,True,ATX,,MSI,64 GB,4 x 288-pin DIMM,DDR4-1866 / 2133 / 2400 / 2666 / 2800 / 2933 / 3000 / 3200 / 3466,,,,,1 x 1000 Mbit/s,True,Depends on CPU,,B450-A PRO,True,,6,,False,,,,
366,LGA1151,Intel Z390,Black / Silver,True,ATX,,ASRock,64 GB,4 x 288-pin DIMM,DDR4-2133 / 2400 / 2666 / 2800 / 2933 / 3200 / 3600 / 3733 / 3800 / 3866 / 4000 / 4133 / 4200,,,,,"1 x 10 Gbit/s, 2 x 1000 Mbit/s",True,Depends on CPU,,Z390 Taichi Ultimate,True,,8,,True,,,,
367,AM4,AMD X370,Black / White,True,ATX,,Asus,64 GB,4 x 288-pin DIMM,DDR4-2133 / 2400 / 2666 / 2933 / 3200,,,,,1 x 1000 Mbit/s,True,Depends on CPU,,PRIME X370-PRO / 90MB0TD0-M0EAY0,True,,8,,True,,,,
368,AM4,AMD B350,Black / Red,False,ATX,,ASRock,64 GB,4 x 288-pin DIMM,DDR4-1866 / 2133 / 2400 / 2666 / 2933 / 3200,,,,,1 x 1000 Mbit/s,True,Depends on CPU,,Fatal1ty AB350 Gaming K4 / AB350 Gaming K4,True,,6,,False,,,,
369,LGA1151,Intel Z370,Black / Silver,True,ATX,,Asus,64 GB,4 x 288-pin DIMM,DDR4-2133 / 2400 / 2666 / 2800 / 3000 / 3200 / 3300 / 3333 / 3400 / 3466 / 3600 / 3733 / 3866 / 4000,,,,,1 x 1000 Mbit/s,True,Depends on CPU,,Prime Z370-A / 90MB0V60-M0EAY0,True,,6,,True,,,,
370,LGA1151,Intel Z270,Black / Gold,True,ATX,,Gigabyte,64 GB,4 x 288-pin DIMM,DDR4-2133 / 2400 / 2666 / 2800 / 3000 / 3200 / 3300 / 3333 / 3400 / 3466 / 3600 / 3666 / 3733 / 3800 / 3866,,,,,1 x 1000 Mbit/s,True,Depends on CPU,,GA-Z270-HD3,True,,4,1,False,,,,
371,AM4,AMD A320,Black / White,False,Micro ATX,,Asus,32 GB,2 x 288-pin DIMM,DDR4-2133 / 2400 / 2666 / 2933 / 3200,,,,,1 x 1000 Mbit/s,True,Depends on CPU,,PRIME A320M-K / 90MB0TV0-M0EAY0,True,,4,,False,,,,
372,LGA1150,Intel B85,Black / Yellow,False,ATX,,Biostar,16 GB,2 x 240-pin DIMM,DDR3-1066 / 1333 / 1600,,,,,1 x 1000 Mbit/s,True,True,,TB85,False,,4,,False,,,,
373,LGA1151,Intel B360,Black,True,Micro ATX,,Gigabyte,64 GB,4 x 288-pin DIMM,DDR4-2133 / 2400 / 2666,,,,,1 x 1000 Mbit/s,True,Depends on CPU,,B360M D3H GSM,False,,6,,False,,,,
374,LGA1151,Intel B360,Red / Black,True,ATX,,Asus,64 GB,4 x 288-pin DIMM,DDR4-2133 / 2400 / 2666,,,,ROG STRIX B360-H GAMING,1 x 1000 Mbit/s,True,Depends on CPU,,STRIX B360-H GAMING / ROG STRIX B360-H GAMING,False,,6,,False,,,,
375,AM4,AMD X370,Silver,True,ATX,,MSI,64 GB,4 x 288-pin DIMM,DDR4-1866 / 2133 / 2400 / 2666 / 2933 / 3200,,,,,1 x 1000 Mbit/s,True,Depends on CPU,,X370 XPOWER GAMING TITANIUM,True,,6,,True,1,,,
376,LGA1151,Intel B360,Black / White,False,Micro ATX,,MSI,64 GB,4 x 288-pin DIMM,DDR4-2133 / 2400 / 2666,,,,,1 x 1000 Mbit/s,True,Depends on CPU,,"B360M BAZOOKA, (or)",False,,6,,False,,,,
377,LGA1151,Intel B360,Black / Silver,True,ATX,,ASRock,64 GB,4 x 288-pin DIMM,DDR4-2133 / 2400 / 2666,,,,,1 x 1000 Mbit/s,True,Depends on CPU,,B360 Pro4,False,,6,,False,,,,
378,LGA1151,Intel Z390,Black / Silver,True,ATX,,Gigabyte,64 GB,4 x 288-pin DIMM,DDR4-2133 / 2400 / 2666 / 2800 / 3000 / 3200 / 3300 / 3333 / 3400 / 3466 / 3600 / 3666 / 3733 / 3800 / 3866 / 4000 / 4133 / 4266,,,,,2 x 1000 Mbit/s,True,Depends on CPU,,Z390 DESIGNARE,True,,6,,True,,,,
379,LGA1151,Intel Z390,Black / Silver,True,ATX,,ASRock,64 GB,4 x 288-pin DIMM,DDR4-2133 / 2400 / 2666 / 2800 / 2933 / 3200 / 3600 / 3733 / 3800 / 3866 / 4133 / 4200,,,,,1 x 1000 Mbit/s,True,Depends on CPU,,Z390 Taichi,True,,6,,True,,,,
380,LGA1151,Intel H110,Black / Silver,False,Micro ATX,,MSI,32 GB,2 x 288-pin DIMM,DDR4-2133,,,,,1 x 1000 Mbit/s,True,Depends on CPU,,H110M Pro-VD,False,,4,,False,,,,
381,LGA1151,Intel Q370,Black,True,Micro ATX,,ASRock,64 GB,4 x 288-pin DIMM,DDR4-2133 / 2400 / 2666,,,,,1 x 1000 Mbit/s,True,Depends on CPU,,Q370M VPRO,True,,6,,False,,,,
382,LGA1151,Intel Z370,Black / Silver,True,ATX,,ASRock,64 GB,4 x 288-pin DIMM,DDR4-2133 / 2400 / 2666 / 2800 / 2933 / 3200 / 3600 / 3733 / 3800 / 3866 / 4000 / 4133 / 4266 / 4333,,,,,3 x 1000 Mbit/s,True,Depends on CPU,,Fatal1ty Z370 Professional Gaming i7 / Z370 Professional Gaming i7,True,,8,,True,,,,
383,AM4,AMD B450,Black,False,Micro ATX,,MSI,64 GB,4 x 288-pin DIMM,DDR4-1866 / 2133 / 2400 / 2666 / 2800 / 2933 / 3000 / 3200 / 3466,,,,,,True,Depends on CPU,,B450M PRO-VDH PLUS,True,,4,,False,,,,
384,LGA1151,Intel Z370,Black / Silver,False,Micro ATX,,Gigabyte,64 GB,4 x 288-pin DIMM,DDR4-2133 / 2400 / 2666 / 2800 / 3000 / 3200 / 3300 / 3333 / 3400 / 3466 / 3600 / 3666 / 3733 / 3800 / 3866,,,,,1 x 1000 Mbit/s,True,Depends on CPU,,Z370M DS3H / Z370M DS3H Rev. 1.0,True,,6,,False,,,,
385,LGA1150,Intel H87,Green / Blue,False,ATX,,ASRock,32 GB,4 x 240-pin DIMM,DDR3-1333 / 1600,,,,,2 x 1000 Mbit/s,True,Depends on CPU,,H87WSA-DL,True,,8,,False,,,,
386,LGA2066,Intel X299,Black,True,EATX,,EVGA,128 GB,8 x 288-pin DIMM,DDR4-2133 / 2400 / 2666 / 3000 / 3200 / 3600 / 3733 / 3866 / 4000 / 4133,,,,X299 FTW K,2 x 1000 Mbit/s,True,False,,142-SX-E297-KR,True,,8,,3-way SLI,,,,
387,AM4,AMD X370,Black / Gray,True,ATX,,Asus,64 GB,4 x 288-pin DIMM,DDR4-2133 / 2400 / 2666 / 3200,,,,,1 x 1000 Mbit/s,True,False,,CROSSHAIR VI HERO (WI-FI AC) / ROG Crosshair VI Hero (Wi-fi AC) / 90MB0UT0-M0EAY0,True,,8,,True,,,,
388,LGA1151,Intel H370,Black / Silver,False,Mini ITX,,Asus,32 GB,2 x 288-pin DIMM,DDR4-2133 / 2400 / 2666,,,,ROG Strix H370-I Gaming,2 x 1000 Mbit/s,True,Depends on CPU,,Strix H370-I Gaming / ROG STRIX H370-I GAMING,True,,4,,False,,,,
389,LGA1151,Intel H370,,False,Mini ITX,,Gigabyte,32 GB,2 x 288-pin DIMM,DDR4-2133 / 2400 / 2666,,,,,2 x 1000 Mbit/s,True,Depends on CPU,,H370N WIFI,True,,4,,False,,,,
390,AM4,AMD B450,Black / Silver,False,Mini ITX,,ASRock,32 GB,2 x 288-pin DIMM,DDR4-2133 / 2400 / 2666 / 2933 / 3200 / 3466,,,,,1 x 1000 Mbit/s,True,Depends on CPU,,B450 GAMING-ITX/AC,True,,4,,False,,,,
391,LGA2066,Intel X299,Black / Silver,False,ATX,,MSI,128 GB,8 x 288-pin DIMM,DDR4-2133 / 2400 / 2666 / 2800 / 2933 / 3000 / 3200 / 3333 / 3400 / 3466 / 3600 / 3733 / 3800 / 3866 / 4000 / 4133,,,,,1 x 1000 Mbit/s,True,False,,X299 TOMAHAWK AC,True,,8,,False,1,,,
392,LGA1151,Intel Z390,Black / Silver,True,ATX,,Gigabyte,64 GB,4 x 288-pin DIMM,DDR4-2133 / 2400 / 2666 / 2800 / 3000 / 3200 / 3300 / 3333 / 3400 / 3466 / 3600 / 3666 / 3733 / 3800 / 3866 / 4000 / 4133,,,,,1 x 1000 Mbit/s,True,Depends on CPU,,Z390 GAMING SLI,False,,6,,True,,,,
393,LGA1151,Intel H310,Brown / Black,False,Micro ATX,,MSI,32 GB,2 x 288-pin DIMM,DDR4-2133 / 2400 / 2666,,,,,1 x 1000 Mbit/s,True,False,,"H310M PRO-M2, (or)",False,,4,,False,,,,
394,LGA2011,Intel C602,Black / Green,False,ATX,,Supermicro,64 GB,8 x 240-pin DIMM,DDR3-1600,,,,,2 x 1000 Mbit/s,False,False,,X9SRA,False,8,2,,False,,,,
395,LGA2066,Intel X299,Black,True,SSI CEB,,Asus,128 GB,8 x 288-pin DIMM,DDR4-2133 / 2400 / 2666 / 3600 / 4000 / 4133 / 4200,,,,,2 x 1000 Mbit/s,True,False,,WS X299 SAGE,True,,8,,4-way SLI,2,,,
396,LGA1151,Intel B250,Black / Yellow,False,ATX,,Biostar,32 GB,2 x 288-pin DIMM,DDR4-1866 / 2133 / 2400,,,,,1 x 1000 Mbit/s,True,Depends on CPU,,TB250-BTC,False,,6,,False,,,,
397,LGA2066,Intel X299,Black / Silver,True,SSI CEB,,Gigabyte,128 GB,8 x 288-pin DIMM,DDR4-2133 / 2400 / 2666 / 2800 / 3000 / 3200 / 3300 / 3333 / 3400 / 3466 / 3600 / 3666 / 3733 / 3800 / 3866 / 4000,,,,,2 x 1000 Mbit/s,True,False,,X299-WU8,True,,8,,4-way SLI,,,,
398,LGA1151,Intel C232,Brown / Black,True,ATX,,Gigabyte,64 GB,4 x 288-pin DIMM,DDR4-2133,,,,,1 x 1000 Mbit/s,True,False,,GA-X150-PLUS WS,True,,6,1,False,,,,
399,LGA2066,Intel X299,,True,ATX,,ASRock,128 GB,8 x 288-pin DIMM,DDR4-2133 / 2400 / 2666 / 2800 / 2933 / 3200 / 3600 / 3733 / 3800 / 3866 / 4000 / 4133 / 4200,,,,,1 x 1000 Mbit/s,True,False,,X299 Extreme4,True,,8,,True,,,,
400,AM4,AMD B450,Black / Gray,True,Micro ATX,,Gigabyte,64 GB,4 x 288-pin DIMM,DDR4-2133 / 2400 / 2666 / 2933 / 3200,,,,,1 x 1000 Mbit/s,True,Depends on CPU,,B450 AORUS M,True,,6,,False,,,,
401,AM4,AMD B350,Black / Red,True,ATX,,MSI,64 GB,4 x 288-pin DIMM,DDR4-1866 / 2133 / 2400 / 2666 / 2933 / 3200,,,,,1 x 1000 Mbit/s,True,Depends on CPU,,"B350 GAMING PLUS, (or)",True,,4,,False,,,,
402,LGA1151,Intel Z390,Black / Silver,True,ATX,,Asus,64 GB,4 x 288-pin DIMM,DDR4-2133 / 2400 / 2666 / 2800 / 3000 / 3200 / 3300 / 3333 / 3400 / 3466 / 3600 / 3733 / 3800 / 3866 / 4000 / 4133 / 4200 / 4266,,,,,2 x 1000 Mbit/s,True,Depends on CPU,,WS Z390 PRO,True,,6,,4-way SLI,2,,,
403,AM4,AMD B450,Black,True,ATX,,MSI,64 GB,4 x 288-pin DIMM,DDR4-1866 / 2133 / 2400 / 2666 / 2800 / 2933 / 3000 / 3200 / 3466,,,,,1 x 1000 Mbit/s,True,Depends on CPU,,B450 GAMING PRO CARBON AC / B450GPCARBAC,True,,6,,False,,,,
404,FM2+,AMD A68H,Black,False,Micro ATX,,MSI,32 GB,2 x 240-pin DIMM,DDR3-1333 / 1600 / 1866 / 2133,,,,,1 x 1000 Mbit/s,False,Depends on CPU,,A68HM-E33 V2,True,,4,,False,,,,
405,LGA1151,Intel B250,Black / Gold,True,Micro ATX,,Gigabyte,64 GB,4 x 288-pin DIMM,DDR4-2133 / 2400,,,,,1 x 1000 Mbit/s,True,Depends on CPU,,GA-B250M-D3H,False,,6,1,False,,,,
406,LGA1151,Intel B365,Black / Red,True,Micro ATX,,ASRock,128 GB,4 x 288-pin DIMM,DDR4-2133 / 2400 / 2666,,,,,1 x 1000 Mbit/s,True,Depends on CPU,,B365M Phantom Gaming 4,True,,6,,False,,,,
407,2 x LGA2011-3,Intel C612,Black / Gold,True,SSI EEB,,Asus,1 TB,16 x 288-pin DIMM,DDR4-1600 / 1866 / 2133 / 2400,,,,,2 x 1000 Mbit/s,True,True,,Z10PE-D16 WS / 90SB04L0-M0EAY0,True,,10,,3-way SLI,,,,
408,AM4,AMD A320,Black / Yellow,False,Micro ATX,,Biostar,32 GB,2 x 288-pin DIMM,DDR4-1866 / 2133 / 2400 / 2666,,,,,1 x 1000 Mbit/s,True,Depends on CPU,,A320MH PRO,True,,4,,False,,,,
409,LGA1151,Intel Z370,Black / Silver,True,ATX,,Asus,64 GB,4 x 288-pin DIMM,DDR4-2133 / 2400 / 2666 / 2800 / 3000 / 3200 / 3300 / 3333 / 3400 / 3466 / 3600 / 3733 / 3866 / 4000 / 4133,,,,ROG MAXIMUS X HERO (WI-FI AC),1 x 1000 Mbit/s,True,Depends on CPU,,MAXIMUS X HERO (WI-FI AC) / ROG MAXIMUS X HERO (WI-FI AC),True,,6,,True,,,,
410,AM4,AMD B350,Black,True,ATX,,Asus,64 GB,4 x 288-pin DIMM,DDR4-2133 / 2400 / 2666 / 2933 / 3200,,,,,1 x 1000 Mbit/s,True,Depends on CPU,,STRIX B350-F GAMING / ROG STRIX B350-F GAMING / 90MB0UJ0-M0EAY0,True,,6,,False,,,,
411,AM4,AMD X370,Black / Silver,False,Mini ITX,,Asus,32 GB,2 x 288-pin DIMM,DDR4-2133 / 2400 / 2666 / 2800 / 3000 / 3200 / 3333 / 3400 / 3600,,,,,1 x 1000 Mbit/s,True,False,,ROG STRIX X370-I GAMING / STRIX X370-I GAMING,True,,4,,False,,,,
412,AM4,AMD X470,Black / Silver,True,ATX,,ASRock,64 GB,4 x 288-pin DIMM,DDR4-2133 / 2400 / 2666 / 2933 / 3200 / 3466,,,,,1 x 1000 Mbit/s,True,Depends on CPU,,X470 Master SLI/AC,True,,6,,True,,,,
413,LGA1151,Intel B365,Black / Red,True,ATX,,ASRock,128 GB,4 x 288-pin DIMM,DDR4-2133 / 2400 / 2666,,,,,1 x 1000 Mbit/s,True,Depends on CPU,,B365 Phantom Gaming 4,True,,6,,False,,,,
414,LGA1151,Intel Z370,Black / Silver,True,ATX,,Asus,64 GB,4 x 288-pin DIMM,DDR4-2133 / 2400 / 2666 / 2800 / 3000 / 3200 / 3300 / 3333 / 3400 / 3466 / 3600 / 3733 / 3866 / 4000,,,,,1 x 1000 Mbit/s,True,Depends on CPU,,Prime Z370-P / 90MB0VH0-M0EAY0,True,,4,,False,,,,
415,LGA2011-3 Narrow,Intel C612,Black / Green,False,Mini ITX,,ASRock,64 GB,4 x 260-pin SODIMM,DDR4-1600 / 1866 / 2133,,,,,2 x 1000 Mbit/s,True,True,,EPC612D4I,False,,4,,False,,,,
416,LGA775,Intel Q45,Green / Blue,False,Mini ITX,,Intel,4 GB,2 x 240-pin DIMM,DDR2-667 / 800,,,,DQ45EK,1 x 1000 Mbit/s,False,True,,BOXDQ45EK,True,4,,,False,,,1,
417,LGA1151,Intel H370,Silver / Black,True,Micro ATX,,Gigabyte,64 GB,4 x 288-pin DIMM,DDR4-2133 / 2400 / 2666,,,,,1 x 1000 Mbit/s,True,Depends on CPU,,H370M DS3H,True,,6,,False,,,,
418,AM4,AMD B450,Black / Silver,True,Micro ATX,,Gigabyte,64 GB,4 x 288-pin DIMM,DDR4-2133 / 2400 / 2666 / 2933 / 3200,,,,,1 x 1000 Mbit/s,True,Depends on CPU,,B450M DS3H / GA-B450M-DS3H,True,,4,,False,,,,
419,LGA1151,Intel Z170,Black / Red,True,ATX,,Gigabyte,64 GB,4 x 288-pin DIMM,DDR4-2133 / 2400 / 2800 / 3000 / 3200,,,,GA-Z170X-Gaming 3,1 x 1000 Mbit/s,True,Depends on CPU,,GA-Z170X-Gaming3 / GA-Z170X-Gaming 3 / GA-Z170X-Gaming3-EU,True,,,3,True,,,,
420,LGA1151,Intel Z170,Black / Red,False,Mini ITX,,MSI,32 GB,2 x 288-pin DIMM,DDR4-2133 / 2400 / 2800 / 3000 / 3200,,,,,1 x 1000 Mbit/s,True,Depends on CPU,,Z170I GAMING PRO AC,True,,2,1,False,,,,
421,LGA1151,Intel H110,Black / Orange,False,Micro ATX,,ASRock,32 GB,2 x 288-pin DIMM,DDR4-2133,,,,,1 x 1000 Mbit/s,True,Depends on CPU,,H110M-HDV R3.0,False,,4,,False,,,,
422,LGA1151,Intel H270,Black / White,True,Micro ATX,,ASRock,64 GB,4 x 288-pin DIMM,DDR4-2133 / 2400,,,,,1 x 1000 Mbit/s,True,Depends on CPU,,H270M Pro4,True,,6,,False,,,,
423,LGA1150,Intel C226,Green / Blue,False,Micro ATX,,ASRock,32 GB,4 x 240-pin DIMM,DDR3-1333 / 1600,,,,,2 x 1000 Mbit/s,True,Depends on CPU,,C226M WS,True,,4,1,False,,,,
424,LGA1150,Intel C224,Green / Blue,False,ATX,,ASRock,32 GB,4 x 240-pin DIMM,DDR3-1333 / 1600,,,,,2 x 1000 Mbit/s,True,True,,E3C224,True,2,4,,False,,,,
425,LGA1151,Intel Z390,Black / Silver,True,ATX,,Supermicro,64 GB,4 x 288-pin DIMM,DDR4-2133 / 2666 / 3866,,,,,"1 x 10 Gbit/s, 1 x 1000 Mbit/s",True,Depends on CPU,,MBD-C9Z390-CGW-O,True,,6,,True,,,,
426,AM4,AMD X370,Black / White,True,ATX,,ASRock,64 GB,4 x 288-pin DIMM,DDR4-2133 / 2400 / 2666,,,,,1 x 1000 Mbit/s,True,Depends on CPU,,X370 KILLER SLI/ac,True,,6,,True,,,,
427,LGA1151,Intel B360,Black,True,ATX,,Asus,64 GB,4 x 288-pin DIMM,DDR4-2133 / 2400 / 2666,,,,ROG STRIX B360-F GAMING,1 x 1000 Mbit/s,True,Depends on CPU,,STRIX B360-F GAMING / ROG STRIX B360-F GAMING,False,,6,,False,,,,
428,LGA1151,Intel Z390,Black / Silver,True,ATX,,ASRock,64 GB,4 x 288-pin DIMM,DDR4-2133 / 2400 / 2666 / 2800 / 2933 / 3200 / 3600 / 3733 / 3800 / 3866 / 4000 / 4133 / 4266,,,,,1 x 1000 Mbit/s,True,Depends on CPU,,Z390 Phantom Gaming SLI/ac,True,,6,,True,,,,
429,LGA1151,Intel B360,Green / Black,False,Micro ATX,,Asus,64 GB,4 x 288-pin DIMM,DDR4-2133 / 2400 / 2666,,,,,1 x 1000 Mbit/s,True,Depends on CPU,,PRIME B360M-C/CSM,False,,6,,False,,,,
430,AM4,AMD B450,Black / Silver,True,ATX,,Gigabyte,64 GB,4 x 288-pin DIMM,DDR4-2133 / 2400 / 2666 / 2933 / 3200,,,,,1 x 1000 Mbit/s,True,Depends on CPU,,B450 AORUS ELITE,True,,6,,False,,,,
