,Boost Clock,Chipset,Color,Core Clock,CrossFire Support,DVI-D Dual-Link,DVI-D Single-Link,DVI-I Dual-Link,DisplayPort,Fan,HDMI,Interface,Length,Manufacturer,Memory Size,Memory Type,Mini-Display Port,Mini-HDMI,Model,Part Number,S-Video,SLI Support,Supports Freesync,Supports G-Sync,TDP,VGA,VHDCI,VirtualLink
0,,GeForce GT 710,Black,954 MHz,False,1,,,,False,1,PCI-Express x1,"147 mm / 5.787""",Zotac,1 GB,DDR3,,,,ZT-71304-20L,,False,,,19 W,1,,
1,1.708 GHz,GeForce GTX 1060 6GB,Black,1.506 GHz,False,1,,,2,True,2,PCI-Express x16,"267 mm / 10.512""",Asus,6 GB,GDDR5,,,,TURBO-GTX1060-6G / 90YV09R0-M0NA00,,False,,True,120 W,,,
2,,GeForce RTX 2080 Ti,Black,,False,,,,3,True,1,PCI-Express x16,"268 mm / 10.551""",Asus,11 GB,GDDR6,,,,DUAL-RTX2080TI-O11G,,True,,True,250 W,,,
3,,Radeon HD 4350,,,False,,,1,,True,1,PCI-Express x16,,VisionTek,512 MB,DDR2,,,,900270,,False,,,20 W,1,,
4,1.455 GHz,GeForce GTX 1050 Ti,Black / Orange,1.341 GHz,False,1,,,1,True,1,PCI-Express x16,"191 mm / 7.52""",Gigabyte,4 GB,GDDR5,,,,GV-N105TOC-4GD,,False,,True,75 W,,,
5,1.683 GHz,GeForce GTX 1080 Ti,Black,1.569 GHz,False,1,,,3,True,1,PCI-Express x16,"269 mm / 10.591""",MSI,11 GB,GDDR5X,,,,GTX 1080 TI SEA HAWK X,,True,,True,250 W,,,
6,,Radeon R9 380,Black / Silver,990 MHz,True,1,,1,1,True,1,PCI-Express x16,"234 mm / 9.213""",XFX,4 GB,GDDR5,,,,R9-380P-F24M,,False,True,,190 W,,,
7,,GeForce RTX 2080,Black / Silver,1.71 GHz,False,,,,3,True,1,PCI-Express x16,"272 mm / 10.709""",Gigabyte,8 GB,GDDR6,,,,GV-N2080TURBO-8GC,,True,,True,215 W,,,1
8,,GeForce GT 730,Black / Gold,902 MHz,False,1,,,,False,1,PCI-Express x16,,Zotac,2 GB,DDR3,,,,ZT-71113-20L,,False,,,49 W,1,,
9,1.471 GHz,Radeon RX VEGA 56,Black / Red,1.156 GHz,4-way CrossFire,,,,3,True,1,PCI-Express x16,"280 mm / 11.024""",PowerColor,8 GB,HBM2,,,,AXRX VEGA 56 8GBHBM2-3DH,,False,True,,210 W,,,
10,1.38 GHz,Radeon RX 580,Black / Orange,1.257 GHz,4-way CrossFire,1,,,3,True,1,PCI-Express x16,"232 mm / 9.134""",Gigabyte,8 GB,GDDR5,,,,GV-RX580AORUS-8GD,,False,True,,185 W,,,
11,1.75 GHz,Radeon VII,Silver,1.4 GHz,False,,,,3,True,1,PCI-Express x16,"280 mm / 11.024""",Gigabyte,16 GB,HBM2,,,,GV-RVEGA20-16GD-B,,False,True,,295 W,,,
12,1.38 GHz,GeForce GTX 970,Black / Silver,1.228 GHz,False,,,1,3,True,1,PCI-Express x16,"299 mm / 11.772""",Zotac,4 GB,GDDR5,,,,ZT-90107-10P,,3-way SLI,,True,145 W,,,
13,1.62 GHz,GeForce GTX 1080 Ti,Black / Green,1.506 GHz,False,,,,3,True,1,PCI-Express x16,"269 mm / 10.591""",MSI,11 GB,GDDR5X,,,,GTX 1080 TI AERO 11G OC,,True,,True,250 W,,,
14,1.759 GHz,GeForce GTX 1060 3GB,Black / White,1.544 GHz,False,1,,,1,True,1,PCI-Express x16,"243 mm / 9.567""",MSI,3 GB,GDDR5,,,,GeForce GTX 1060 3GT OC / GTX 1060 3GT OC,,False,,True,120 W,,,
15,1.708 GHz,GeForce GTX 1060 6GB,Black,1.506 GHz,False,1,,,3,True,1,PCI-Express x16,"251 mm / 9.882""",PNY,6 GB,GDDR5,,,,VCGGTX10606PB-SF,,False,,True,120 W,,,
16,1.518 GHz,GeForce GTX 1050,Black / White,1.404 GHz,False,1,,,1,True,1,PCI-Express x16,"215 mm / 8.465""",MSI,2 GB,GDDR5,,,,GTX 1050 2GT OC,,False,,True,75 W,,,
17,1.683 GHz,GeForce GTX 1070 Ti,Silver / Black,1.607 GHz,False,1,,,3,True,1,PCI-Express x16,"267 mm / 10.512""",EVGA,8 GB,GDDR5,,,,08G-P4-5670-KR,,True,,True,180 W,,,
18,1.845 GHz,GeForce GTX 1660,Black / White,1.53 GHz,False,,,,3,True,1,PCI-Express x16,"243 mm / 9.567""",MSI,6 GB,GDDR6,,,,GTX 1660 ARMOR 6G OC,,False,,True,130 W,,,
19,,GeForce RTX 2080,Black / White,,False,,,,3,True,1,PCI-Express x16,"268 mm / 10.551""",Asus,8 GB,GDDR6,,,,DUAL-RTX2080-A8G,,True,,True,215 W,,,1
20,1.366 GHz,Radeon RX 580,Black / White,1.257 GHz,4-way CrossFire,1,,,2,True,2,PCI-Express x16,"269 mm / 10.591""",MSI,8 GB,GDDR5,,,,RX 580 ARMOR 8G OC / RADEON RX 580 ARMOR 8G OC,,False,True,,185 W,,,
21,1.284 GHz,Radeon RX 570,Black,1.168 GHz,4-way CrossFire,1,,,2,True,2,PCI-Express x16,"230 mm / 9.055""",Sapphire,8 GB,GDDR5,,,,11266-36-20G / 100412P8GOCL,,False,True,,180 W,,,
22,1.771 GHz,GeForce GTX 1070,Black / Orange,1.556 GHz,False,1,,,3,True,1,PCI-Express x16,"280 mm / 11.024""",Gigabyte,8 GB,GDDR5,,,,GV-N1070WF2OC-8GD,,True,,True,150 W,,,
23,1.77 GHz,GeForce GTX 1660 Ti,Black,1.5 GHz,False,,,,3,True,1,PCI-Express x16,"173.4 mm / 6.827""",Zotac,6 GB,GDDR6,,,,ZT-T16610F-10L,,False,,True,120 W,,,
24,1.86 GHz,GeForce RTX 2070,Black,1.41 GHz,False,,,,3,True,1,PCI-Express x16,"308 mm / 12.126""",Zotac,8 GB,GDDR6,,,,ZT-T20700B-10P,,False,,True,185 W,,,1
25,1.71 GHz,GeForce RTX 2070,Black,1.41 GHz,False,1,,,2,True,1,PCI-Express x16,"234.95 mm / 9.25""",PNY,8 GB,GDDR6,,,,VCG20708DFPPB-O,,False,,True,185 W,,,1
26,1.822 GHz,GeForce GTX 1080,Black / Yellow,1.683 GHz,False,1,,,3,True,1,PCI-Express x16,"300 mm / 11.811""",Zotac,8 GB,GDDR5X,,,,ZT-P10800C-10P,,True,,True,230 W,,,
27,,GeForce GT 710,Black,954 MHz,False,1,,1,,True,,PCI-Express x8,"115 mm / 4.528""",EVGA,2 GB,DDR3,,1,,02G-P3-2717-KR,,False,,,19 W,,,
28,1.366 GHz,Radeon RX 580,Black / White,1.257 GHz,4-way CrossFire,1,,,2,True,2,PCI-Express x16,"269 mm / 10.591""",MSI,4 GB,GDDR5,,,,RX 580 ARMOR 4G OC,,False,True,,185 W,,,
29,1.197 GHz,Radeon RX 560 - 896,,1.149 GHz,True,1,,,1,True,1,PCI-Express x16,"220 mm / 8.661""",Asus,2 GB,GDDR5,,,,AREZ-RX560-O2G-EVO,,False,True,,75 W,,,
30,1.635 GHz,GeForce RTX 2080 Ti,Black / Silver,1.35 GHz,False,,,,3,True,1,PCI-Express x16,"301.752 mm / 11.88""",PNY,11 GB,GDDR6,,,,VCG2080T11TFMPB-O,,True,,True,250 W,,,1
31,1.683 GHz,GeForce GTX 1070 Ti,Black,1.607 GHz,False,1,,,3,True,1,PCI-Express x16,"267 mm / 10.512""",EVGA,8 GB,GDDR5,,,,08G-P4-5671-KR,,True,,True,180 W,,,
32,1.809 GHz,GeForce GTX 1060 3GB,Black / Red,1.594 GHz,False,1,,,3,True,1,PCI-Express x16,"277 mm / 10.906""",MSI,3 GB,GDDR5,,,,GTX 1060 GAMING X 3G / GeForce GTX 1060 GAMING X 3G,,False,,True,120 W,,,
33,1.244 GHz,Radeon RX 570,Black / White,1.168 GHz,4-way CrossFire,1,,,3,True,1,PCI-Express x16,"246 mm / 9.685""",MSI,4 GB,GDDR5,,,,RX 570 ARMOR 4G OC,,False,True,,150 W,,,
34,1.86 GHz,GeForce GTX 1660,Black,1.53 GHz,False,,,,3,True,1,PCI-Express x16,"247 mm / 9.724""",MSI,6 GB,GDDR5,,,,GTX 1660 GAMING X 6G,,False,,True,130 W,,,
35,1.56 GHz,Radeon RX 590,Black / Orange,1.469 GHz,4-way CrossFire,1,,,3,True,1,PCI-Express x16,"232 mm / 9.134""",Gigabyte,8 GB,GDDR5,,,,GV-RX590GAMING-8GD,,False,True,,225 W,,,
36,1.392 GHz,GeForce GTX 1050 Ti,Black / White,1.29 GHz,False,1,,,1,True,1,PCI-Express x16,"182 mm / 7.165""",MSI,4 GB,GDDR5,,,,GTX 1050 TI 4GT LP,,False,,True,75 W,,,
37,1.8 GHz,GeForce GTX 1660 Ti,Black / White,1.5 GHz,False,1,,,1,True,2,PCI-Express x16,"174 mm / 6.85""",Asus,6 GB,GDDR6,,,,PH-GTX1660TI-6G,,False,,True,120 W,,,
38,1.86 GHz,GeForce GTX 1660,Black / Gray,1.53 GHz,False,,,,3,True,1,PCI-Express x16,"280 mm / 11.024""",Gigabyte,6 GB,GDDR5,,,,GV-N1660GAMING OC-6GD,,False,,True,120 W,,,
39,1.733 GHz,GeForce GTX 1080,Black / Silver,1.607 GHz,False,1,,,3,True,1,PCI-Express x16,"267 mm / 10.512""",EVGA,8 GB,GDDR5X,,,,08G-P4-6180-KR,,True,,True,180 W,,,
40,,GeForce RTX 2080,Black,,False,,,,2,True,2,PCI-Express x16,"299.7 mm / 11.799""",Asus,8 GB,GDDR6,,,,ROG-STRIX-RTX2080-A8G-GAMING / ROG-STRIX-RTX2080-A8G-GAM,,True,,True,215 W,,,1
41,1.71 GHz,GeForce RTX 2080,Black / Green,1.35 GHz,False,,,,3,True,1,PCI-Express x16,"268 mm / 10.551""",MSI,8 GB,GDDR6,,,,RTX 2080 AERO 8G,,True,,True,215 W,,,1
42,1.582 GHz,GeForce GTX 1080 Ti,Black,1.48 GHz,False,1,,,3,True,1,PCI-Express x16,"270 mm / 10.63""",EVGA,11 GB,GDDR5X,,,,11G-P4-6391-KR,,True,,True,250 W,,,
43,1.8 GHz,GeForce GTX 1660 Ti,Black,1.5 GHz,False,,,,2,True,2,PCI-Express x16,"301 mm / 11.85""",Asus,6 GB,GDDR6,,,,ROG-STRIX-GTX1660TI-6G-GAMING,,False,,True,120 W,,,
44,1.71 GHz,GeForce RTX 2060,Silver / Black,1.365 GHz,False,,,,3,True,1,PCI-Express x16,"226 mm / 8.898""",MSI,6 GB,GDDR6,,,,RTX 2060 VENTUS 6G OC / GeForce RTX 2060 VENTUS 6G OC / V375-017R,,False,,True,160 W,,,
45,1.815 GHz,GeForce GTX 1660 Ti,Black / White,1.5 GHz,False,1,,,1,True,2,PCI-Express x16,"174 mm / 6.85""",Asus,6 GB,GDDR6,,,,PH-GTX1660TI-O6G / 90YV0CT0-M0NA00,,False,,True,120 W,,,
46,1.695 GHz,GeForce GTX 1650,Black / Silver,1.485 GHz,False,1,,,1,True,1,PCI-Express x16,"151 mm / 5.945""",Zotac,4 GB,GDDR5,,,,ZT-T16500F-10L,,False,,True,75 W,,,
47,1.506 GHz,GeForce GT 1030,Black / Blue,1.266 GHz,False,1,,,,False,1,PCI-Express x16,"173 mm / 6.811""",Asus,2 GB,GDDR5,,,,GT1030-2G-CSM,,False,,,30 W,,,
48,1.545 GHz,GeForce RTX 2080 Ti,Black,1.35 GHz,False,,,,3,True,1,PCI-Express x16,"268 mm / 10.551""",Zotac,11 GB,GDDR6,,,,ZT-T20810G-10P,,True,,True,250 W,,,1
49,,GeForce RTX 2080,Black / Clear,,False,,,,3,True,1,PCI-Express x16,"270 mm / 10.63""",EVGA,8 GB,GDDR6,,,,08G-P4-2182-KR,,True,,True,215 W,,,
50,1.848 GHz,GeForce GTX 1080,Black / Red,1.708 GHz,False,1,,,3,True,1,PCI-Express x16,"292 mm / 11.496""",PNY,8 GB,GDDR5X,,,,VCGGTX10808XGPB-OC,,True,,True,180 W,,,
51,1.355 GHz,Radeon RX 580,Black / Orange,1.257 GHz,4-way CrossFire,1,,,3,True,1,PCI-Express x16,"232 mm / 9.134""",Gigabyte,8 GB,GDDR5,,,,GV-RX580GAMING-8GD,,False,True,,185 W,,,
52,1.86 GHz,GeForce GTX 1660 Ti,Black / White,1.5 GHz,False,,,,3,True,1,PCI-Express x16,"243 mm / 9.567""",MSI,6 GB,GDDR6,,,,GTX 1660 Ti ARMOR 6G OC / GEFORCE GTX 1660 Ti ARMOR 6G OC,,False,,True,120 W,,,
53,1.86 GHz,GeForce RTX 2060,Black,1.365 GHz,False,,,,2,True,2,PCI-Express x16,"300 mm / 11.811""",Asus,6 GB,GDDR6,,,,ROG-STRIX-RTX2060-O6G-GAMING / 90YV0CI0-M0NA00 / ROGSTRIXRTX2060O6GGAM,,False,,True,160 W,,,
54,1.38 GHz,Radeon RX 580,Black / Red,1.257 GHz,4-way CrossFire,1,,,3,True,1,PCI-Express x16,"255 mm / 10.039""",PowerColor,8 GB,GDDR5,,,,AXRX 580 8GBD5-3DH/OC,,False,True,,185 W,,,
55,1.75 GHz,Radeon VII,Silver,1.4 GHz,False,,,,3,True,1,PCI-Express x16,"267 mm / 10.512""",MSI,16 GB,HBM2,,,,Radeon VII 16G,,False,True,,300 W,,,
56,1.67 GHz,GeForce GTX 1080 Ti,Black / Silver,1.556 GHz,False,1,,,3,True,1,PCI-Express x16,"267 mm / 10.512""",EVGA,11 GB,GDDR5X,,,,11G-P4-6598-KR,,True,,True,250 W,,,
57,1.544 GHz,GeForce GT 1030,Black / Orange,1.29 GHz,False,1,,,,True,1,PCI-Express x16,"168 mm / 6.614""",Gigabyte,2 GB,GDDR5,,,,GV-N1030OC-2GI,,False,,,30 W,,,
58,1.203 GHz,Radeon RX 550 - 512,Black / Red,1.1 GHz,True,1,,,1,True,1,PCI-Express x16,"170 mm / 6.693""",XFX,2 GB,GDDR5,,,,RX-550P2SFG5,,False,True,,75 W,,,
59,1.708 GHz,GeForce GTX 1060 6GB,Black,1.506 GHz,False,1,,,2,True,2,PCI-Express x16,"298 mm / 11.732""",Asus,6 GB,GDDR5,,,ROG STRIX-GTX1060-6G-GAMING,STRIX-GTX1060-6G-GAMING / ROG STRIX-GTX1060-6G-GAMING,,False,,True,120 W,,,
60,1.708 GHz,GeForce GTX 1070,,1.518 GHz,False,,1,,3,True,1,PCI-Express x16,,PNY,8 GB,GDDR5,,,,VCGGTX10708XPB-OC-BB,,True,,True,150 W,,,
61,1.254 GHz,Radeon RX 570,Black,1.168 GHz,4-way CrossFire,2,,,1,True,1,PCI-Express x16,"240 mm / 9.449""",Asus,4 GB,GDDR5,,,,ROG-STRIX-RX570-4G-GAMING,,False,True,,150 W,,,
62,1.71 GHz,GeForce RTX 2080,Clear / Black,1.515 GHz,False,,,,3,True,1,PCI-Express x16,"265.63 mm / 10.458""",EVGA,8 GB,GDDR6,,,,08G-P4-2080-KR,,True,,True,215 W,,,1
63,1.279 GHz,GeForce GTX 980,Black / Red,1.178 GHz,False,,,1,3,True,1,PCI-Express x16,"289 mm / 11.378""",Asus,4 GB,GDDR5,,,,STRIX-GTX980-DC2OC-4GD5 / 90YV07D0-M0NA00,,4-way SLI,,True,165 W,,,
64,1.68 GHz,GeForce RTX 2060,Black,1.365 GHz,False,1,,,1,True,1,PCI-Express x16,"189.89 mm / 7.476""",EVGA,6 GB,GDDR6,,,,06G-P4-2061-KR,,False,,True,160 W,,,
65,1.759 GHz,GeForce GTX 1060 6GB,Black / White,1.544 GHz,False,1,,,1,True,1,PCI-Express x16,"188 mm / 7.402""",MSI,6 GB,GDDR5,,,,GeForce GTX 1060 6G OCV1 / GTX 1060 6G OCV1,,False,,True,120 W,,,
66,1.74 GHz,GeForce RTX 2070,Black / Silver,1.41 GHz,False,,,,3,True,1,PCI-Express x16,"309 mm / 12.165""",MSI,8 GB,GDDR6,,,,GeForce RTX 2070 ARMOR 8G OC / RTX 2070 ARMOR 8G OC,,False,,True,185 W,,,1
67,1.83 GHz,GeForce GTX 1660,Black / White,1.53 GHz,False,1,,,1,True,1,PCI-Express x16,"174 mm / 6.85""",Asus,6 GB,GDDR5,,,,PH-GTX1660-O6G,,False,,True,120 W,,,
68,1.759 GHz,GeForce GTX 1080 Ti,Black / Yellow,1.645 GHz,False,1,,,3,True,1,PCI-Express x16,"325 mm / 12.795""",Zotac,11 GB,GDDR5X,,,,ZT-P10810C-10P,,True,,True,320 W,,,
69,,GeForce RTX 2080 Ti,,,False,,,,3,True,1,PCI-Express x16,,Gigabyte,11 GB,GDDR6,,,,GV-N208TGAMING OC-11GC,,True,,True,250 W,,,
70,1.733 GHz,GeForce GTX 1080,Black / Silver,1.607 GHz,False,1,,,3,True,1,PCI-Express x16,"267 mm / 10.512""",PNY,8 GB,GDDR5X,,,,VCGGTX10808PB-CG,,True,,True,180 W,,,
71,1.197 GHz,Radeon RX 560 - 896,Black / Red,1.149 GHz,True,1,,,1,True,1,PCI-Express x16,"220 mm / 8.661""",Asus,4 GB,GDDR5,,,,RX560-O4G-EVO,,False,True,,75 W,,,
72,,Radeon RX 560 - 1024,,1.295 GHz,True,1,,,1,True,1,PCI-Express x16,"170 mm / 6.693""",XFX,4 GB,GDDR5,,,,RX-560P4SFG5,,False,True,,90 W,,,
73,1.665 GHz,GeForce RTX 2080 Ti,Black,1.35 GHz,False,,,,3,True,1,PCI-Express x16,"298 mm / 11.732""",Zotac,11 GB,GDDR6,,,,ZT-T20810H-10P,,True,,True,250 W,,,1
74,1.411 GHz,Radeon RX 580,Black / Silver,,4-way CrossFire,1,,,2,True,2,PCI-Express x16,"260 mm / 10.236""",Sapphire,4 GB,GDDR5,,,,100411NT+4G-2L / 11265-31-20G,,False,True,,185 W,,,
75,1.67 GHz,GeForce GTX 1080 Ti,Silver,1.556 GHz,False,1,,,3,True,1,PCI-Express x16,"267 mm / 10.512""",EVGA,11 GB,GDDR5X,,,,11G-P4-6593-KR,,True,,True,250 W,,,
76,,GeForce GTX 660,Black / Silver,1.046 GHz,False,1,,1,1,True,1,PCI-Express x16,"241 mm / 9.488""",EVGA,2 GB,GDDR5,,,,02G-P4-2662-KR,,True,,True,140 W,,,
77,1.845 GHz,GeForce GTX 1660,Black / Gray,1.53 GHz,False,1,,,1,True,1,PCI-Express x16,"205 mm / 8.071""",Asus,6 GB,GDDR5,,,,TUF-GTX1660-O6G-GAMING,,False,,True,120 W,,,
78,1.455 GHz,GeForce GTX 1050,Black,1.354 GHz,False,1,,,1,True,1,PCI-Express x16,"178 mm / 7.008""",PNY,2 GB,GDDR5,,,,VCGGTX10502PB,,False,,True,71 W,,,
79,1.74 GHz,GeForce RTX 2060,Black / Gray,1.365 GHz,False,1,,,1,True,2,PCI-Express x16,"204 mm / 8.031""",Asus,6 GB,GDDR6,,,ASUS TUF Gaming GeForce RTX 2060 6GB Edition 4K VR Ready HDMI 2.0b DP 1.4 Auto Extreme Graphics Card (TUF-RTX2060-O6G-GAMING),TUF-RTX2060-O6G-GAMING,,False,,True,160 W,,,
80,1.905 GHz,GeForce RTX 2080,Black,1.515 GHz,False,,,,3,True,1,PCI-Express x16,"324 mm / 12.756""",Zotac,8 GB,GDDR6,,,,ZT-T20800B-10P,,True,,True,215 W,,,1
81,,GeForce 210,Black / Blue,520 MHz,False,,,1,,True,1,PCI-Express x16,"197 mm / 7.756""",Gigabyte,1 GB,DDR3,,,,GV-N210D3-1GI REV6.0,,False,,,31 W,1,,
82,1.845 GHz,GeForce RTX 2080,Black,1.515 GHz,False,,,,3,True,1,PCI-Express x16,"314 mm / 12.362""",MSI,8 GB,GDDR6,,,,RTX 2080 DUKE 8G OC,,True,,True,245 W,,,1
83,1.203 GHz,Radeon RX 550 - 512,Black,,True,1,,,,True,1,PCI-Express x16,"170 mm / 6.693""",MSI,4 GB,GDDR5,,,,RX 550 4GT LP OC,,False,True,,75 W,,,
84,1.56 GHz,GeForce RTX 2080 Ti,Black / White,1.35 GHz,False,,,,3,True,1,PCI-Express x16,"268 mm / 10.551""",Asus,11 GB,GDDR6,,,,DUAL-RTX2080TI-A11G,,True,,True,250 W,,,1
85,1.77 GHz,TITAN RTX,Gold / Black,1.35 GHz,False,,,,3,True,1,PCI-Express x16,"266.7 mm / 10.5""",NVIDIA,24 GB,GDDR6,,,TITAN RTX,900-1G150-2500-000 SB,,True,,True,280 W,,,1
86,1.695 GHz,GeForce RTX 2080 Ti,Black,1.545 GHz,False,,,,3,True,3,PCI-Express x16,"290 mm / 11.417""",Gigabyte,11 GB,GDDR6,,,,GV-N208TAORUS-11GC,,True,,True,250 W,,,
87,1.71 GHz,GeForce RTX 2080,Black / Silver,1.515 GHz,False,,,,3,True,1,PCI-Express x16,"268 mm / 10.551""",Zotac,8 GB,GDDR6,,,,ZT-T20800J-10P,,True,,True,215 W,,,1
88,,Quadro 6000,Black / Silver,,False,,,1,2,True,,PCI-Express x16,,PNY,6 GB,GDDR5,,,,VCQ6000-PB,,False,,,204 W,,,
89,1.75 GHz,Radeon VII,Silver,1.4 GHz,False,,,,3,True,1,PCI-Express x16,"280 mm / 11.024""",PowerColor,16 GB,HBM2,,,,AXVII 16GBHBM2-3DH,,False,True,,295 W,,,
90,,Radeon RX 560 - 896,Black / Silver,1.176 GHz,True,1,,,1,True,1,PCI-Express x16,"170 mm / 6.693""",ASRock,4 GB,GDDR5,,,,RX560 4G,,False,True,,75 W,,,
91,1.317 GHz,GeForce GTX 970,Black / Blue,1.165 GHz,False,1,,1,1,True,1,PCI-Express x16,"241 mm / 9.488""",EVGA,4 GB,GDDR5,,,,04G-P4-2974-KR,,3-way SLI,,True,145 W,,,
92,1.275 GHz,Radeon RX 560 - 1024,Black / White,1.196 GHz,True,1,,,1,True,1,PCI-Express x16,"155 mm / 6.102""",MSI,4 GB,GDDR5,,,,RX 560 AERO ITX 4G OC,,False,True,,90 W,,,
93,1.815 GHz,GeForce RTX 2070,Black / Silver,1.62 GHz,False,,,,3,True,3,PCI-Express x16,"290 mm / 11.417""",Gigabyte,8 GB,GDDR6,,,,GV-N2070AORUS X-8GC,,False,,True,185 W,,,
94,1.797 GHz,GeForce GTX 1070,Black / Red,1.607 GHz,False,1,,,3,True,1,PCI-Express x16,"292 mm / 11.496""",PNY,8 GB,GDDR5,,,,VCGGTX10708XGPB-OC,,True,,True,150 W,,,
95,1.25 GHz,Radeon RX 570,Black / Red,1.168 GHz,4-way CrossFire,1,,,3,True,1,PCI-Express x16,"255 mm / 10.039""",PowerColor,4 GB,GDDR5,,,,AXRX 570 4GB RED DRAGON,,False,True,,150 W,,,
96,,Radeon R9 290X,Black / Blue,1.03 GHz,4-way CrossFire,2,,,1,True,1,PCI-Express x16,"298 mm / 11.732""",Sapphire,8 GB,GDDR5,,,,100361-8GVXSR / 11226-11-40G,,False,,,300 W,,,
97,1.506 GHz,GeForce GTX 1050 Ti,Black,1.366 GHz,False,1,,,1,True,3,PCI-Express x16,"219 mm / 8.622""",Gigabyte,4 GB,GDDR5,,,,GV-N105TG1 GAMING-4GD,,False,,True,75 W,,,
98,1.366 GHz,Radeon RX 580,Black,1.257 GHz,4-way CrossFire,1,,,2,True,2,PCI-Express x16,"230 mm / 9.055""",Sapphire,4 GB,GDDR5,,,,11265-09-20G / 100411P4GOCL,,False,True,,225 W,,,
99,1.815 GHz,GeForce RTX 2080 Ti,Black / Silver,1.545 GHz,False,,,,3,True,1,PCI-Express x16,"324 mm / 12.756""",Zotac,11 GB,GDDR6,,,,ZT-T20810B-10P,,True,,True,250 W,,,1
100,1.71 GHz,GeForce RTX 2070,Black / White,1.41 GHz,False,,,,3,True,1,PCI-Express x16,"295 mm / 11.614""",MSI,8 GB,GDDR6,,,,RTX 2070 ARMOR 8G OCV1,,False,,True,185 W,,,1
101,1.62 GHz,GeForce RTX 2070,Black / Silver,1.41 GHz,False,,,,3,True,1,PCI-Express x16,"309 mm / 12.165""",MSI,8 GB,GDDR6,,,,GeForce RTX 2070 ARMOR 8G / RTX 2070 ARMOR 8G,,False,,True,185 W,,,1
102,,Radeon R5 230,Black / Red,650 MHz,False,1,,,,False,1,PCI-Express x16,"168 mm / 6.614""",Asus,2 GB,DDR3,,,,R5230-SL-2GD3-L,,False,,,19 W,1,,
103,1.83 GHz,GeForce RTX 2060,Black,1.365 GHz,False,1,,,2,True,1,PCI-Express x16,"267.97 mm / 10.55""",EVGA,6 GB,GDDR6,,,,06G-P4-2167-KR,,False,,True,160 W,,,
104,1.784 GHz,GeForce GTX 1070,White / Black,1.594 GHz,False,1,,,3,True,1,PCI-Express x16,"267 mm / 10.512""",EVGA,8 GB,GDDR5,,,,08G-P4-6573-KR,,True,,True,170 W,,,
105,1.695 GHz,GeForce GTX 1650,Black,1.485 GHz,False,,,,2,True,2,PCI-Express x16,"242 mm / 9.528""",Asus,4 GB,GDDR5,,,,ROG-STRIX-GTX1650-4G-GAMING,,False,,True,75 W,,,
106,1.77 GHz,GeForce RTX 2070,Black / Silver,1.62 GHz,False,,,,3,True,3,PCI-Express x16,"290 mm / 11.417""",Gigabyte,8 GB,GDDR6,,,,GV-N2070AORUS-8GC,,False,,True,185 W,,,
107,1.815 GHz,GeForce RTX 2080,Black,1.515 GHz,False,,,,3,True,1,PCI-Express x16,"292.1 mm / 11.5""",PNY,8 GB,GDDR6,,,,VCG20808DFPPB-O-B,,True,,True,215 W,,,1
108,1.809 GHz,GeForce GTX 1060 3GB,White,1.594 GHz,False,1,,,2,True,2,PCI-Express x16,"242 mm / 9.528""",Asus,3 GB,GDDR5,,,,DUAL-GTX1060-O3G / 90YV09X3-M0NA00,,False,,True,120 W,,,
109,1.68 GHz,GeForce RTX 2060,Silver / Black,1.365 GHz,False,,,,3,True,1,PCI-Express x16,"209.6 mm / 8.252""",Zotac,6 GB,GDDR6,,,,ZT-T20600F-10M,,False,,True,160 W,,,
110,1.755 GHz,GeForce RTX 2080 Ti,Black,1.35 GHz,False,,,,3,True,1,PCI-Express x16,"327 mm / 12.874""",MSI,11 GB,GDDR6,,,,RTX 2080 TI GAMING X TRIO / GEFORCE RTX 2080 TI GAMING X TRIO,,True,,True,250 W,,,1
111,1.531 GHz,Quadro P6000,Black / Green,1.417 GHz,False,1,,,4,True,,PCI-Express x16,,PNY,24 GB,GDDR5X,,,,VCQP6000-PB,,True,,,250 W,,,
112,1.86 GHz,GeForce GTX 1660 Ti,Black / Gray,1.5 GHz,False,,,,3,True,1,PCI-Express x16,"280 mm / 11.024""",Gigabyte,6 GB,GDDR6,,,,GV-N166TGAMING OC-6GD,,False,,True,120 W,,,
113,1.545 GHz,GeForce RTX 2080 Ti,Black / Silver,1.35 GHz,False,,,,3,True,1,PCI-Express x16,"268 mm / 10.551""",Zotac,11 GB,GDDR6,,,,ZT-T20810A-10P,,True,,True,250 W,,,1
114,1.392 GHz,GeForce GTX 1050 Ti,Black / White,1.29 GHz,False,1,,,1,True,1,PCI-Express x16,"192 mm / 7.559""",Asus,4 GB,GDDR5,,,,PH-GTX1050TI-4G / 90YV0A70-M0NA00,,False,,True,75 W,,,
115,1.425 GHz,Radeon RX 580,Black / Red,1.405 GHz,4-way CrossFire,1,,,3,True,1,PCI-Express x16,"270 mm / 10.63""",XFX,8 GB,GDDR5,,,,RX-580P8DBD6,,False,True,,185 W,,,
116,1.56 GHz,GeForce RTX 2080 Ti,Black / White,1.35 GHz,False,,,,3,True,1,PCI-Express x16,"268 mm / 10.551""",Asus,11 GB,GDDR6,,,,DUAL-RTX2080TI-11G,,True,,True,250 W,,,1
117,1.279 GHz,GeForce GTX 960,Black / Silver,1.216 GHz,False,1,,1,1,True,1,PCI-Express x16,"173 mm / 6.811""",EVGA,4 GB,GDDR5,,,,04G-P4-1962-KR,,True,,True,120 W,,,
118,1.58 GHz,Radeon RX VEGA 64,Black / Silver,1.373 GHz,4-way CrossFire,,,,2,True,2,PCI-Express x16,"310 mm / 12.205""",Sapphire,8 GB,HBM2,,,,11275-03-40G / 100410NT+SR,,False,True,,240 W,,,
119,915 MHz,GeForce GTX Titan Z,Black / Silver,732 MHz,False,1,,1,1,True,1,PCI-Express x16,"267 mm / 10.512""",EVGA,12 GB,GDDR5,,,,12G-P4-3992-KR,,True,,True,375 W,,,
120,1.468 GHz,GeForce GT 1030,Black / Silver,1.227 GHz,False,,1,,,True,1,PCI-Express x16,,PNY,2 GB,GDDR5,,,,VCGGT10302PB,,False,,,30 W,,,
121,1.89 GHz,GeForce RTX 2080,Black / Silver,1.71 GHz,False,,,,3,True,3,PCI-Express x16,"290 mm / 11.417""",Gigabyte,8 GB,GDDR6,,,,GV-N2080AORUS-8GC,,True,,True,215 W,,,
122,1.74 GHz,GeForce GTX 1650,Black / White,1.485 GHz,False,1,,,1,True,1,PCI-Express x16,"170 mm / 6.693""",MSI,4 GB,GDDR5,,,,GeForce GTX 1650 VENTUS XS 4G OC / GTX 1650 VENTUS XS 4G OC,,False,,True,75 W,,,
123,1.62 GHz,GeForce RTX 2070,Black,1.41 GHz,False,,,,3,True,1,PCI-Express x16,"307 mm / 12.087""",MSI,8 GB,GDDR6,,,GeForce RTX 2070 GAMING 8G,RTX 2070 GAMING 8G,,False,,True,185 W,,,1
124,,Radeon RX 550 - 640,Black,1.071 GHz,True,1,,,1,True,1,PCI-Express x16,"192 mm / 7.559""",Asus,4 GB,GDDR5,,,,PH-RX550-4G-M7 / AREZ-PH-RX550-4G-M7,,False,True,,65 W,,,
125,1.393 GHz,Radeon RX 580,Black / Red,1.257 GHz,4-way CrossFire,1,,,2,True,2,PCI-Express x16,"276 mm / 10.866""",MSI,8 GB,GDDR5,,,,RX 580 GAMING X 8G,,False,True,,185 W,,,
126,1.17 GHz,Quadro P400,Black,1.07 GHz,False,,,,,True,,PCI-Express x16,"145 mm / 5.709""",PNY,2 GB,GDDR5,3,,,VCQP400-PB,,False,,,30 W,,,
127,1.178 GHz,GeForce GTX 960,Black,1.127 GHz,False,,,1,3,True,1,PCI-Express x16,"257 mm / 10.118""",EVGA,4 GB,GDDR5,,,,04G-P4-3965-KR,,True,,True,120 W,,,
128,1.331 GHz,Radeon RX 570,Black / Silver,1.228 GHz,4-way CrossFire,1,,,3,True,1,PCI-Express x16,"279 mm / 10.984""",ASRock,8 GB,GDDR5,,,RX570 8G OC,90-GA0800-00UANF / PHANTOM GXR RX570 8G OC,,False,True,,150 W,,,
129,1.74 GHz,GeForce RTX 2070,Black / White,1.41 GHz,False,,,,3,True,1,PCI-Express x16,"268 mm / 10.551""",Asus,8 GB,GDDR6,,,,DUAL-RTX2070-O8G / 90YV0C82-M0NA00,,False,,True,185 W,,,1
130,1.076 GHz,GeForce GTX 980 Ti,Black / Silver,1 GHz,False,,,1,3,True,1,PCI-Express x16,"267 mm / 10.512""",Zotac,6 GB,GDDR5,,,,ZT-90501-10P,,4-way SLI,,True,250 W,,,
131,1.392 GHz,GeForce GTX 1050 Ti,Black / White,1.29 GHz,False,1,,,1,True,1,PCI-Express x16,"145 mm / 5.709""",Inno3D,4 GB,GDDR5,,,,N105T-1SDV-M5CM,,False,,True,75 W,,,
132,1.38 GHz,Radeon RX 580,Red / Black,1.34 GHz,4-way CrossFire,1,,,2,True,2,PCI-Express x16,"270 mm / 10.63""",MSI,8 GB,GDDR5,,,,RX 580 ARMOR MK2 8G OC,,False,True,,185 W,,,
133,1.683 GHz,GeForce GTX 1070,Black / Red,1.506 GHz,False,1,,,3,True,1,PCI-Express x16,"267 mm / 10.512""",PNY,8 GB,GDDR5,,,,VCGGTX10708PB,,True,,True,150 W,,,
134,1.582 GHz,GeForce GTX 1080 Ti,Silver / Black,1.48 GHz,False,1,,,3,True,1,PCI-Express x16,"270 mm / 10.63""",EVGA,11 GB,GDDR5X,,,,11G-P4-6591-KR,,True,,True,250 W,,,
135,1.755 GHz,GeForce RTX 2080 Ti,Black / Clear,1.35 GHz,False,,,,3,True,1,PCI-Express x16,"290.83 mm / 11.45""",EVGA,11 GB,GDDR6,,,,11G-P4-2484-KR,,True,,True,250 W,,,1
136,1.284 GHz,Radeon RX 570,Black / Red,1.264 GHz,4-way CrossFire,1,,,3,True,1,PCI-Express x16,"243 mm / 9.567""",XFX,4 GB,GDDR5,,,,RX-570P4DFDR,,False,True,,150 W,,,
137,1.441 GHz,Quadro GP100,Black / Green,1.38 GHz,False,1,,,4,True,,PCI-Express x16,"267 mm / 10.512""",PNY,16 GB,HBM2,,,,VCQGP100-PB,,True,,,235 W,,,
138,,Radeon RX 550 - 512,Black / Silver,1.183 GHz,True,1,,,1,True,1,PCI-Express x16,"170 mm / 6.693""",ASRock,2 GB,GDDR5,,,,RX550 2G,,False,True,,75 W,,,
139,1.797 GHz,GeForce GTX 1080,Black / Orange,1.657 GHz,False,1,,,3,True,1,PCI-Express x16,"280 mm / 11.024""",Gigabyte,8 GB,GDDR5X,,,,GV-N1080WF3OC-8GD,,True,,True,180 W,,,
140,1.683 GHz,GeForce GTX 1070 Ti,Black / White,1.607 GHz,False,1,,,3,True,1,PCI-Express x16,"269 mm / 10.591""",MSI,8 GB,GDDR5,,,,GTX 1070 Ti AERO 8G,,True,,True,180 W,,,
141,1.392 GHz,GeForce GTX 1050 Ti,Black,1.29 GHz,False,1,,,1,True,1,PCI-Express x16,"178 mm / 7.008""",PNY,4 GB,GDDR5,,,,VCGGTX1050T4PB,,False,,True,75 W,,,
142,1.8 GHz,GeForce RTX 2080,Silver / Black,1.515 GHz,False,,,,3,True,1,PCI-Express x16,"268 mm / 10.551""",MSI,8 GB,GDDR6,,,,GeForce RTX 2080 VENTUS 8G OC / RTX 2080 VENTUS 8G OC,,True,,True,215 W,,,1
143,1.845 GHz,GeForce GTX 1660,Black,1.53 GHz,False,,,,3,True,1,PCI-Express x16,"209.6 mm / 8.252""",Zotac,6 GB,GDDR5,,,,ZT-T16600D-10M,,False,,True,130 W,,,
144,,GeForce RTX 2080,Black,,False,,,,3,True,1,PCI-Express x16,"308 mm / 12.126""",Zotac,8 GB,GDDR6,,,,ZT-T20800D-10P,,True,,True,215 W,,,
145,,GeForce RTX 2080,Black,1.71 GHz,False,,,,3,True,1,PCI-Express x16,"280.35 mm / 11.037""",Gigabyte,8 GB,GDDR6,,,,GV-N2080WF3-8GC,,True,,True,215 W,,,1
146,1.219 GHz,Radeon Pro WX 2100,Blue,925 MHz,False,,,,1,True,,PCI-Express x16,"145 mm / 5.709""",AMD,2 GB,GDDR5,2,,,100-506001,,False,True,,65 W,,,
147,1.62 GHz,GeForce RTX 2070,Clear / Black,1.41 GHz,False,1,,,2,True,1,PCI-Express x16,"269.2 mm / 10.598""",EVGA,8 GB,GDDR6,,,,08G-P4-1071-KR,,False,,True,185 W,,,1
148,1.71 GHz,GeForce RTX 2080,Black,1.515 GHz,False,,,,3,True,1,PCI-Express x16,"268 mm / 10.551""",Zotac,8 GB,GDDR6,,,,ZT-T20800G-10P,,True,,True,215 W,,,1
149,1.431 GHz,Radeon RX 580,Black,1.257 GHz,4-way CrossFire,1,,,2,True,2,PCI-Express x16,"298 mm / 11.732""",Asus,8 GB,GDDR5,,,,ROG-STRIX-RX580-T8G-GAMING,,False,True,,185 W,,,
150,1.546 GHz,Radeon RX VEGA 64,Black / Red,1.247 GHz,4-way CrossFire,,,,3,True,1,PCI-Express x16,"280 mm / 11.024""",ASRock,8 GB,HBM2,,,,Phantom X VEGA 64 8G,,False,True,,295 W,,,
151,1.392 GHz,GeForce GTX 1050 Ti,Black,1.29 GHz,False,1,,,1,True,1,PCI-Express x16,"145 mm / 5.709""",EVGA,4 GB,GDDR5,,,,04G-P4-6251-KR,,False,,True,75 W,,,
152,,GeForce GT 710,Black,954 MHz,False,1,,,,False,1,PCI-Express x16,"146 mm / 5.748""",MSI,1 GB,DDR3,,,,GT 710 1GD3H LP,,False,,,19 W,1,,
153,1.8 GHz,GeForce GTX 1660 Ti,Black / White,1.5 GHz,False,1,,,1,True,2,PCI-Express x16,"215 mm / 8.465""",Asus,6 GB,GDDR6,,,,DUAL-GTX1660TI-6G,,False,,True,120 W,,,
154,1.785 GHz,GeForce GTX 1660 Ti,Black / Gray,1.5 GHz,False,,,,3,True,1,PCI-Express x16,"170 mm / 6.693""",Gigabyte,6 GB,GDDR6,,,,GV-N166TIXOC-6GD,,False,,True,120 W,,,
155,1.493 GHz,GeForce GTX 1050 Ti,Black / Red,1.29 GHz,False,1,,,1,True,1,PCI-Express x16,"229 mm / 9.016""",MSI,4 GB,GDDR5,,,,GTX 1050 Ti GAMING X 4G / GTX 1050 TI GAMING X / GEFORCE GTX 1050 TI GAMING X 4G,,False,,True,75 W,,,
156,1.77 GHz,GeForce RTX 2060,Black,1.365 GHz,False,,,,3,True,1,PCI-Express x16,"264.9 mm / 10.429""",Gigabyte,6 GB,GDDR6,,,,GV-N2060WF2OC-6GD,,False,,True,160 W,,,
157,1.447 GHz,Quadro GV100,Black / Gold,1.2 GHz,False,,,,4,True,,PCI-Express x16,"267 mm / 10.512""",PNY,32 GB,HBM2,,,,VCQGV100-PB,,True,,,250 W,,,
158,1.755 GHz,GeForce RTX 2060,Black,1.365 GHz,False,1,,,1,True,1,PCI-Express x16,"189.89 mm / 7.476""",EVGA,6 GB,GDDR6,,,,06G-P4-2063-KR,,False,,True,160 W,,,
159,1.545 GHz,Quadro RTX 4000,Silver / Black,1.005 GHz,False,,,,3,True,,PCI-Express x16,"266.7 mm / 10.5""",PNY,8 GB,GDDR6,,,,VCQRTX4000-PB,,False,,,160 W,,,1
160,1.683 GHz,GeForce GTX 1070 Ti,Black / Yellow,1.607 GHz,False,1,,,3,True,1,PCI-Express x16,"325 mm / 12.795""",Zotac,8 GB,GDDR5,,,,ZT-P10710B-10P,,True,,True,180 W,,,
161,,GeForce GT 710,Black,954 MHz,False,1,,,,True,1,PCI-Express x16,"146 mm / 5.748""",MSI,2 GB,DDR3,,,,GT 710 2GD3 LP,,False,,,19 W,1,,
162,1.683 GHz,GeForce GTX 1070 Ti,Black,1.607 GHz,False,1,,,3,True,1,PCI-Express x16,"252 mm / 9.921""",PNY,8 GB,GDDR5,,,,VCGGTX1070T8PB,,True,,True,180 W,,,
163,1.847 GHz,GeForce GTX 1060 3GB,Black / Orange,1.62 GHz,False,1,,,3,True,1,PCI-Express x16,"278 mm / 10.945""",Gigabyte,3 GB,GDDR5,,,,GV-N1060G1 GAMING-3GD,,False,,True,120 W,,,
164,1.56 GHz,GeForce RTX 2080 Ti,Black,1.35 GHz,False,,,,2,True,2,PCI-Express x16,"304.7 mm / 11.996""",Asus,11 GB,GDDR6,,,,ROG-STRIX-RTX2080TI-11G-GAMING / ROG-STRIX-RTX2080TI-11G-G,,True,,True,250 W,,,1
165,1.545 GHz,GeForce RTX 2080 Ti,Black,1.35 GHz,False,,,,3,True,1,PCI-Express x16,"308 mm / 12.126""",Zotac,11 GB,GDDR6,,,,ZT-T20810F-10P,,True,,True,250 W,,,
166,1.665 GHz,GeForce GTX 1650,Black,1.485 GHz,False,1,,,1,True,1,PCI-Express x16,,EVGA,4 GB,GDDR5,,,,04G-P4-1151-KR,,False,,True,75 W,,,
167,,Radeon RX 550 - 512,Black / Red,1.203 GHz,True,1,,,1,True,1,PCI-Express x16,"178 mm / 7.008""",XFX,4 GB,GDDR5,,,,RX-550P4LFG5,,False,True,,75 W,,,
168,1.53 GHz,Radeon Pro WX 8200,Blue,1.2 GHz,False,,,,,True,,PCI-Express x16,"267 mm / 10.512""",AMD,8 GB,HBM2,4,,,100-505956,,False,,,230 W,,,
169,1.797 GHz,GeForce GTX 1060 3GB,Black / Orange,1.556 GHz,False,2,,,1,True,1,PCI-Express x16,"223 mm / 8.78""",Gigabyte,3 GB,GDDR5,,,,GV-N1060WF2OC-3GD,,False,,True,120 W,,,
170,1.797 GHz,GeForce GTX 1070,Black / Silver,1.607 GHz,False,1,,,3,True,1,PCI-Express x16,"267 mm / 10.512""",EVGA,8 GB,GDDR5,,,,08G-P4-6278-KR,,True,,True,150 W,,,
171,1.569 GHz,GeForce GTX 1050,Black,1.455 GHz,False,1,,,1,True,1,PCI-Express x16,"145 mm / 5.709""",EVGA,3 GB,GDDR5,,,,03G-P4-6153-KR,,False,,True,75 W,,,
172,1.86 GHz,GeForce GTX 1060 3GB,Black,1.632 GHz,False,1,,,3,True,1,PCI-Express x16,"267 mm / 10.512""",EVGA,3 GB,GDDR5,,,,03G-P4-6367 / 03G-P4-6367-KR,,False,,True,150 W,,,
173,1.25 GHz,Radeon RX 570,Black / Red,1.168 GHz,4-way CrossFire,1,,,3,True,1,PCI-Express x16,"255 mm / 10.039""",PowerColor,8 GB,GDDR5,,,,AXRX 570 8GBD5-3DHD/OC,,False,True,,150 W,,,
174,1.759 GHz,GeForce GTX 1060 6GB,Black / White,1.544 GHz,False,1,,,2,True,2,PCI-Express x16,"175 mm / 6.89""",MSI,6 GB,GDDR5,,,,GTX 1060 AERO ITX 6G OC,,False,,True,120 W,,,
175,1.77 GHz,GeForce GTX 1660 Ti,,1.5 GHz,False,1,,,1,True,1,PCI-Express x16,"189.89 mm / 7.476""",EVGA,6 GB,GDDR6,,,,06G-P4-1261-KR,,False,,True,130 W,,,
176,,Radeon RX 590,Black / White,1.565 GHz,4-way CrossFire,1,,,2,True,2,PCI-Express x16,"278 mm / 10.945""",MSI,8 GB,GDDR5,,,Radeon RX 590 ARMOR 8G OC,RX 590 ARMOR 8G OC / Radeon RX 590 ARMOR 8G OC,,False,True,,225 W,,,
177,,GeForce GTX 1660 Ti,Black,1.5 GHz,False,,,,3,True,1,PCI-Express x16,,Zotac,6 GB,GDDR6,,,,ZT-T16610D-10M,,False,,True,130 W,,,
178,1.683 GHz,GeForce GTX 1070,Black / Silver,1.506 GHz,False,1,,,3,True,1,PCI-Express x16,"267 mm / 10.512""",EVGA,8 GB,GDDR5,,,,08G-P4-6170-KR,,True,,True,150 W,,,
179,1.683 GHz,GeForce GTX 1070 Ti,Black / Silver,1.607 GHz,False,1,,,3,True,1,PCI-Express x16,"279 mm / 10.984""",MSI,8 GB,GDDR5,,,,GTX 1070 TI TITANIUM 8G,,True,,True,180 W,,,
180,1.216 GHz,GeForce GTX Titan X,Black / Silver,1.127 GHz,False,,,1,3,True,1,PCI-Express x16,"267 mm / 10.512""",EVGA,12 GB,GDDR5,,,,12G-P4-2992-KR,,4-way SLI,,True,250 W,,,
181,1.31 GHz,Radeon RX 570,Black,1.168 GHz,4-way CrossFire,2,,,1,True,1,PCI-Express x16,"240 mm / 9.449""",Asus,4 GB,GDDR5,,,,AREZ-STRIX-RX570-O4G-GAMING,,False,True,,150 W,,,
182,1.708 GHz,GeForce GTX 1060 3GB,Black,1.506 GHz,False,1,,,3,True,1,PCI-Express x16,"250 mm / 9.843""",PNY,3 GB,GDDR5,,,,VCGGTX10603PB,,False,,True,120 W,,,
183,1.759 GHz,GeForce GTX 1060 6GB,Black,1.518 GHz,False,1,,,2,True,2,PCI-Express x16,"298 mm / 11.732""",Asus,6 GB,GDDR5,,,,ROG-STRIX-GTX1060-A6G-GAMING,,False,,True,120 W,,,
184,,GeForce RTX 2080 Ti,Black,,False,,,,2,True,2,PCI-Express x16,"304.7 mm / 11.996""",Asus,11 GB,GDDR6,,,,ROG-STRIX-RTX2080TI-A11G-GAMING,,True,,True,250 W,,,1
185,,GeForce RTX 2080,,,False,,,,2,True,2,PCI-Express x16,"297.7 mm / 11.72""",Asus,8 GB,GDDR6,,,,ROG-STRIX-RTX2080-O8G-GAMING,,True,,True,215 W,,,
186,1.683 GHz,GeForce GTX 1080 Ti,Black,1.569 GHz,False,1,,,3,True,1,PCI-Express x16,"289 mm / 11.378""",EVGA,11 GB,GDDR5X,,,,11G-P4-6698-KR,,True,,True,280 W,,,
187,,Radeon R7 250,Black / Red,,True,,,1,,True,1,PCI-Express x16,,VisionTek,1 GB,GDDR5,,,,900685,,False,,,65 W,1,,
188,1.83 GHz,GeForce RTX 2060,White / Black,1.68 GHz,False,,,,3,True,1,PCI-Express x16,"280.35 mm / 11.037""",Gigabyte,6 GB,GDDR6,,,GeForce RTX 2060 GAMING OC PRO WHITE 6G,GV-N2060GAMINGOC PRO WHITE-6GD,,False,,True,160 W,,,
189,1.845 GHz,GeForce RTX 2060,Black / Orange,1.365 GHz,False,,,,3,True,1,PCI-Express x16,"290 mm / 11.417""",Gigabyte,6 GB,GDDR6,,,,GV-N2060AORUS X-6GC,,False,,True,160 W,,,1
190,1.797 GHz,GeForce GTX 1060 6GB,Black / Red,1.582 GHz,False,1,,,3,True,1,PCI-Express x16,"173 mm / 6.811""",PNY,6 GB,GDDR5,,,,VCGGTX10606XGPB-OC,,False,,True,120 W,,,
191,1.254 GHz,Radeon RX 570,Black / Red,1.168 GHz,4-way CrossFire,1,,,1,True,1,PCI-Express x16,"240 mm / 9.449""",Asus,4 GB,GDDR5,,,,EX-RX570-4G,,False,True,,150 W,,,
192,1.695 GHz,GeForce RTX 2060,Black,1.365 GHz,False,,,,3,True,1,PCI-Express x16,"170 mm / 6.693""",Gigabyte,6 GB,GDDR6,,,,GV-N2060IXOC-6GD,,False,,True,160 W,,,
193,1.845 GHz,GeForce GTX 1660 Ti,Black / Gray,1.5 GHz,False,,,,3,True,1,PCI-Express x16,"264.9 mm / 10.429""",Gigabyte,6 GB,GDDR6,,,,GV-N166TWF2OC-6GD,,False,,True,120 W,,,
194,1.544 GHz,GeForce GT 1030,,1.29 GHz,False,1,,,,False,1,PCI-Express x16,"145 mm / 5.709""",EVGA,2 GB,GDDR5,,,,02G-P4-6332-KR,,False,,,30 W,,,
195,1.83 GHz,GeForce GTX 1660,Black / White,1.53 GHz,False,,,,3,True,1,PCI-Express x16,"204 mm / 8.031""",MSI,6 GB,GDDR5,,,,GTX 1660 VENTUS XS 6G OC,,False,,True,130 W,,,
196,1.442 GHz,GeForce GTX 1050 Ti,Black,1.328 GHz,False,1,,,1,True,2,PCI-Express x16,"167 mm / 6.575""",Gigabyte,4 GB,GDDR5,,,,GV-N105TOC-4GL,,False,,True,75 W,,,
197,1.83 GHz,GeForce GTX 1660 Ti,Black / White,1.5 GHz,False,1,,,1,True,2,PCI-Express x16,"215 mm / 8.465""",Asus,6 GB,GDDR6,,,,DUAL-GTX1660TI-O6G,,False,,True,120 W,,,
198,,GeForce RTX 2080 Ti,Black,,False,,,,3,True,1,PCI-Express x16,"308 mm / 12.126""",Zotac,11 GB,GDDR6,,,,ZT-T20810D-10P,,True,,True,250 W,,,
199,1.281 GHz,Radeon RX 570,Red / Black,1.244 GHz,4-way CrossFire,1,,,2,True,2,PCI-Express x16,"270 mm / 10.63""",MSI,8 GB,GDDR5,,,,RX 570 ARMOR MK2 8G OC / R570AR28C,,False,True,,150 W,,,
200,,Radeon R5 230,Black / Red,625 MHz,False,1,,,,False,1,PCI-Express x16,"168 mm / 6.614""",Asus,1 GB,DDR3,,,,R5230-SL-1GD3-L,,False,,,19 W,1,,
201,1.556 GHz,GeForce GTX 1050,Black,1.442 GHz,False,1,,,1,True,1,PCI-Express x16,"267 mm / 10.512""",EVGA,2 GB,GDDR5,,,,02G-P4-6157-KR,,False,,True,120 W,,,
202,,GeForce GT 430,Black / Gold,785 MHz,False,,,1,,True,1,PCI-Express x16,,MSI,1 GB,DDR3,,,,N430GT-MD1GD3-OC/LP,,False,,,49 W,1,,
203,1.733 GHz,GeForce GTX 1080 Ti,Black,1.62 GHz,False,1,,,2,True,2,PCI-Express x16,"298 mm / 11.732""",Asus,11 GB,GDDR5X,,,,ROG-POSEIDON-GTX1080TI-P11G-GAMING / POSEIDON-GTX1080TI-P11G-GAMING,,True,,True,250 W,,,
204,,GeForce GT 730,Black,1.006 GHz,False,1,,,,True,1,PCI-Express x16,"141 mm / 5.551""",MSI,2 GB,GDDR5,,,,N730K-2GD5LP/OC,,False,,,49 W,1,,
205,1.68 GHz,GeForce RTX 2070,Black,1.41 GHz,False,,,,2,True,2,PCI-Express x16,"300.5 mm / 11.831""",Asus,8 GB,GDDR6,,,,ROG-STRIX-RTX2070-A8G-GAMING,,False,,True,185 W,,,1
206,1.62 GHz,GeForce RTX 2070,Black / Clear,1.41 GHz,False,,,,3,True,1,PCI-Express x16,"265.63 mm / 10.458""",EVGA,8 GB,GDDR6,,,,08G-P4-2070-KR,,False,,True,185 W,,,1
207,1.801 GHz,Radeon VII,Silver,1.4 GHz,False,,,,3,True,1,PCI-Express x16,"280 mm / 11.024""",XFX,16 GB,HBM2,,,,RX-VEGMA3FD6,,False,True,,295 W,,,
208,1.544 GHz,GeForce GT 1030,Gray,1.29 GHz,False,2,,,,True,,PCI-Express x16,"168 mm / 6.614""",EVGA,2 GB,GDDR5,,,,02G-P4-6338-KR,,False,,,30 W,,,
209,1.8 GHz,GeForce RTX 2060,Silver / Black,1.365 GHz,False,,,,3,True,1,PCI-Express x16,"209.6 mm / 8.252""",Zotac,6 GB,GDDR6,,,,ZT-T20600D-10M,,False,,True,160 W,,,
210,1.38 GHz,Radeon RX 580,Black,1.257 GHz,4-way CrossFire,1,,,2,True,2,PCI-Express x16,"298 mm / 11.732""",Asus,8 GB,GDDR5,,,,AREZ-STRIX-RX580-O8G-GAMING,,False,True,,185 W,,,
211,1.68 GHz,GeForce RTX 2060,Black,1.365 GHz,False,,,,2,True,2,PCI-Express x16,"300 mm / 11.811""",Asus,6 GB,GDDR6,,,,ROG-STRIX-RTX2060-6G-GAMING / ROG-STRIX-RTX2060-6G-GAMI,,False,,True,160 W,,,
212,1.196 GHz,Radeon RX 560 - 1024,Black / Silver,1.175 GHz,True,1,,,1,True,1,PCI-Express x16,"155 mm / 6.102""",MSI,2 GB,GDDR5,,,,RX 560 AERO ITX 2G OC,,False,True,,90 W,,,
213,1.71 GHz,GeForce GTX 1650,Black / Silver,1.485 GHz,False,,,,1,True,2,PCI-Express x16,"191 mm / 7.52""",Gigabyte,4 GB,GDDR5,,,,GV-N1650OC-4GD,,False,,True,75 W,,,
214,,Quadro M4000,Black / Green,,4-way CrossFire,,,,4,True,,PCI-Express x16,"241 mm / 9.488""",PNY,8 GB,GDDR5,,,,VCQM4000-PB,,False,,,120 W,,,
215,1.785 GHz,GeForce GTX 1650,Black / Silver,1.665 GHz,False,,,,1,True,3,PCI-Express x16,,Gigabyte,4 GB,GDDR5,,,,GV-N1650WF2OC-4GD,,False,,True,75 W,,,
216,1.336 GHz,Radeon RX 560 - 1024,Black,1.175 GHz,True,1,,,1,True,1,PCI-Express x16,"194 mm / 7.638""",Asus,4 GB,GDDR5,,,,ROG-STRIX-RX560-O4G-GAMING,,False,True,,90 W,,,
217,1.266 GHz,Radeon RX 570,Black / Red,1.168 GHz,4-way CrossFire,1,,,1,True,1,PCI-Express x16,"240 mm / 9.449""",Asus,8 GB,GDDR5,,,,AREZ-EX-RX570-O8G,,False,True,,150 W,,,
218,1.83 GHz,GeForce RTX 2070,Black,1.41 GHz,False,,,,3,True,1,PCI-Express x16,"307 mm / 12.087""",MSI,8 GB,GDDR6,,,,GeForce RTX 2070 GAMING Z 8G / RTX 2070 GAMING Z 8G,,False,,True,185 W,,,1
219,1.442 GHz,GeForce GTX 1050 Ti,,1.303 GHz,False,1,,,1,True,1,PCI-Express x16,"182 mm / 7.165""",Asus,4 GB,GDDR5,,,,GTX1050TI-O4G-LP-BRK,,False,,True,75 W,,,
220,,FirePro W7100,Black / Red,824 MHz,False,,,,4,True,,PCI-Express x16,"279 mm / 10.984""",AMD,8 GB,GDDR5,,,,100-505724,,False,,,150 W,,,
221,1.759 GHz,GeForce RTX 2060,,1.365 GHz,False,,,,2,True,2,PCI-Express x16,"300 mm / 11.811""",Asus,6 GB,GDDR6,,,,ROG-STRIX-RTX2060-A6G-GAMING / 90YV0CI1-M0NA00 / ROG-STRIX-RTX2060-A6G-GAM,,False,,True,160 W,,,
222,1.386 GHz,Radeon RX 580,Black / Red,1.366 GHz,4-way CrossFire,1,,,3,True,1,PCI-Express x16,"270 mm / 10.63""",XFX,4 GB,GDDR5,,,,RX-580P427D6,,False,True,,185 W,,,
223,1.759 GHz,GeForce GTX 1060 6GB,Black / White,1.544 GHz,False,1,,,2,True,2,PCI-Express x16,"275 mm / 10.827""",MSI,6 GB,GDDR5,,,,GeForce GTX 1060 ARMOR 6G OCV1 / GTX 1060 ARMOR 6G OCV1,,False,,True,120 W,,,
224,,GeForce RTX 2080,Black,,False,,,,2,True,1,PCI-Express x16,"268 mm / 10.551""",Asus,8 GB,GDDR6,,,,TURBO-RTX2080-8G / 90YV0C31-M0NM00,,True,,True,215 W,,,1
225,1.38 GHz,Radeon RX 580,Black / Silver,1.257 GHz,4-way CrossFire,1,,,2,True,2,PCI-Express x16,"242 mm / 9.528""",Asus,8 GB,GDDR5,,,,DUAL-RX580-O8G,,False,True,,185 W,,,
226,1.771 GHz,GeForce GTX 1080,Black / Red,1.607 GHz,False,1,,,3,True,1,PCI-Express x16,"279 mm / 10.984""",MSI,8 GB,GDDR5X,,,Geforce GTX 1080 GAMING 8G,GTX 1080 GAMING 8G,,True,,True,180 W,,,
227,1.34 GHz,Radeon RX 580,Black / Red,1.257 GHz,4-way CrossFire,,,,3,True,1,PCI-Express x16,"198 mm / 7.795""",MSI,8 GB,GDDR5,,,,RX 580 8G V1,,False,True,,185 W,,,
228,1.74 GHz,GeForce RTX 2070,Black / Gray,1.62 GHz,False,,,,3,True,1,PCI-Express x16,"280.35 mm / 11.037""",Gigabyte,8 GB,GDDR6,,,,GV-N2070GAMING OC-8GC,,False,,True,185 W,,,1
229,1.506 GHz,GeForce GTX 1050 Ti,Black / White,1.392 GHz,False,1,,,1,True,1,PCI-Express x16,"174 mm / 6.85""",Zotac,4 GB,GDDR5,,,,ZT-P10510B-10L,,False,,True,75 W,,,
230,1.8 GHz,GeForce RTX 2080,Black / Clear,1.515 GHz,False,,,,3,True,1,PCI-Express x16,"265.63 mm / 10.458""",EVGA,8 GB,GDDR6,,,,08G-P4-2184-KR,,True,,True,215 W,,,1
231,1.71 GHz,GeForce RTX 2070,Black / Silver,1.41 GHz,False,,,,3,True,1,PCI-Express x16,"314 mm / 12.362""",MSI,8 GB,GDDR6,,,,RTX 2070 DUKE 8G OCV1,,False,,True,185 W,,,1
232,1.797 GHz,GeForce GTX 1070,Black / Gray,1.607 GHz,False,1,,,3,True,1,PCI-Express x16,"267 mm / 10.512""",EVGA,8 GB,GDDR5,,,,08G-P4-6276-KR,,True,,True,215 W,,,
233,1.367 GHz,GeForce GTX 960,Black / Silver,1.304 GHz,False,,,1,3,True,1,PCI-Express x16,"257 mm / 10.118""",EVGA,4 GB,GDDR5,,,,04G-P4-3969-KR,,True,,True,120 W,,,
234,1.62 GHz,GeForce GTX 1080 Ti,Black,1.506 GHz,False,1,,,3,True,1,PCI-Express x16,"211 mm / 8.307""",Zotac,11 GB,GDDR5X,,,,ZT-P10810G-10P,,True,,True,250 W,,,
235,1.137 GHz,GeForce GTX 760,Black / Silver,1.072 GHz,False,1,,1,1,True,1,PCI-Express x16,"241 mm / 9.488""",EVGA,2 GB,GDDR5,,,,02G-P4-3765-KR,,3-way SLI,,True,170 W,,,
236,1.199 GHz,Radeon RX 560 - 896,Black / Orange,1.176 GHz,True,1,,,1,True,1,PCI-Express x16,"170 mm / 6.693""",Gigabyte,4 GB,GDDR5,,,,GV-RX560OC-4GD REV2.0,,False,True,,75 W,,,
237,1.304 GHz,GeForce GTX 960,Black / Red,1.241 GHz,False,,,1,3,True,1,PCI-Express x16,"267 mm / 10.512""",MSI,4 GB,GDDR5,,,,GTX 960 GAMING 4G / V320-034R,,True,,True,120 W,,,
238,1.665 GHz,GeForce RTX 2070,Black / White,1.41 GHz,False,,,,3,True,1,PCI-Express x16,"268 mm / 10.551""",Asus,8 GB,GDDR6,,,,DUAL-RTX2070-A8G,,False,,True,185 W,,,1
239,,Quadro K6000,Black / Silver,902 MHz,False,1,,1,2,True,,PCI-Express x16,"267 mm / 10.512""",PNY,12 GB,GDDR5,,,,VCQK6000-PB,,True,,,225 W,,,
240,1.08 GHz,Radeon Pro WX 7100,Blue,900 MHz,True,,,,4,True,,PCI-Express x16,"242 mm / 9.528""",AMD,8 GB,GDDR5,,,,RADEON PRO WX 7100 / 100-505826,,False,True,,150 W,,,
241,1.411 GHz,Radeon RX 580,Black,1.257 GHz,4-way CrossFire,1,,,2,True,2,PCI-Express x16,"260 mm / 10.236""",Sapphire,4 GB,GDDR5,,,,11265-07-20G / 100411NT+4GL,,False,True,,235 W,,,
242,1.815 GHz,GeForce GTX 1660,Black / White,1.53 GHz,False,1,,,1,True,1,PCI-Express x16,"174 mm / 6.85""",Asus,6 GB,GDDR5,,,,PH-GTX1660-6G,,False,,True,120 W,,,
243,1.835 GHz,GeForce GTX 1060 3GB,Black / Silver,1.607 GHz,False,1,,,3,True,1,PCI-Express x16,"267 mm / 10.512""",EVGA,3 GB,GDDR5,,,,03G-P4-6167-KR,,False,,True,120 W,,,
244,1.65 GHz,GeForce RTX 2070,Black / Silver,1.41 GHz,False,,,,2,True,1,PCI-Express x16,"268 mm / 10.551""",Asus,8 GB,GDDR6,,,,TURBO-RTX2070-8G,,False,,True,185 W,,,1
245,1.544 GHz,GeForce GTX 1050,Black,1.43 GHz,False,1,,,1,True,1,PCI-Express x16,"229 mm / 9.016""",EVGA,2 GB,GDDR5,,,,02G-P4-6154-KR,,False,,True,75 W,,,
246,1.62 GHz,GeForce RTX 2070,Silver / Black,1.41 GHz,False,,,,3,True,1,PCI-Express x16,"226 mm / 8.898""",MSI,8 GB,GDDR6,,,MSI RTX 2070 Ventus 8G Video Card,RTX 2070 Ventus 8G,,False,,True,185 W,,,
247,1.815 GHz,GeForce RTX 2070,Black,1.41 GHz,False,,,,3,True,1,PCI-Express x16,"308 mm / 12.126""",Zotac,8 GB,GDDR6,,,,ZT-T20700C-10P,,False,,True,185 W,,,1
248,1.657 GHz,GeForce GTX 1080 Ti,White / Orange,1.518 GHz,False,1,,,3,True,1,PCI-Express x16,"280 mm / 11.024""",Gigabyte,11 GB,GDDR5X,,,,GV-N108TGAMING OC-11GD / GV-N108TGAMING-OC-11GD,,True,,True,250 W,,,
249,1.708 GHz,GeForce GTX 1060 3GB,Black / White,1.506 GHz,False,1,,,2,True,2,PCI-Express x16,"183 mm / 7.205""",Asus,3 GB,GDDR5,,,,PH-GTX1060-3G,,False,,True,120 W,,,
250,1.43 GHz,GeForce GT 1030 DDR4,Black,1.189 GHz,False,,,,1,True,1,PCI-Express x16,"150 mm / 5.906""",MSI,2 GB,DDR4,,,,GT 1030 2GD4 LP OC,,False,,,30 W,,,
251,1.455 GHz,GeForce GTX 1050 Ti,Black / White,1.341 GHz,False,1,,,1,True,1,PCI-Express x16,"155 mm / 6.102""",MSI,4 GB,GDDR5,,,,GTX 1050 Ti AERO ITX 4G OC,,False,,True,75 W,,,
252,1.471 GHz,Radeon RX VEGA 56,Black / Red,1.156 GHz,4-way CrossFire,,,,3,True,1,PCI-Express x16,"280 mm / 11.024""",ASRock,8 GB,HBM2,,,,RX VEGA 56 8G,,False,True,,210 W,,,
253,1.784 GHz,GeForce GTX 1070,Black / Gray,1.594 GHz,False,1,,,3,True,1,PCI-Express x16,"267 mm / 10.512""",EVGA,8 GB,GDDR5,,,,08G-P4-6178-KR,,True,,True,170 W,,,
254,1.266 GHz,Radeon RX 570,Black / Red,1.168 GHz,4-way CrossFire,1,,,1,True,1,PCI-Express x16,"240 mm / 9.449""",Asus,8 GB,GDDR5,,,,EX-RX570-O8G,,False,True,,150 W,,,
255,1.708 GHz,GeForce GTX 1060 6GB,Black / White,1.506 GHz,False,1,,,2,True,2,PCI-Express x16,,Asus,6 GB,GDDR5,,,,PH-GTX1060-6G,,False,,True,120 W,,,
256,1.5 GHz,Radeon Pro WX 9100,Blue,1.2 GHz,True,,,,,True,,PCI-Express x16,"267 mm / 10.512""",AMD,16 GB,HBM2,6,,,100-505957,,False,True,,300 W,,,
257,1.293 GHz,Radeon RX 570,Black / Red,1.168 GHz,4-way CrossFire,1,,,2,True,2,PCI-Express x16,"276 mm / 10.866""",MSI,4 GB,GDDR5,,,,RX 570 GAMING X 4G,,False,True,,150 W,,,
258,1.56 GHz,Radeon RX 590,Blue / White,1.469 GHz,4-way CrossFire,1,,,2,True,2,PCI-Express x16,"260 mm / 10.236""",Sapphire,8 GB,GDDR5,,,,11289-01-20G / 100415NT+8GSEL,,False,True,,250 W,,,
259,1.721 GHz,GeForce GTX 1070 Ti,,1.607 GHz,False,1,,,2,True,2,PCI-Express x16,"267 mm / 10.512""",Asus,8 GB,GDDR5,,,,TURBO-GTX1070TI-8G,,True,,True,180 W,,,
260,1.755 GHz,GeForce RTX 2080 Ti,Clear / Black,1.35 GHz,False,,,,3,True,1,PCI-Express x16,"301.925 mm / 11.887""",EVGA,11 GB,GDDR6,,,,11G-P4-2487-KR,,True,,True,250 W,,,1
261,1.38 GHz,Radeon RX 580,Black,1.257 GHz,4-way CrossFire,1,,,2,True,2,PCI-Express x16,"298 mm / 11.732""",Asus,8 GB,GDDR5,,,,ROG-STRIX-RX580-O8G-GAMING / STRIX-RX580-O8G-GAMING,,False,True,,185 W,,,
262,1.367 GHz,GeForce GTX 960,Black / Silver,1.304 GHz,False,,,1,3,True,1,PCI-Express x16,"257 mm / 10.118""",EVGA,4 GB,GDDR5,,,,04G-P4-3968-KR,,True,,True,120 W,,,
263,,Radeon R9 380,Black / Red,990 MHz,True,1,,1,1,True,1,PCI-Express x16,"271 mm / 10.669""",Asus,2 GB,GDDR5,,,,STRIX-R9380-DC2OC-2GD5-GAMING / 90YV08D0-M0NA00 / STRIX-R9380DC2OC2GD5,,False,True,,190 W,,,
264,1.27 GHz,Radeon RX 570,Black,1.168 GHz,4-way CrossFire,1,,,3,True,1,PCI-Express x16,"236.2 mm / 9.299""",ASRock,8 GB,GDDR5,,,,PG D RADEON RX570 8G OC,,False,True,,150 W,,,
265,1.468 GHz,GeForce GT 1030,Black,1.227 GHz,False,1,,,,True,1,PCI-Express x16,"173 mm / 6.811""",Zotac,2 GB,GDDR5,,,,ZT-P10300A-10L,,False,,,30 W,,,
266,1.206 GHz,Radeon RX 550 - 512,Black / Red,1.1 GHz,True,1,,,1,True,1,PCI-Express x16,"158 mm / 6.22""",Sapphire,4 GB,GDDR5,,,,11268-01-20G / 100414P4GL,,False,True,,65 W,,,
267,1.6 GHz,Radeon RX 590,Black / Red,1.58 GHz,4-way CrossFire,1,,,3,True,1,PCI-Express x16,"270 mm / 10.63""",XFX,8 GB,GDDR5,,,,RX-590P8DFD6 / RX-590P8DLD6,,False,True,,225 W,,,
268,1.35 GHz,Radeon RX 580,Black,,4-way CrossFire,1,,,3,True,1,PCI-Express x16,"255 mm / 10.039""",PowerColor,8 GB,GDDR5,,,,AXRX 580 8GBD5-3DHDV2/OC,,False,True,,185 W,,,
269,1.708 GHz,GeForce GTX 1060 6GB,Black / White,1.506 GHz,False,1,,,3,True,1,PCI-Express x16,"279 mm / 10.984""",MSI,6 GB,GDDR5,,,,GEFORCE GTX 1060 ARMOR 6G OC / GTX 1060 ARMOR 6G OC,,False,,True,120 W,,,
270,1.797 GHz,GeForce GTX 1080,Black / White,1.657 GHz,False,1,,,3,True,1,PCI-Express x16,"279 mm / 10.984""",MSI,8 GB,GDDR5X,,,,GeForce GTX 1080 ARMOR 8G OC,,True,,True,180 W,,,
271,1.845 GHz,GeForce GTX 1660 Ti,Black,1.5 GHz,False,1,,,1,True,1,PCI-Express x16,"189.89 mm / 7.476""",EVGA,6 GB,GDDR6,,,,06G-P4-1263-KR,,False,,True,130 W,,,
272,1.62 GHz,GeForce RTX 2070,Black,1.41 GHz,False,1,,,3,True,1,PCI-Express x16,"211 mm / 8.307""",Zotac,8 GB,GDDR6,,,,ZT-T20700E-10P,,False,,True,185 W,,,
273,1.56 GHz,Radeon RX VEGA 64,Black / Orange,1.247 GHz,4-way CrossFire,,,,3,True,3,PCI-Express x16,"274 mm / 10.787""",Gigabyte,8 GB,HBM2,,,,GV-RXVEGA64GAMING OC-8GD,,False,True,,295 W,,,
274,1.455 GHz,Quadro P1000,Black,1.354 GHz,False,,,,,True,,PCI-Express x16,"145 mm / 5.709""",PNY,4 GB,GDDR5,4,,,VCQP1000-PB,,False,,,47 W,,,
275,1.544 GHz,GeForce GTX 1050,Black / Red,1.404 GHz,False,1,,,1,True,1,PCI-Express x16,"203 mm / 7.992""",Asus,2 GB,GDDR5,,,,CERBERUS-GTX1050-O2G,,False,,True,75 W,,,
276,1.83 GHz,GeForce GTX 1660 Ti,Black,1.5 GHz,False,,,,2,True,2,PCI-Express x16,"301 mm / 11.85""",Asus,6 GB,GDDR6,,,,ROG-STRIX-GTX1660TI-A6G-GAMING,,False,,True,120 W,,,
277,,GeForce GTX 780,Black / Silver,967 MHz,False,1,,1,1,True,1,PCI-Express x16,"266 mm / 10.472""",EVGA,3 GB,GDDR5,,,,03G-P4-2784-KR,,3-way SLI,,True,250 W,,,
278,,GeForce GT 730,Black,902 MHz,False,1,,,,False,1,PCI-Express x16,"137 mm / 5.394""",Asus,2 GB,DDR3,,,,GT730-SL-2GD3-BRK,,False,,,49 W,1,,
279,1.076 GHz,GeForce GTX 980 Ti,Black / Silver,1 GHz,False,,,1,3,True,1,PCI-Express x16,"267 mm / 10.512""",PNY,6 GB,GDDR5,,,,VCGGTX980T6XPB-CG,,4-way SLI,,True,250 W,,,
280,1.62 GHz,GeForce RTX 2070,Black / Silver,1.41 GHz,False,,,,3,True,1,PCI-Express x16,"169.99 mm / 6.693""",Gigabyte,8 GB,GDDR6,,,,GV-N2070IX-8GC,,False,,True,185 W,,,1
281,,Quadro NVS 420,Black / Green,,False,,,,,True,,PCI-Express x1,,PNY,512 MB,GDDR3,,,,VCQ420NVS-X1-DVI-PB,,False,,,40 W,,1,
282,1.178 GHz,GeForce GTX 960,Black,1.127 GHz,False,,,1,3,True,1,PCI-Express x16,"257 mm / 10.118""",EVGA,2 GB,GDDR5,,,,02G-P4-2963-KR,,True,,True,120 W,,,
283,1.77 GHz,Quadro RTX 6000,Black / Silver,1.44 GHz,False,,,,4,True,,PCI-Express x16,"266.7 mm / 10.5""",PNY,24 GB,GDDR6,,,,VCQRTX6000-PB,,True,,,295 W,,,1
284,1.48 GHz,GeForce GTX 1050 Ti,Black / Red,1.341 GHz,False,1,,,1,True,1,PCI-Express x16,"203 mm / 7.992""",Asus,4 GB,GDDR5,,,,CERBERUS-GTX1050TI-O4G,,False,,True,75 W,,,
285,1.65 GHz,GeForce RTX 2080 Ti,Clear / Black,1.35 GHz,False,,,,3,True,1,PCI-Express x16,"269.83 mm / 10.623""",EVGA,11 GB,GDDR6,,,,11G-P4-2387-KR,,True,,True,250 W,,,1
286,1.518 GHz,GeForce GT 1030,Black,1.265 GHz,False,,,,1,False,1,PCI-Express x16,"153 mm / 6.024""",MSI,2 GB,GDDR5,,,,GT 1030 2GH LP OC,,False,,,30 W,,,
287,1.455 GHz,GeForce GTX 1050 Ti,Black / White,1.341 GHz,False,1,,,1,True,1,PCI-Express x16,"215 mm / 8.465""",MSI,4 GB,GDDR5,,,,GTX 1050 Ti 4GT OC / GEFORCE GTX 1050 TI 4GT OC,,False,,True,75 W,,,
288,1.847 GHz,GeForce GTX 1060 6GB,Black / Orange,1.594 GHz,False,1,,,3,True,1,PCI-Express x16,"278 mm / 10.945""",Gigabyte,6 GB,GDDR5,,,,GV-N1060G1 GAMING-6GD,,False,,True,120 W,,,
289,,FirePro W2100,Black / Red,630 MHz,False,,,,2,True,,PCI-Express x16,,AMD,2 GB,DDR3,,,FirePro W2100,100-505821,,False,,,26 W,,,
290,1.195 GHz,Radeon RX 550 - 512,Black / Orange,1.183 GHz,True,1,,,1,True,1,PCI-Express x16,"170 mm / 6.693""",Gigabyte,2 GB,GDDR5,,,,GV-RX550D5-2GD,,False,True,,75 W,,,
291,1.46 GHz,GeForce GT 1030 DDR4,Black,1.189 GHz,False,1,,,,False,1,PCI-Express x8,"145 mm / 5.709""",EVGA,2 GB,DDR4,,,,02G-P4-6232-KR,,False,,,30 W,,,
292,1.635 GHz,GeForce RTX 2080 Ti,Silver / Black,1.35 GHz,False,,,,3,True,1,PCI-Express x16,"268 mm / 10.551""",MSI,11 GB,GDDR6,,,GeForce RTX 2080 TI VENTUS 11G OC,RTX 2080 TI VENTUS 11G OC,,True,,True,250 W,,,1
293,1.89 GHz,GeForce GTX 1660 Ti,Black / Gray,1.5 GHz,False,,,,3,True,1,PCI-Express x16,"280 mm / 11.024""",Gigabyte,6 GB,GDDR6,,,,GV-N166TAORUS-6GD,,False,,True,120 W,,,
294,1.573 GHz,Radeon RX VEGA 56,,1.297 GHz,4-way CrossFire,1,,,2,True,2,PCI-Express x16,"298 mm / 11.732""",Asus,8 GB,HBM2,,,,ROG-STRIX-RXVEGA56-O8G-GAMING,,False,True,,210 W,,,
295,,Radeon HD 6450,Black / Blue,,False,,,1,,False,1,PCI-Express x16,,Sapphire,1 GB,DDR3,,,,100322L,,False,,,27 W,1,,
296,1.255 GHz,Radeon RX 570,Black / Orange,1.168 GHz,4-way CrossFire,1,,,3,True,1,PCI-Express x16,"232 mm / 9.134""",Gigabyte,4 GB,GDDR5,,,,GV-RX570GAMING-4GD,,False,True,,150 W,,,
297,1.582 GHz,Titan Xp,Black,1.48 GHz,False,1,,,3,True,1,PCI-Express x16,"267 mm / 10.512""",NVIDIA,12 GB,GDDR5X,,,,900-1G611-2530-000,,True,,True,250 W,,,
298,1.71 GHz,GeForce RTX 2070,Clear / Black,1.41 GHz,False,,,,3,True,1,PCI-Express x16,"269.2 mm / 10.598""",EVGA,8 GB,GDDR6,,,,08G-P4-2172-KR,,False,,True,185 W,,,1
299,,GeForce GT 710,Black,954 MHz,False,1,,,,True,1,PCI-Express x8,"115 mm / 4.528""",EVGA,2 GB,DDR3,,,,02G-P3-2713-KR,,False,,,19 W,1,,
300,1.86 GHz,GeForce GTX 1650,Black,1.485 GHz,False,,,,2,True,1,PCI-Express x16,"245 mm / 9.646""",MSI,4 GB,GDDR5,,,,GeForce GTX 1650 GAMING X 4G / GTX 1650 GAMING X 4G,,False,,True,75 W,,,
301,,Radeon R7 240,Black,700 MHz,True,1,,,,True,,PCI-Express x16,"150 mm / 5.906""",XFX,4 GB,DDR3,,,,R7-240A-4NF4,,False,,,30 W,1,,
302,1.75 GHz,Radeon VII,Silver,1.4 GHz,False,,,,3,True,1,PCI-Express x16,"280 mm / 11.024""",ASRock,16 GB,HBM2,,,,PG X R VII 16G / 90-GA1100-00UANW / RVEGA2-GAMING-X-16GB / Radeon VII 16G / Phantom Gaming X Radeon VII 16G,,False,True,,295 W,,,
303,,GeForce RTX 2080 Ti,Black / Clear,,False,,,,3,True,1,PCI-Express x16,"270 mm / 10.63""",EVGA,11 GB,GDDR6,,,,11G-P4-2383-KR,,True,,True,250 W,,,
304,1.37 GHz,Radeon RX 580,Black / Silver,1.257 GHz,4-way CrossFire,1,,,3,True,1,PCI-Express x16,"236.2 mm / 9.299""",ASRock,8 GB,GDDR5,,,,PG D RADEON RX580 8G OC / PHANTOM D RX580 8G OC,,False,True,,185 W,,,
305,1.83 GHz,GeForce GTX 1660 Ti,Black / Gray,1.5 GHz,False,,,,1,True,2,PCI-Express x16,"205 mm / 8.071""",Asus,6 GB,GDDR6,,,,TUF-GTX1660TI-O6G-GAMING,,False,,True,120 W,,,
306,,GeForce GT 710,Black,954 MHz,False,1,,,,False,1,PCI-Express x16,"146 mm / 5.748""",Zotac,1 GB,DDR3,,,,ZT-71301-20L,,False,,,19 W,1,,
307,1.48 GHz,Quadro P4000,Black / Green,1.227 GHz,False,,,,4,True,,PCI-Express x16,"242 mm / 9.528""",PNY,8 GB,GDDR5,,,,VCQP4000-PB,,True,,,105 W,,,
308,1.733 GHz,GeForce GTX 1080,Black / Red,1.607 GHz,False,1,,,3,True,1,PCI-Express x16,"267 mm / 10.512""",PNY,8 GB,GDDR5X,,,,VCGGTX10808PB,,True,,True,180 W,,,
309,1.759 GHz,GeForce GTX 1060 6GB,Black / White,1.544 GHz,False,,,1,3,True,1,PCI-Express x16,"247 mm / 9.724""",MSI,6 GB,GDDR5,,,,GEFORCE GTX 1060 6GT OC / GEFORCE GTX 1060 6GT OCV1 / GTX 1060 6GT OC / GTX 1060 6GT OCV1,,False,,True,120 W,,,
310,,Radeon RX 580,Black / Red,1.34 GHz,4-way CrossFire,,,,3,True,1,PCI-Express x16,"266.7 mm / 10.5""",Diamond,8 GB,GDDR5,,,,RX580D58G,,False,True,,185 W,,,
311,1.52 GHz,Radeon RX VEGA 56,Black / Red,1.181 GHz,4-way CrossFire,,,,3,True,1,PCI-Express x16,"270 mm / 10.63""",MSI,8 GB,HBM2,,,,RX Vega 56 Air Boost 8G OC,,False,True,,210 W,,,
312,1.733 GHz,GeForce GTX 1070 Ti,Black / Orange,1.645 GHz,False,1,,,3,True,1,PCI-Express x16,"280 mm / 11.024""",Gigabyte,8 GB,GDDR5,,,,GV-N107TGAMING OC-8GD,,True,,True,180 W,,,
313,1.411 GHz,Radeon RX 580,Black,1.257 GHz,4-way CrossFire,1,,,2,True,2,PCI-Express x16,"260 mm / 10.236""",Sapphire,8 GB,GDDR5,,,,11265-01-20G / 100411NT+8GL,,False,True,,225 W,,,
314,1.8 GHz,GeForce GTX 1660 Ti,Black / Gray,1.5 GHz,False,,,,3,True,1,PCI-Express x16,"225.65 mm / 8.884""",Gigabyte,6 GB,GDDR6,,,,GV-N166TOC-6GD,,False,,True,120 W,,,
315,1.468 GHz,GeForce GTX 1050 Ti,Black / Orange,1.354 GHz,False,1,,,1,True,3,PCI-Express x16,"229 mm / 9.016""",Gigabyte,4 GB,GDDR5,,,,GV-N105TWF2OC-4GD,,False,,True,75 W,,,
316,975 MHz,Radeon Pro WX 4100,Blue,925 MHz,False,,,,,True,,PCI-Express x8,"168 mm / 6.614""",AMD,4 GB,GDDR5,4,,,RADEON PRO WX 4100 / 100-506008,,False,True,,50 W,,,
317,1.708 GHz,GeForce GTX 1060 6GB,Black,1.506 GHz,False,1,,,3,True,1,PCI-Express x16,"211 mm / 8.307""",Zotac,6 GB,GDDR5X,,,,ZT-P10620A-10M,,False,,True,120 W,,,
318,1.295 GHz,Radeon RX 560 - 896,Black / Red,1.175 GHz,True,1,,,1,True,1,PCI-Express x16,"170 mm / 6.693""",XFX,4 GB,GDDR5,,,,RX-560D4SFG5,,False,True,,75 W,,,
319,,GeForce GT 730,Black,700 MHz,False,,,1,,True,1,PCI-Express x16,"144 mm / 5.669""",EVGA,2 GB,DDR3,,,,02G-P3-2732-KR,,False,,,49 W,,,
320,,GeForce GT 710,Blue / Silver,954 MHz,False,1,,,,False,1,PCI-Express x16,"135 mm / 5.315""",Asus,2 GB,DDR3,,,,710-2-SL-CSM,,False,,,19 W,1,,
321,1.405 GHz,Radeon RX 580,Black / Red,1.257 GHz,4-way CrossFire,1,,,3,True,1,PCI-Express x16,"270 mm / 10.63""",XFX,8 GB,GDDR5,,,,RX-580P828D6,,False,True,,185 W,,,
322,1.531 GHz,GeForce GT 1030,Black / Blue,1.278 GHz,False,1,,,,True,1,PCI-Express x16,"184 mm / 7.244""",Asus,2 GB,GDDR5,,,,PH-GT1030-O2G,,False,,,30 W,,,
323,1.386 GHz,Radeon RX 580,Black / Red,1.366 GHz,4-way CrossFire,1,,,3,True,1,PCI-Express x16,"270 mm / 10.63""",XFX,8 GB,GDDR5,,,,RX-580P8DFD6,,False,True,,185 W,,,
324,1.478 GHz,Radeon RX VEGA 56,Black / Red,1.177 GHz,4-way CrossFire,,,,2,True,2,PCI-Express x16,"305 mm / 12.008""",PowerColor,8 GB,HBM2,,,,AXRX VEGA 56 8GBHBM2-2D2HD/OC,,False,True,,210 W,,,
325,1.518 GHz,GeForce GTX 1050,Black / Orange,1.379 GHz,False,1,,,1,True,1,PCI-Express x16,"191 mm / 7.52""",Gigabyte,2 GB,GDDR5,,,,GV-N1050OC-2GD,,False,,True,75 W,,,
326,,Radeon R7 370,Black / Red,985 MHz,True,1,,1,1,True,1,PCI-Express x16,"220 mm / 8.661""",PowerColor,2 GB,GDDR5,,,,AXR7 370 2GBD5-PPDHE,,False,,,110 W,,,
327,1.046 GHz,GeForce GTX 780,Black / Silver,993 MHz,False,1,,1,1,True,1,PCI-Express x16,"266 mm / 10.472""",EVGA,3 GB,GDDR5,,,,03G-P4-3788-KR,,3-way SLI,,True,250 W,,,
328,1.875 GHz,GeForce GTX 1660 Ti,Black,1.5 GHz,False,,,,3,True,1,PCI-Express x16,"247 mm / 9.724""",MSI,6 GB,GDDR6,,,,GTX 1660 Ti GAMING X 6G / GEFORCE GTX 1660 Ti GAMING X 6G,,False,,True,120 W,,,
329,1.425 GHz,Radeon RX 580,Black / Red,1.257 GHz,4-way CrossFire,1,,,3,True,1,PCI-Express x16,"255 mm / 10.039""",PowerColor,8 GB,GDDR5,,,,AXRX 580 8GBD5-3DHG/OC,,False,True,,185 W,,,
330,1.206 GHz,Radeon RX 550 - 640,Black,1.071 GHz,True,1,,,1,True,1,PCI-Express x16,"192 mm / 7.559""",Asus,2 GB,GDDR5,,,,AREZ-PH-RX550-2G / 90YV0AG6-M0NA00,,False,True,,65 W,,,
331,,GeForce RTX 2080,Black,,False,,,,3,True,1,PCI-Express x16,"268 mm / 10.551""",Asus,8 GB,GDDR6,,,,DUAL-RTX2080-O8G,,True,,True,215 W,,,
332,1.86 GHz,GeForce RTX 2080,Black / Clear,1.515 GHz,False,,,,3,True,1,PCI-Express x16,"290.83 mm / 11.45""",EVGA,8 GB,GDDR6,,,,08G-P4-2284-KR,,True,,True,215 W,,,1
333,,GeForce RTX 2080 Ti,Black / Clear,,False,,,,3,True,1,PCI-Express x16,"270 mm / 10.63""",EVGA,11 GB,GDDR6,,,,11G-P4-2382-KR,,True,,True,250 W,,,
334,1.545 GHz,GeForce RTX 2080 Ti,Black / Clear,1.35 GHz,False,,,,3,True,1,PCI-Express x16,"270 mm / 10.63""",EVGA,11 GB,GDDR6,,,,11G-P4-2281-KR,,True,,True,250 W,,,1
335,1.291 GHz,GeForce GTX 980 Ti,Black / Silver,1.19 GHz,False,,,1,3,True,1,PCI-Express x16,"280 mm / 11.024""",EVGA,6 GB,GDDR5,,,,06G-P4-4998-KR,,4-way SLI,,True,250 W,,,
336,1.755 GHz,GeForce RTX 2070,Silver / Black,1.41 GHz,False,,,,3,True,1,PCI-Express x16,"314 mm / 12.362""",MSI,8 GB,GDDR6,,,,GeForce RTX 2070 DUKE 8G OC / RTX 2070 DUKE 8G OC,,False,,True,185 W,,,1
337,1.708 GHz,GeForce GTX 1060 6GB,Black,1.506 GHz,False,1,,,3,True,1,PCI-Express x16,"265 mm / 10.433""",PNY,6 GB,GDDR5,,,,VCGGTX10606PB,,False,,True,120 W,,,
338,1.86 GHz,GeForce RTX 2080,Black,1.515 GHz,False,,,,3,True,1,PCI-Express x16,"327 mm / 12.874""",MSI,8 GB,GDDR6,,,,RTX 2080 GAMING X TRIO / GEFORCE RTX 2080 GAMING X TRIO / G2080GXT,,True,,True,215 W,,,1
339,,GeForce GT 710,Black,954 MHz,False,1,,,,True,1,PCI-Express x16,"114 mm / 4.488""",PNY,2 GB,DDR3,,,,VCGGT7102XPB,,False,,,19 W,1,,
340,,GeForce RTX 2070,Black / Silver,1.62 GHz,False,,,,3,True,1,PCI-Express x16,"280.35 mm / 11.037""",Gigabyte,8 GB,GDDR6,,,,GV-N2070GAMING-8GC,,False,,True,185 W,,,1
341,1.746 GHz,GeForce GTX 1080 Ti,Black / Silver,1.607 GHz,False,1,,,3,True,2,PCI-Express x16,"293 mm / 11.535""",Gigabyte,11 GB,GDDR5X,,,,GV-N108TAORUS X-11GD,,True,,True,250 W,,,
342,1.71 GHz,GeForce RTX 2070,Black,1.41 GHz,False,,,,3,True,1,PCI-Express x16,"307 mm / 12.087""",MSI,8 GB,GDDR6,,,GeForce RTX 2070 GAMING X 8G,RTX 2070 GAMING X 8G / GeForce RTX 2070 GAMING X 8G,,False,,True,185 W,,,1
343,1.683 GHz,GeForce GTX 1080 Ti,Black,1.569 GHz,False,1,,,3,True,1,PCI-Express x16,"300 mm / 11.811""",EVGA,11 GB,GDDR5X,,,,11G-P4-6797-K2,,True,,True,250 W,,,
344,,Quadro K5200,Black,667 MHz,False,1,,1,2,True,,PCI-Express x16,"267 mm / 10.512""",PNY,8 GB,GDDR5,,,,VCQK5200-PB,,False,,,150 W,,,
345,1.683 GHz,GeForce GTX 1080 Ti,Black / Red,1.569 GHz,False,1,,,2,True,2,PCI-Express x16,"290 mm / 11.417""",MSI,11 GB,GDDR5X,,,,GeForce GTX 1080 Ti GAMING X 11G / GTX 1080 TI GAMING X / GTX 1080 TI GAMING X 11G,,True,,True,250 W,,,
346,1.785 GHz,GeForce GTX 1660,Black,1.53 GHz,False,,,,3,True,1,PCI-Express x16,"173.4 mm / 6.827""",Zotac,6 GB,GDDR5,,,,ZT-T16600F-10L,,False,,True,120 W,,,
347,,GeForce GT 730,Black / Silver,700 MHz,False,,,1,,True,1,PCI-Express x16,"152 mm / 5.984""",MSI,2 GB,DDR3,,,,N730-2GD3,,False,,,49 W,1,,
348,1.545 GHz,Radeon RX 590,Black,1.469 GHz,4-way CrossFire,1,,,1,True,1,PCI-Express x16,"255 mm / 10.039""",PowerColor,8 GB,GDDR5,,,,AXRX 590 8GBD5-DHD,,False,True,,225 W,,,
349,1.89 GHz,GeForce RTX 2080,Black,1.515 GHz,False,,,,3,True,3,PCI-Express x16,"290 mm / 11.417""",Gigabyte,8 GB,GDDR6,,,,GV-N2080AORUS X-8GC,,True,,True,215 W,,,
350,1.835 GHz,GeForce GTX 1060 3GB,Black,1.607 GHz,False,1,,,3,True,1,PCI-Express x16,"173 mm / 6.811""",EVGA,3 GB,GDDR5,,,,03G-P4-6162 / 03G-P4-6162-KR,,False,,True,120 W,,,
351,,GeForce GT 730,White,700 MHz,False,,,1,,True,1,PCI-Express x16,"145 mm / 5.709""",MSI,4 GB,DDR3,,,,N730-4GD3V2,,False,,,49 W,1,,
352,1.565 GHz,Radeon RX 590,Black,1.469 GHz,4-way CrossFire,1,,,2,True,2,PCI-Express x16,"298 mm / 11.732""",Asus,8 GB,GDDR5,,,,ROG-STRIX-RX590-8G-GAMING,,False,True,,225 W,,,
353,1.35 GHz,Radeon RX 580,Black / Red,1.257 GHz,4-way CrossFire,1,,,3,True,1,PCI-Express x16,"255 mm / 10.039""",PowerColor,8 GB,GDDR5,,,,AXRX 580 8GBD5-3DHD/OC,,False,True,,185 W,,,
354,1.62 GHz,GeForce RTX 2070,Black,1.41 GHz,False,1,,,3,True,1,PCI-Express x16,"266.7 mm / 10.5""",PNY,8 GB,GDDR6,,,,VCG20708BLMPB,,False,,True,185 W,,,
355,1.31 GHz,Radeon RX 570,Black,1.168 GHz,4-way CrossFire,2,,,1,True,1,PCI-Express x16,"240 mm / 9.449""",Asus,4 GB,GDDR5,,,,ROG-STRIX-RX570-O4G-GAMING / STRIX-RX570-O4G-GAMING / 90YV0AJ0-M0NA00,,False,True,,150 W,,,
356,1.725 GHz,GeForce RTX 2070,Clear / Black,1.41 GHz,False,,,,3,True,1,PCI-Express x16,"269.2 mm / 10.598""",EVGA,8 GB,GDDR6,,,,08G-P4-2173-KR,,False,,True,185 W,,,1
357,1.71 GHz,GeForce RTX 2060,Black / Silver,1.365 GHz,False,,,,2,True,2,PCI-Express x16,"268 mm / 10.551""",Asus,6 GB,GDDR6,,,,TURBO-RTX2060-6G / 90YV0CM0-M0NA00,,False,,True,160 W,,,
358,1.65 GHz,GeForce RTX 2070,Black / Silver,1.41 GHz,False,,,,2,True,2,PCI-Express x16,"268 mm / 10.551""",Asus,8 GB,GDDR6,,,,TURBO-RTX2070-8G-EVO,,False,,True,185 W,,,
359,1.89 GHz,GeForce GTX 1660 Ti,Black,1.5 GHz,False,,,,2,True,2,PCI-Express x16,"301 mm / 11.85""",Asus,6 GB,GDDR6,,,,ROG-STRIX-GTX1660TI-O6G-GAMING,,False,,True,120 W,,,
360,1.47 GHz,Quadro P2000,Black,1.37 GHz,False,,,,4,True,,PCI-Express x16,"201 mm / 7.913""",PNY,5 GB,GDDR5,,,,VCQP2000-PB,,False,,,75 W,,,
361,1.417 GHz,GeForce GTX 1050 Ti,Black,1.303 GHz,False,1,,,1,True,1,PCI-Express x16,"145 mm / 5.709""",Zotac,4 GB,GDDR5,,,,ZT-P10510A-10L,,False,,True,75 W,,,
362,1.203 GHz,Radeon RX 550 - 512,Black / Silver,1.183 GHz,True,1,,,1,True,1,PCI-Express x16,"155 mm / 6.102""",MSI,4 GB,GDDR5,,,,RX 550 AERO ITX 4G OC,,False,True,,75 W,,,
363,,GeForce RTX 2080 Ti,Black,,False,,,,2,True,1,PCI-Express x16,"269 mm / 10.591""",Asus,11 GB,GDDR6,,,,TURBO-RTX2080TI-11G,,True,,True,250 W,,,
364,1.83 GHz,GeForce GTX 1660,Black,1.53 GHz,False,1,,,1,True,1,PCI-Express x16,"189.89 mm / 7.476""",EVGA,6 GB,GDDR5,,,,06G-P4-1163-KR,,False,,True,120 W,,,
365,,GeForce GT 710,Black,954 MHz,False,1,,,,True,1,PCI-Express x8,"115 mm / 4.528""",EVGA,1 GB,DDR3,,,,01G-P3-2711-KR,,False,,,19 W,1,,
366,,Quadro K2200,Black / Green,1.046 GHz,False,,,1,2,True,,PCI-Express x16,"202 mm / 7.953""",PNY,4 GB,GDDR5,,,,VCQK2200-PB,,False,,,35 W,,,
367,1.759 GHz,GeForce GTX 1060 6GB,Black,1.544 GHz,False,1,,,3,True,1,PCI-Express x16,"252 mm / 9.921""",PNY,6 GB,GDDR5,,,,VCGGTX10606XGPB-OC2,,False,,True,120 W,,,
368,1.075 GHz,GeForce GTX Titan X,Black / Silver,1 GHz,False,,,1,3,True,1,PCI-Express x16,"282 mm / 11.102""",EVGA,12 GB,GDDR5,,,,12G-P4-2990-KR,,4-way SLI,,True,250 W,,,
369,1.544 GHz,GeForce GT 1030,Black,1.29 GHz,False,1,,,,True,1,PCI-Express x16,"145 mm / 5.709""",EVGA,2 GB,GDDR5,,,,02G-P4-6333-KR,,False,,,30 W,,,
370,1.683 GHz,GeForce GTX 1070 Ti,,1.607 GHz,False,1,,,3,True,1,PCI-Express x16,"211 mm / 8.307""",Zotac,8 GB,GDDR5,,,,ZT-P10710G-10P,,True,,True,180 W,,,
371,1.295 GHz,Radeon RX 570,Black / Orange,1.168 GHz,4-way CrossFire,1,,,3,True,1,PCI-Express x16,"232 mm / 9.134""",Gigabyte,4 GB,GDDR5,,,,GV-RX570AORUS-4GD,,False,True,,150 W,,,
372,1.512 GHz,Radeon RX VEGA 56,Black / Red,1.208 GHz,4-way CrossFire,,,,3,True,1,PCI-Express x16,"282 mm / 11.102""",Sapphire,8 GB,HBM2,,,,11276-02-40G / 100420PSR,,False,True,,180 W,,,
373,,Radeon RX 560 - 896,Black / Red,1.196 GHz,True,1,,,1,True,1,PCI-Express x16,"211 mm / 8.307""",XFX,2 GB,GDDR5,,,,RX-560D2SFG5,,False,True,,75 W,,,
374,1.71 GHz,GeForce RTX 2080,Clear / Black,1.515 GHz,False,,,,3,True,1,PCI-Express x16,"269.2 mm / 10.598""",EVGA,8 GB,GDDR6,,,,08G-P4-2081-KR,,True,,True,215 W,,,1
375,1.32 GHz,Radeon RX 570,Black / Red,1.168 GHz,4-way CrossFire,1,,,3,True,1,PCI-Express x16,"310 mm / 12.205""",PowerColor,4 GB,GDDR5,,,,AXRX 570 4GBD5-3DH/OC,,False,True,,150 W,,,
376,,GeForce RTX 2080,Black,,False,,,,3,True,1,PCI-Express x16,"285.5 mm / 11.24""",Gigabyte,8 GB,GDDR6,,,,GV-N2080GAMING OC-8GC,,True,,True,215 W,,,
377,1.835 GHz,GeForce GTX 1060 6GB,Black / Gray,1.607 GHz,False,1,,,3,True,1,PCI-Express x16,"173 mm / 6.811""",EVGA,6 GB,GDDR5,,,,06G-P4-6163-KR,,False,,True,120 W,,,
378,1.683 GHz,GeForce GTX 1070,Black / Silver,1.506 GHz,False,1,,,3,True,1,PCI-Express x16,"267 mm / 10.512""",NVIDIA,8 GB,GDDR5,,,,9001G4112520001,,True,,True,150 W,,,
379,1.708 GHz,GeForce GTX 1070,Black / Silver,1.518 GHz,False,1,,,3,True,1,PCI-Express x16,"210 mm / 8.268""",Zotac,8 GB,GDDR5,,,,ZT-P10700G-10M,,True,,True,150 W,,,
380,1.206 GHz,Radeon RX 550 - 512,Black,1.1 GHz,True,1,,,1,True,1,PCI-Express x16,"180 mm / 7.087""",Sapphire,4 GB,GDDR5,,,,11268-09-20G / 100414P4GLP,,False,True,,65 W,,,
381,1.809 GHz,GeForce GTX 1060 6GB,Black / Red,1.506 GHz,False,1,,,3,True,1,PCI-Express x16,"277 mm / 10.906""",MSI,6 GB,GDDR5,,,,GEFORCE GTX 1060 GAMING X 6G / GTX 1060 GAMING X 6G,,False,,True,120 W,,,
382,1.847 GHz,GeForce GTX 1080,Black / Red,1.607 GHz,False,1,,,3,True,1,PCI-Express x16,"279 mm / 10.984""",MSI,8 GB,GDDR5X,,,,GTX 1080 GAMING X 8G / GeForce GTX 1080 GAMING X 8G,,True,,True,180 W,,,
383,1.83 GHz,GeForce RTX 2080,White / Black,1.71 GHz,False,,,,3,True,1,PCI-Express x16,"286.5 mm / 11.28""",Gigabyte,8 GB,GDDR6,,,,GV-N2080GAMINGOC WHITE-8GC,,True,,True,215 W,,,1
384,1.38 GHz,Radeon RX 580,Black / White,1.257 GHz,4-way CrossFire,,,1,2,True,2,PCI-Express x16,"242 mm / 9.528""",Asus,4 GB,GDDR5,,,,DUAL-RX580-O4G,,False,True,,185 W,,,
385,1.75 GHz,Radeon VII,Silver,1.4 GHz,False,,,,3,True,1,PCI-Express x16,"267 mm / 10.512""",Asus,16 GB,HBM2,,,,RADEONVII-16G,,False,True,,295 W,,,
386,,GeForce GTX 780,Black / Silver,941 MHz,False,1,,1,1,True,1,PCI-Express x16,"266 mm / 10.472""",EVGA,3 GB,GDDR5,,,,03G-P4-2783-KR,,3-way SLI,,True,250 W,,,
387,1.38 GHz,Radeon RX 580,,1.257 GHz,4-way CrossFire,1,,,2,True,2,PCI-Express x16,"242 mm / 9.528""",Asus,8 GB,GDDR5,,,,AREZ-DUAL-RX580-O8G,,False,True,,185 W,,,
388,1.355 GHz,GeForce GTX 950,Black / Red,1.165 GHz,False,1,,1,1,True,1,PCI-Express x16,"221 mm / 8.701""",Asus,2 GB,GDDR5,,,STRIX-GTX950-DC2OC-2GD5-GAMING,STRIX-GTX950-DC2OC-2 / STRIX-GTX950-DC2OC-2GD5-GAMING,,True,,True,90 W,,,
389,1.06 GHz,Radeon R9 390,Black / Red,1 GHz,4-way CrossFire,2,,,1,True,1,PCI-Express x16,"277 mm / 10.906""",MSI,8 GB,GDDR5,,,,R9 390 GAMING 8G / V308-041R,,False,True,,275 W,,,
390,1.176 GHz,Radeon RX 560 - 896,Black,,True,1,,,1,True,1,PCI-Express x16,"225 mm / 8.858""",PowerColor,4 GB,GDDR5,,,,AXRX 560 4GBD5-DHA,,False,True,,75 W,,,
391,1.607 GHz,Radeon RX VEGA 64,Red / Black,1.417 GHz,4-way CrossFire,,,,2,True,2,PCI-Express x16,"316 mm / 12.441""",PowerColor,8 GB,HBM2,,,,AXRX VEGA 64 8GBHBM2-2D2H/OC,,False,True,,295 W,,,
392,,Radeon RX 570,Black / Red,1.328 GHz,4-way CrossFire,1,,,3,True,1,PCI-Express x16,"243 mm / 9.567""",XFX,8 GB,GDDR5,,,,RX-570P8DBD6,,False,True,,150 W,,,
393,1.771 GHz,GeForce GTX 1060 6GB,Black / Silver,1.556 GHz,False,1,,,3,True,1,PCI-Express x16,"210 mm / 8.268""",Zotac,6 GB,GDDR5,,,,ZT-P10600B-10M,,False,,True,120 W,,,
394,1.873 GHz,GeForce GTX 1060 6GB,Black,1.62 GHz,False,1,,,2,True,2,PCI-Express x16,"298 mm / 11.732""",Asus,6 GB,GDDR5,,,,ROG STRIX-GTX1060-O6G-GAMING / STRIX-GTX1060-O6G-GAMING / 90YV09Q0-M0NA00,,False,,True,120 W,,,
395,1.582 GHz,GeForce GTX 1080 Ti,Black / Silver,1.48 GHz,False,,,,3,True,1,PCI-Express x16,"267 mm / 10.512""",EVGA,11 GB,GDDR5X,,,,11G-P4-5390-KR,,True,,True,250 W,,,
396,,GeForce 8400 GS,Black / Green,520 MHz,False,,,1,,True,1,PCI-Express x16,"158 mm / 6.22""",EVGA,1 GB,DDR3,,,,01G-P3-1302-LR,,False,,,30 W,1,,
397,1.392 GHz,GeForce GTX 1050 Ti,Black / White,1.29 GHz,False,1,,,1,True,1,PCI-Express x16,"195 mm / 7.677""",Inno3D,4 GB,GDDR5,,,,N105T-1DDV-M5CM,,False,,True,75 W,,,
398,1.56 GHz,Radeon RX 590,Black / Red,1.469 GHz,4-way CrossFire,1,,,2,True,2,PCI-Express x16,"278.81 mm / 10.977""",ASRock,8 GB,GDDR5,,,,PHANTOM GXR RX590 8G OC / RX590 8G OC,,False,True,,225 W,,,
399,1.683 GHz,GeForce GTX 1070 Ti,Silver / Black,1.607 GHz,False,1,,,3,True,1,PCI-Express x16,"267 mm / 10.512""",NVIDIA,8 GB,GDDR5,,,,900-1G411-2510-000,,True,,True,180 W,,,
400,1.708 GHz,GeForce GTX 1060 6GB,Black / Gray,1.506 GHz,False,1,,,3,True,1,PCI-Express x16,"173 mm / 6.811""",EVGA,6 GB,GDDR5,,,,06G-P4-6161-KR,,False,,True,120 W,,,
401,1.576 GHz,Radeon RX 590,Black / Red,1.469 GHz,4-way CrossFire,1,,,3,True,1,PCI-Express x16,"255 mm / 10.039""",PowerColor,8 GB,GDDR5,,,,AXRX 590 8GBD5-3DH/OC,,False,True,,225 W,,,
402,1.815 GHz,GeForce RTX 2080,Black / Clear,1.515 GHz,False,,,,3,True,1,PCI-Express x16,"269.83 mm / 10.623""",EVGA,8 GB,GDDR6,,,,08G-P4-2187-KR,,True,,True,215 W,,,1
403,1.845 GHz,GeForce GTX 1660,Black,1.53 GHz,False,1,,,1,True,1,PCI-Express x16,"267.97 mm / 10.55""",EVGA,6 GB,GDDR5,,,,06G-P4-1167-KR,,False,,True,120 W,,,
404,1.518 GHz,GeForce GTX 1050,Black / White,1.404 GHz,False,1,,,1,True,1,PCI-Express x16,"177 mm / 6.969""",MSI,2 GB,GDDR5,,,,GTX 1050 2G OC / GeForce GTX 1050 2G OC / G10502C,,False,,True,75 W,,,
405,1.59 GHz,Radeon RX VEGA 64,Black / Red,1.247 GHz,4-way CrossFire,1,,,2,True,2,PCI-Express x16,"298 mm / 11.732""",Asus,8 GB,HBM2,,,,ROG-STRIX-RXVEGA64-O8G-GAMING / 90YV0B00-M0NM00,,False,True,,295 W,,,
406,1.62 GHz,GeForce RTX 2070,Black / Clear,1.41 GHz,False,,,,3,True,1,PCI-Express x16,"269.2 mm / 10.598""",EVGA,8 GB,GDDR6,,,,08G-P4-2071-KR,,False,,True,185 W,,,1
407,1.355 GHz,GeForce GTX 950,Black,1.165 GHz,False,,,1,3,True,1,PCI-Express x16,"257 mm / 10.118""",EVGA,2 GB,GDDR5,,,,02G-P4-2956-KR,,True,,True,90 W,,,
408,1.86 GHz,GeForce GTX 1080,Black / Silver,1.721 GHz,False,1,,,3,True,1,PCI-Express x16,"267 mm / 10.512""",EVGA,8 GB,GDDR5X,,,,08G-P4-6288-KR,,True,,True,215 W,,,
409,1.366 GHz,Radeon RX 580,Black,1.257 GHz,4-way CrossFire,1,,,2,True,2,PCI-Express x16,"230 mm / 9.055""",Sapphire,8 GB,GDDR5,,,,11265-05-20G / 100411P8GOCL,,False,True,,225 W,,,
410,1.62 GHz,GeForce RTX 2070,Black / Silver,1.41 GHz,False,1,,,3,True,1,PCI-Express x16,"268 mm / 10.551""",Zotac,8 GB,GDDR6,,,,ZT-T20700A-10P,,False,,True,185 W,,,
411,1.038 GHz,Quadro M5000,Black / Green,861 MHz,False,,,,4,True,,PCI-Express x16,"267 mm / 10.512""",PNY,8 GB,GDDR5,,,,VCQM5000-PB,,4-way SLI,,,150 W,,,
412,1.355 GHz,Radeon RX 580,Black / Orange,1.257 GHz,4-way CrossFire,1,,,3,True,1,PCI-Express x16,"232 mm / 9.134""",Gigabyte,4 GB,GDDR5,,,,GV-RX580GAMING-4GD,,False,True,,185 W,,,
413,1.455 GHz,GeForce GTX 1050,Black,1.354 GHz,False,1,,,1,True,1,PCI-Express x16,"145 mm / 5.709""",Zotac,2 GB,GDDR5,,,,ZT-P10500A-10L,,False,,True,75 W,,,
414,1.67 GHz,GeForce GTX 1080 Ti,Black,1.556 GHz,False,1,,,3,True,1,PCI-Express x16,"267 mm / 10.512""",EVGA,11 GB,GDDR5X,,,,11G-P4-6393-KR,,True,,True,250 W,,,
415,1.6 GHz,Vega Frontier Edition Liquid,Gold / Blue,1.5 GHz,4-way CrossFire,,,,3,True,1,PCI-Express x16,"267 mm / 10.512""",AMD,16 GB,HBM2,,,,100-506062 / 100-5056062,,False,True,,375 W,,,
416,1.38 GHz,Radeon RX 580,Black / Orange,1.257 GHz,4-way CrossFire,1,,,3,True,1,PCI-Express x16,"232 mm / 9.134""",Gigabyte,4 GB,GDDR5,,,,GV-RX580AORUS-4GD,,False,True,,185 W,,,
417,,GeForce GTS 450,Black / Silver,700 MHz,False,,,1,,True,1,PCI-Express x16,"146 mm / 5.748""",MSI,1 GB,DDR3,,,,N450GTS-MD1GD3,,True,,,106 W,1,,
418,1.62 GHz,GeForce RTX 2070,Black / Clear,1.41 GHz,False,,,,3,True,1,PCI-Express x16,"269.83 mm / 10.623""",EVGA,8 GB,GDDR6,,,,08G-P4-1171-KR,,False,,True,185 W,,,1
419,1.268 GHz,Radeon RX 570,Black / White,1.168 GHz,4-way CrossFire,1,,,3,True,1,PCI-Express x16,"246 mm / 9.685""",MSI,8 GB,GDDR5,,,,RX 570 ARMOR 8G OC,,False,True,,150 W,,,
420,1.38 GHz,GeForce GTX 980,Black,1.279 GHz,False,1,,1,1,True,1,PCI-Express x16,"269 mm / 10.591""",EVGA,4 GB,GDDR5,,,,04G-P4-2986-KR,,4-way SLI,,True,165 W,,,
421,1.43 GHz,GeForce GT 1030,Black / White,1.189 GHz,False,,1,,,True,1,PCI-Express x16,"147 mm / 5.787""",MSI,2 GB,DDR4,,,,GT 1030 AERO ITX 2GD4 OC / GEFORCE GT 1030 AERO ITX 2GD4 OC,,False,,,20 W,,,
422,1.74 GHz,GeForce RTX 2070,White / Black,1.62 GHz,False,,,,3,True,1,PCI-Express x16,"280.35 mm / 11.037""",Gigabyte,8 GB,GDDR6,,,,GV-N2070GAMINGOC WHITE-8GC,,False,,True,185 W,,,1
423,1.518 GHz,GeForce GTX 1050,Black / White,1.404 GHz,False,1,,,1,True,1,PCI-Express x16,"155 mm / 6.102""",MSI,2 GB,GDDR5,,,,GTX 1050 AERO ITX 2G OC,,False,,True,75 W,,,
424,1.197 GHz,Radeon RX 560 - 896,Black,1.149 GHz,True,1,,,1,True,1,PCI-Express x16,"194 mm / 7.638""",Asus,4 GB,GDDR5,,,,ROG-STRIX-RX560-O4G-EVO-GAMING,,False,True,,75 W,,,
425,1.797 GHz,GeForce GTX 1070,Black / Gray,1.607 GHz,False,1,,,3,True,1,PCI-Express x16,"267 mm / 10.512""",EVGA,8 GB,GDDR5,,,,08G-P4-6676-KR,,True,,True,215 W,,,
426,1.733 GHz,GeForce GTX 1080,White / Black,1.607 GHz,False,1,,,3,True,1,PCI-Express x16,"267 mm / 10.512""",EVGA,8 GB,GDDR5X,,,,08G-P4-6581-KR,,True,,True,180 W,,,
427,1.815 GHz,GeForce GTX 1660 Ti,Black,1.5 GHz,False,1,,,1,True,1,PCI-Express x16,"167.894 mm / 6.61""",PNY,6 GB,GDDR6,,,,VCG1660T6SFPPB-O,,False,,True,120 W,,,
428,,GeForce RTX 2070,Black / Silver,1.62 GHz,False,,,,3,True,1,PCI-Express x16,"280.35 mm / 11.037""",Gigabyte,8 GB,GDDR6,,,,GV-N2070WF3-8GC,,False,,True,185 W,,,1
429,1.71 GHz,GeForce RTX 2080,Black,1.515 GHz,False,,,,3,True,1,PCI-Express x16,"266.7 mm / 10.5""",PNY,8 GB,GDDR6,,,,VCG20808BLMPB,,True,,True,215 W,,,1
430,1.18 GHz,Quadro M2000,Black,872 MHz,False,,,,4,True,,PCI-Express x16,"168 mm / 6.614""",PNY,4 GB,GDDR5,,,,VCQM2000-PB,,True,,,75 W,,,
431,,GeForce RTX 2080 Ti,Black,1.35 GHz,False,,,,3,True,3,PCI-Express x16,"290 mm / 11.417""",Gigabyte,11 GB,GDDR6,,,,GV-N208TAORUS X-11GC,,True,,True,250 W,,,
432,1.219 GHz,Radeon Pro WX 3100,Blue,925 MHz,False,,,,1,True,,PCI-Express x16,"145 mm / 5.709""",AMD,4 GB,GDDR5,2,,,100-505999,,False,True,,65 W,,,
433,1.34 GHz,Radeon RX 580,Black / Red,1.257 GHz,4-way CrossFire,,,,3,True,1,PCI-Express x16,"243 mm / 9.567""",MSI,8 GB,GDDR5,,,,RX 580 8G,,False,True,,185 W,,,
434,1.493 GHz,GeForce GTX 1050 Ti,Black,1.379 GHz,False,1,,,1,True,1,PCI-Express x16,"257 mm / 10.118""",EVGA,4 GB,GDDR5,,,,04G-P4-6258-KR,,False,,True,120 W,,,
435,1.279 GHz,GeForce GTX 960,Black / Silver,1.216 GHz,False,1,,1,1,True,1,PCI-Express x16,"173 mm / 6.811""",EVGA,4 GB,GDDR5,,,,04G-P4-3962-KR,,True,,True,120 W,,,
436,1.501 GHz,Radeon RX VEGA 56,Black / Orange,1.156 GHz,4-way CrossFire,,,,3,True,3,PCI-Express x16,"274 mm / 10.787""",Gigabyte,8 GB,HBM2,,,,GV-RXVEGA56GAMING OC-8GD,,False,True,,210 W,,,
437,1.733 GHz,GeForce GTX 1080,Black / Silver,1.607 GHz,False,1,,,2,True,2,PCI-Express x16,"267 mm / 10.512""",Asus,8 GB,GDDR5X,,,,TURBO-GTX1080-8G,,True,,True,180 W,,,
438,1.455 GHz,GeForce GTX 1050,Black,1.354 GHz,False,1,,,1,True,1,PCI-Express x16,"160 mm / 6.299""",Zotac,2 GB,GDDR5,,,,ZT-P10500E-10L,,False,,True,75 W,,,
439,,GeForce GTX Titan,Black / Silver,836 MHz,False,,,2,1,True,1,PCI-Express x16,"267 mm / 10.512""",EVGA,6 GB,GDDR5,,,,06G-P4-2790-KR,,4-way SLI,,True,250 W,,,
440,1.83 GHz,GeForce GTX 1660 Ti,,1.5 GHz,False,,,,3,True,1,PCI-Express x16,"204 mm / 8.031""",MSI,6 GB,GDDR6,,,,GTX 1660 Ti VENTUS XS 6G OC / GEFORCE GTX 1660 Ti VENTUS XS 6G OC,,False,,True,120 W,,,
441,,GeForce GTX 670,Black / Silver,915 MHz,False,1,,1,1,True,1,PCI-Express x16,"241 mm / 9.488""",EVGA,2 GB,GDDR5,,,,02G-P4-2670-KR,,4-way SLI,,True,170 W,,,
442,1.75 GHz,Radeon VII,Silver,1.4 GHz,False,,,,3,True,1,PCI-Express x16,"268 mm / 10.551""",Sapphire,16 GB,HBM2,,,,21291-01-40G,,False,True,,300 W,,,
443,1.62 GHz,GeForce GTX 1080 Ti,White / Orange,1.506 GHz,False,,,,3,True,1,PCI-Express x16,"270 mm / 10.63""",Gigabyte,11 GB,GDDR5X,,,,GV-N108TTURBO-11GD,,True,,True,250 W,,,
444,1.755 GHz,GeForce RTX 2080 Ti,Black / Silver,1.35 GHz,False,,,,3,True,1,PCI-Express x16,"268 mm / 10.551""",MSI,11 GB,GDDR6,,,GeForce RTX 2080 Ti SEA HAWK X,RTX 2080 Ti SEA HAWK X / GeForce RTX 2080 Ti SEA HAWK X,,True,,True,250 W,,,1
445,1.526 GHz,Radeon RX VEGA 56,Red / Black,1.308 GHz,4-way CrossFire,,,,2,True,2,PCI-Express x16,"316 mm / 12.441""",PowerColor,8 GB,HBM2,,,,AXRX VEGA 56 8GBHBM2-2D2H/OC,,False,True,,210 W,,,
446,1.683 GHz,GeForce GTX 1070 Ti,Black / White,1.607 GHz,False,1,,,3,True,1,PCI-Express x16,"279 mm / 10.984""",PNY,8 GB,GDDR5,,,,VCGGTX1070T8PB-CG,,True,,True,180 W,,,
447,1.683 GHz,GeForce GTX 1080 Ti,,1.569 GHz,False,1,,,2,True,2,PCI-Express x16,"325 mm / 12.795""",MSI,11 GB,GDDR5X,,,,GTX 1080 Ti GAMING X TRIO,,True,,True,250 W,,,
448,1.203 GHz,Radeon RX 550 - 512,Black / Red,1.1 GHz,True,1,,,1,True,1,PCI-Express x16,"170 mm / 6.693""",XFX,4 GB,GDDR5,,,,RX-550P4SFG5,,False,True,,75 W,,,
449,,Radeon RX 570,Black / Red,1.286 GHz,4-way CrossFire,1,,,3,True,1,PCI-Express x16,"243 mm / 9.567""",XFX,8 GB,GDDR5,,,,RX-570P8DFD6,,False,True,,150 W,,,
450,1.68 GHz,GeForce GTX 1650,Black / Silver,1.665 GHz,False,,,,1,True,2,PCI-Express x16,"152 mm / 5.984""",Gigabyte,4 GB,GDDR5,,,,GV-N1650IXOC-4GD,,False,,True,75 W,,,
451,1.65 GHz,GeForce RTX 2070,Black,1.41 GHz,False,,,,2,True,2,PCI-Express x16,"300.5 mm / 11.831""",Asus,8 GB,GDDR6,,,,ROG-STRIX-RTX2070-8G-GAMING,,False,,True,185 W,,,1
452,1.683 GHz,GeForce GTX 1070,Black / Silver,1.506 GHz,False,1,,,3,True,1,PCI-Express x16,"266.7 mm / 10.5""",EVGA,8 GB,GDDR5,,,,08G-P4-5171-KR,,True,,True,150 W,,,
453,1.518 GHz,GeForce GT 1030,Black,1.265 GHz,False,,,,1,True,1,PCI-Express x16,"159 mm / 6.26""",MSI,2 GB,GDDR5,,,,GT 1030 2G LP OC,,False,,,30 W,,,
454,1.275 GHz,Radeon RX 560 - 1024,Black,1.196 GHz,True,1,,,1,True,1,PCI-Express x16,,MSI,4 GB,GDDR5,,,,Radeon RX 560 4GT LP OC,,False,True,,60 W,,,
455,,FirePro S9050,Black / Silver,900 MHz,False,,,,1,False,,PCI-Express x16,"254 mm / 10""",ATI,12 GB,GDDR5,,,FirePro S9050,100-505878,,False,,,225 W,,,
456,1.74 GHz,GeForce RTX 2070,Black,1.41 GHz,False,,,,3,True,1,PCI-Express x16,"268 mm / 10.551""",Zotac,8 GB,GDDR6,,,,ZT-T20700D-10P,,False,,True,185 W,,,1
457,1.845 GHz,GeForce RTX 2070,Black,1.41 GHz,False,,,,2,True,2,PCI-Express x16,"305 mm / 12.008""",Asus,8 GB,GDDR6,,,,ROG-STRIX-RTX2070-O8G-GAMING / 90YV0C90-M0NA00,,False,,True,185 W,,,1
458,,GeForce GTX Titan,Black / Silver,876 MHz,False,1,,1,1,True,1,PCI-Express x16,"266 mm / 10.472""",EVGA,6 GB,GDDR5,,,,06G-P4-2791-KR,,4-way SLI,,True,250 W,,,
459,1.721 GHz,GeForce GTX 1080 Ti,Black / Silver,1.607 GHz,False,1,,,3,True,1,PCI-Express x16,"325 mm / 12.795""",Zotac,11 GB,GDDR5X,,,,ZT-P10810F-10P,,True,,True,320 W,,,
460,1.683 GHz,GeForce GTX 1080 Ti,Silver,1.569 GHz,False,1,,,3,True,1,PCI-Express x16,"300 mm / 11.811""",EVGA,11 GB,GDDR5X,,,,11G-P4-6696-KR,,True,,True,250 W,,,
461,1.354 GHz,Quadro P620,Black,1.266 GHz,False,,,,,True,,PCI-Express x16,"145 mm / 5.709""",PNY,2 GB,GDDR5,4,,,VCQP620-PB,,False,,,40 W,,,
462,1.635 GHz,GeForce RTX 2080 Ti,Black / Clear,1.35 GHz,False,,,,3,True,1,PCI-Express x16,"269.2 mm / 10.598""",EVGA,11 GB,GDDR6,,,,11G-P4-2384-KR,,True,,True,250 W,,,1
463,1.83 GHz,GeForce RTX 2060,Black,1.365 GHz,False,,,,3,True,1,PCI-Express x16,"280.35 mm / 11.037""",Gigabyte,6 GB,GDDR6,,,,GV-N2060GAMINGOC PRO-6GD,,False,,True,160 W,,,
464,1.86 GHz,GeForce RTX 2080,Black,1.515 GHz,False,,,,3,True,1,PCI-Express x16,"324 mm / 12.756""",Zotac,8 GB,GDDR6,,,,ZT-T20800C-10P,,True,,True,215 W,,,1
465,,GeForce GTX 650,Black / Silver,1.058 GHz,False,1,,1,,True,,PCI-Express x16,"170 mm / 6.693""",EVGA,1 GB,GDDR5,,1,,01G-P4-2650-KR,,False,,,64 W,,,
466,1.721 GHz,GeForce GTX 1070 Ti,Black / Orange,1.607 GHz,False,1,,,3,True,1,PCI-Express x16,"280 mm / 11.024""",Gigabyte,8 GB,GDDR5,,,,GV-N107TGAMING-8GD,,True,,True,180 W,,,
467,1.721 GHz,GeForce GTX 1070,Black / White,1.531 GHz,False,1,,,2,True,2,PCI-Express x16,"175 mm / 6.89""",MSI,8 GB,GDDR5,,,,GTX 1070 AERO ITX 8G OC,,True,,True,150 W,,,
468,1.835 GHz,GeForce GTX 1070,Black / Gray,1.632 GHz,False,1,,,3,True,1,PCI-Express x16,"285 mm / 11.22""",Palit,8 GB,GDDR5X,,,,NE51070S15P2-1041J,,True,,True,170 W,,,
469,1.77 GHz,GeForce RTX 2080 Ti,Black / Silver,1.545 GHz,False,,,,3,True,3,PCI-Express x16,"290 mm / 11.417""",Gigabyte,11 GB,GDDR6,,,,GV-N208TAORUSX W-11GC,,True,,True,250 W,,,1
470,1.86 GHz,GeForce RTX 2080,Clear / Black,1.515 GHz,False,,,,3,True,1,PCI-Express x16,"301.925 mm / 11.887""",EVGA,8 GB,GDDR6,,,,08G-P4-2287-KR,,True,,True,215 W,,,1
471,,GeForce GT 710,Black,954 MHz,False,1,,,,False,1,PCI-Express x16,"146 mm / 5.748""",MSI,2 GB,DDR3,,,,GT 710 2GD3H LP,,False,,,19 W,1,,
472,,FirePro S9150,Black / White,900 MHz,False,,,,,False,,PCI-Express x16,"267 mm / 10.512""",ATI,16 GB,GDDR5,,,FirePro S9150,100-505884,,False,,,235 W,,,
473,1.83 GHz,GeForce RTX 2060,Black / Gray,1.365 GHz,False,,,,3,True,1,PCI-Express x16,"247 mm / 9.724""",MSI,6 GB,GDDR6,,,,RTX 2060 GAMING Z 6G / GeForce RTX 2060 GAMING Z 6G / V375-008R,,False,,True,160 W,,,
474,,Radeon HD 5450,Red / Silver,650 MHz,True,,,1,,False,1,PCI-Express x16,"152 mm / 5.984""",Diamond,1 GB,GDDR3,,,,5450PE31G,,False,,,19 W,1,,
475,1.755 GHz,GeForce RTX 2060,Black,1.365 GHz,False,,,,3,True,1,PCI-Express x16,"225.65 mm / 8.884""",Gigabyte,6 GB,GDDR6,,,,GV-N2060OC-6GD,,False,,True,160 W,,,
476,1.68 GHz,GeForce RTX 2060,Black / Silver,1.365 GHz,False,1,,,2,True,2,PCI-Express x16,"270 mm / 10.63""",Asus,6 GB,GDDR6,,,,DUAL-RTX2060-A6G / 90YV0CM2-M0NA00,,False,,True,160 W,,,
477,1.206 GHz,Radeon Pro WX 5100,Blue,926 MHz,True,,,,4,True,,PCI-Express x16,"173 mm / 6.811""",AMD,8 GB,GDDR5,,,,RADEON PRO WX 5100 / 100-505940,,False,True,,75 W,,,
478,1.386 GHz,Radeon RX 580,,1.257 GHz,4-way CrossFire,1,,,3,True,1,PCI-Express x16,"270 mm / 10.63""",XFX,4 GB,GDDR5,,,,RX-580P4DFD6,,False,True,,185 W,,,
479,,Radeon HD 6450,Red / Silver,625 MHz,False,,,1,,False,1,PCI-Express x16,,Diamond,1 GB,GDDR3,,,,6450PE31G,,False,,,27 W,1,,
480,1.785 GHz,GeForce RTX 2080,Black,1.71 GHz,False,,,,3,True,1,PCI-Express x16,"272 mm / 10.709""",Gigabyte,8 GB,GDDR6,,,,GV-N2080TURBO OC-8GC,,True,,True,215 W,,,1
481,1.62 GHz,GeForce RTX 2070,Black,1.41 GHz,False,,,,3,True,1,PCI-Express x16,"307 mm / 12.087""",MSI,8 GB,GDDR6,,,,GeForce RTX 2070 GAMING 8G / RTX 2070 GAMING 8G,,False,,True,185 W,,,1
482,1.226 GHz,Radeon RX 560 - 896,Black / Red,1.175 GHz,True,1,,,1,True,1,PCI-Express x16,"210 mm / 8.268""",Sapphire,4 GB,GDDR5,,,,11267-18-20G / 100413P4GOC-2L,,False,True,,75 W,,,
483,,Quadro K600,Black / Green,876 MHz,False,,,1,1,True,,PCI-Express x16,"160 mm / 6.299""",HP,1 GB,DDR3,,,,C2J92AA,,False,,,41 W,,,
484,1.86 GHz,GeForce GTX 1660 Ti,Black,1.5 GHz,False,1,,,1,True,1,PCI-Express x16,"267.97 mm / 10.55""",EVGA,6 GB,GDDR6,,,,06G-P4-1267-KR,,False,,True,160 W,,,
485,1.531 GHz,GeForce GTX 1050,Black,1.417 GHz,False,1,,,1,True,1,PCI-Express x16,"145 mm / 5.709""",EVGA,2 GB,GDDR5,,,,02G-P4-6152-KR,,False,,True,75 W,,,
486,,GeForce GT 520,Black,810 MHz,False,,,1,,True,1,PCI-Express x16,"144 mm / 5.669""",EVGA,2 GB,DDR3,,,,02G-P3-1529-KR,,False,,,29 W,1,,
487,,Quadro NVS 295,Black / Green,540 MHz,False,,,,2,False,,PCI-Express x16,"168 mm / 6.614""",PNY,256 MB,GDDR3,,,,VCQ295NVS-X16-DVI-PB,,False,,,23 W,,,
488,1.284 GHz,Radeon RX 570,Black,1.168 GHz,4-way CrossFire,1,,,2,True,2,PCI-Express x16,"230 mm / 9.055""",Sapphire,4 GB,GDDR5,,,,11266-04-20G / 100412P4GOCL,,False,True,,180 W,,,
489,,GeForce GTX 460,Black,867 MHz,False,,,2,,True,,PCI-Express x16,"209 mm / 8.228""",EVGA,1 GB,GDDR5,,1,,01G-P3-1363-KR,,True,,,150 W,,,
490,1.74 GHz,GeForce GTX 1650,Black / White,1.485 GHz,False,1,,,1,True,1,PCI-Express x16,"170 mm / 6.693""",MSI,4 GB,GDDR5,,,,GeForce GTX 1650 AERO ITX 4G OC / GTX 1650 AERO ITX 4G OC,,False,,True,75 W,,,
491,1.425 GHz,Radeon RX 580,Black / White,1.405 GHz,4-way CrossFire,1,,,3,True,1,PCI-Express x16,"279.4 mm / 11""",XFX,8 GB,GDDR5,,,,RX-580P8DBRR,,False,True,,185 W,,,
492,,Radeon R7 240,Black / Red,730 MHz,True,,1,,,True,1,PCI-Express x16,"159 mm / 6.26""",Asus,2 GB,DDR3,,,,R7240-2GD3-L,,False,,,30 W,1,,
493,1.683 GHz,GeForce GTX 1070,Black / Silver,1.506 GHz,False,1,,,2,True,2,PCI-Express x16,"267 mm / 10.512""",Asus,8 GB,GDDR5,,,,TURBO-GTX1070-8G / 90YV09P0-M0NA00,,True,,True,150 W,,,
494,1.785 GHz,GeForce RTX 2060,Black / Silver,1.365 GHz,False,,,,2,True,2,PCI-Express x16,"270 mm / 10.63""",Asus,6 GB,GDDR6,,,,DUAL-RTX2060-O6G / 90YV0CM1-M0NA00,,False,,True,160 W,,,
495,1.582 GHz,GeForce GTX 1080 Ti,Black / Silver,1.48 GHz,False,,,,3,True,1,PCI-Express x16,"267 mm / 10.512""",EVGA,11 GB,GDDR5X,,,,11G-P4-6390-KR,,True,,True,250 W,,,
496,1.573 GHz,Radeon RX VEGA 56,Black,1.297 GHz,4-way CrossFire,1,,,2,True,2,PCI-Express x16,"298 mm / 11.732""",Asus,8 GB,HBM2,,,,AREZ-STRIX-RXVEGA56-O8G-GAMING / AREZ-STRIX-RXVEGA56-O8G-G,,False,True,,210 W,,,
497,0 mHz,Radeon R7 350,Black / Blue,925 MHz,True,1,,,,True,1,PCI-Express x16,"163 mm / 6.417""",Sapphire,2 GB,GDDR5,,,,11251-10 / 100385L,,False,,,65 W,1,,
498,,GeForce RTX 2080,Black / Clear,,False,,,,3,True,1,PCI-Express x16,"270 mm / 10.63""",EVGA,8 GB,GDDR6,,,,08G-P4-2183-KR,,True,,True,215 W,,,
499,1.785 GHz,GeForce GTX 1660,Black,1.53 GHz,False,1,,,1,True,1,PCI-Express x16,"189.89 mm / 7.476""",EVGA,6 GB,GDDR5,,,,06G-P4-1161-KR,,False,,True,120 W,,,
500,1.708 GHz,GeForce GTX 1060 3GB,Black,1.506 GHz,False,1,,,3,True,1,PCI-Express x16,"173 mm / 6.811""",EVGA,3 GB,GDDR5,,,03G-P4-6160-KR,03G-P4-6160 / 03G-P4-6160-KR,,False,,True,120 W,,,
501,1.43 GHz,GeForce GTX 1050 Ti,Black / Orange,1.29 GHz,False,1,,,1,True,1,PCI-Express x16,"172 mm / 6.772""",Gigabyte,4 GB,GDDR5,,,,GV-N105TD5-4GD,,False,,True,75 W,,,
502,1.455 GHz,GeForce GTX 1050,Black,1.354 GHz,False,1,,,1,True,1,PCI-Express x16,"182 mm / 7.165""",MSI,2 GB,GDDR5,,,,GTX 1050 2GT LP,,False,,True,75 W,,,
503,1.759 GHz,GeForce GTX 1060 6GB,Black / White,1.544 GHz,False,1,,,1,True,1,PCI-Express x16,"243 mm / 9.567""",MSI,6 GB,GDDR5,,,,GeForce GTX 1060 6GT OCV1 / GTX 1060 6GT OCV1,,False,,True,120 W,,,
504,1.244 GHz,Radeon RX 570,Black,1.168 GHz,4-way CrossFire,1,,,3,True,1,PCI-Express x16,"236.2 mm / 9.299""",ASRock,4 GB,GDDR5,,,,Phantom RX570 GDR 4G,,False,True,,150 W,,,
505,1.506 GHz,GeForce GT 1030,White,1.252 GHz,False,,1,,,False,1,PCI-Express x16,"175 mm / 6.89""",Gigabyte,2 GB,GDDR5,,,,GV-N1030SL-2GL,,False,,,30 W,,,
506,,GeForce RTX 2080,Black,,False,,,,2,True,2,PCI-Express x16,"299.7 mm / 11.799""",Asus,8 GB,GDDR6,,,,ROG-STRIX-RTX2080-8G-GAMING,,True,,True,215 W,,,1
507,1.665 GHz,GeForce RTX 2080 Ti,Black,1.35 GHz,False,,,,2,True,2,PCI-Express x16,"304.7 mm / 11.996""",Asus,11 GB,GDDR6,,,,ROG-STRIX-RTX2080TI-O11G-GAMING / 90YV0CC0-M0NM00 / ROG-STRIX-RTX2080TI-O11G,,True,,True,250 W,,,1
508,1.468 GHz,GeForce GTX 1050 Ti,Black,1.354 GHz,False,1,,,1,True,1,PCI-Express x16,"145 mm / 5.709""",EVGA,4 GB,GDDR5,,,,04G-P4-6253-KR,,False,,True,75 W,,,
509,1.331 GHz,Radeon RX 570,Black / Silver,1.228 GHz,4-way CrossFire,1,,,3,True,1,PCI-Express x16,"216 mm / 8.504""",ASRock,4 GB,GDDR5,,,,RX570 4G OC,,False,True,,150 W,,,
510,1.279 GHz,GeForce GTX 960,Black / Silver,1.216 GHz,False,1,,1,1,True,1,PCI-Express x16,"173 mm / 6.811""",EVGA,2 GB,GDDR5,,,,02G-P4-2962-KR,,True,,True,120 W,,,
511,,GeForce GT 730,White,700 MHz,False,,,1,,True,1,PCI-Express x16,"145 mm / 5.709""",MSI,2 GB,DDR3,,,,N730-2GD3V3,,False,,,49 W,1,,
512,1.38 GHz,Radeon RX 580,Black / Silver,1.257 GHz,4-way CrossFire,1,,,3,True,1,PCI-Express x16,"278.81 mm / 10.977""",ASRock,8 GB,GDDR5,,,,PHANTOM GXR RX580 8G OC / PHANTOM X RX580 8G OC,,False,True,,185 W,,,
513,,GeForce GT 730,Black / Green,700 MHz,False,,,2,,True,,PCI-Express x16,"168 mm / 6.614""",EVGA,4 GB,DDR3,,1,,04G-P3-2739-KR,,False,,,49 W,,,
514,,Radeon HD 5770,Black / Red,,True,,,2,1,True,1,PCI-Express x16,,Sapphire,1 GB,GDDR5,,,,100283-3L,,False,,,108 W,,,
515,1.471 GHz,Radeon RX VEGA 56,Black / Red,1.156 GHz,4-way CrossFire,,,,3,True,1,PCI-Express x16,"280 mm / 11.024""",Gigabyte,8 GB,HBM2,,,Radeon RX VEGA 56 8G,GV-RXVEGA56-8GD-B,,False,True,,210 W,,,
516,1.89 GHz,GeForce RTX 2080,Black / Silver,1.71 GHz,False,,,,3,True,3,PCI-Express x16,"290 mm / 11.417""",Gigabyte,8 GB,GDDR6,,,,GV-N2080AORUSX W-8GC,,True,,True,215 W,,,1
517,1.77 GHz,Quadro RTX 8000,Black / White,1.395 GHz,False,,,,4,True,,PCI-Express x16,"266.7 mm / 10.5""",PNY,48 GB,GDDR6,,,,VCQRTX8000-PB,,True,,,295 W,,,1
518,1.206 GHz,Radeon RX 550 - 640,Black,1.071 GHz,True,1,,,1,True,1,PCI-Express x16,"158 mm / 6.22""",Sapphire,4 GB,GDDR5,,,,11268-15-20G,,False,True,,65 W,,,
519,1.531 GHz,GeForce GTX 1050,Black / Orange,1.392 GHz,False,1,,,1,True,3,PCI-Express x16,"229 mm / 9.016""",Gigabyte,2 GB,GDDR5,,,,GV-N1050WF2OC-2GD,,False,,True,75 W,,,
520,1.455 GHz,GeForce GTX 1050 Ti,Black / White,1.341 GHz,False,1,,,1,True,1,PCI-Express x16,"177 mm / 6.969""",MSI,4 GB,GDDR5,,,,GTX 1050 Ti 4G OC,,False,,True,75 W,,,
521,1.822 GHz,GeForce GTX 1070,Black / Orange,1.594 GHz,False,1,,,3,True,1,PCI-Express x16,"280 mm / 11.024""",Gigabyte,8 GB,GDDR5,,,,GV-N1070G1-GAMING-8GD,,True,,True,150 W,,,
522,1.71 GHz,GeForce RTX 2080,Silver / Black,1.515 GHz,False,,,,1,True,3,PCI-Express x16,"268 mm / 10.551""",MSI,8 GB,GDDR6,,,,GeForce RTX 2080 VENTUS 8G / RTX 2080 VENTUS 8G,,True,,True,215 W,,,1
523,1.83 GHz,GeForce RTX 2060,Black / Red,1.365 GHz,False,1,,,1,True,1,PCI-Express x16,"234.95 mm / 9.25""",PNY,6 GB,GDDR6,,,,VCG20606DFPPB-O,,False,,True,160 W,,,
524,1.392 GHz,GeForce GTX 1050 Ti,Black,1.29 GHz,False,1,,,1,True,1,PCI-Express x16,"160 mm / 6.299""",Zotac,4 GB,GDDR5,,,,ZT-P10510E-10L,,False,,True,75 W,,,
525,,GeForce GT 730,Black / Gold,902 MHz,False,1,,,,False,1,PCI-Express x16,,Zotac,4 GB,DDR3,,,,ZT-71115-20L,,False,,,49 W,1,,
526,,GeForce GT 710,Black,954 MHz,False,1,,,,False,1,PCI-Express x16,"147 mm / 5.787""",MSI,2 GB,GDDR5,,,,GT 710 2GD5H LP,,False,,,19 W,1,,
527,,GeForce GTX 650 Ti,Black,928 MHz,False,1,,1,,True,,PCI-Express x16,"145 mm / 5.709""",PNY,1 GB,GDDR5,,1,,VCGGTX650T1XPB,,False,,,110 W,,,
528,1.815 GHz,GeForce GTX 1650,Black / Silver,1.665 GHz,False,,,,1,True,3,PCI-Express x16,"265 mm / 10.433""",Gigabyte,4 GB,GDDR5,,,,GV-N1650GAMING OC-4GD,,False,,True,75 W,,,
529,,GeForce GTX 1060 3GB,Black / Orange,1.556 GHz,False,2,,,1,True,1,PCI-Express x16,"169 mm / 6.654""",Gigabyte,3 GB,GDDR5,,,,GV-N1060IXOC-3GD,,False,,True,120 W,,,
530,1.683 GHz,GeForce GTX 1070 Ti,Black / Silver,1.607 GHz,False,1,,,3,True,1,PCI-Express x16,"267 mm / 10.512""",EVGA,8 GB,GDDR5,,,,08G-P4-6678-KR,,True,,True,235 W,,,
531,1.683 GHz,GeForce GTX 1070,Black / Silver,1.506 GHz,False,1,,,3,True,1,PCI-Express x16,"267 mm / 10.512""",EVGA,8 GB,GDDR5,,,,08G-P4-6274-KR,,True,,True,215 W,,,
532,1.62 GHz,GeForce RTX 2070,Black / Green,1.41 GHz,False,,,,3,True,1,PCI-Express x16,"268 mm / 10.551""",MSI,8 GB,GDDR6,,,,GeForce RTX 2070 AERO 8G / RTX 2070 AERO 8G,,False,,True,185 W,,,1
533,,GeForce GT 710,Black,954 MHz,False,1,,,,False,1,PCI-Express x16,"144 mm / 5.669""",Zotac,2 GB,DDR3,,,,ZT-71302-20L,,False,,,19 W,1,,
534,1.733 GHz,Quadro P5000,Black / Green,1.607 GHz,False,1,,,4,True,,PCI-Express x16,,PNY,16 GB,GDDR5X,,,,VCQP5000-PB,,True,,,180 W,,,
535,1.455 GHz,Quadro P600,Black,1.354 GHz,False,,,,,True,,PCI-Express x16,"145 mm / 5.709""",PNY,2 GB,GDDR5,4,,,VCQP600-PB,,False,,,40 W,,,
536,1.708 GHz,GeForce GTX 1060 3GB,Black / Gray,1.506 GHz,False,1,,,3,True,1,PCI-Express x16,"174 mm / 6.85""",Zotac,3 GB,GDDR5,,,,ZT-P10610A-10L,,False,,True,120 W,,,
537,1.65 GHz,GeForce RTX 2070,Black / White,1.41 GHz,False,,,,3,True,1,PCI-Express x16,"268 mm / 10.551""",Asus,8 GB,GDDR6,,,,DUAL-RTX2070-8G,,False,,True,185 W,,,1
538,1.815 GHz,GeForce RTX 2070,Clear / Black,1.41 GHz,False,,,,3,True,1,PCI-Express x16,"301.925 mm / 11.887""",EVGA,8 GB,GDDR6,,,,08G-P4-2277-KR,,False,,True,185 W,,,1
539,1.755 GHz,GeForce GTX 1650,Silver / Black,1.485 GHz,False,1,,,1,True,1,PCI-Express x16,"204 mm / 8.031""",Asus,4 GB,GDDR5,,,,DUAL-GTX1650-O4G,,False,,True,75 W,,,
540,1.582 GHz,GeForce GTX 1080 Ti,Black / White,1.48 GHz,False,,,,2,True,2,PCI-Express x16,"267 mm / 10.512""",Asus,11 GB,GDDR5X,,,,TURBO-GTX1080TI-11G,,True,,True,250 W,,,
541,,FirePro W9100,Black / Red,930 MHz,4-way CrossFire,,,,,True,,PCI-Express x16,"275 mm / 10.827""",AMD,32 GB,GDDR5,6,,,100-505989,1,False,,,275 W,,,
542,1.785 GHz,GeForce GTX 1660,Black / Gray,1.53 GHz,False,,,,3,True,1,PCI-Express x16,"224 mm / 8.819""",Gigabyte,6 GB,GDDR5,,,,GV-N1660OC-6GD,,False,,True,120 W,,,
543,1.746 GHz,GeForce GTX 1070,Black / White,1.556 GHz,False,1,,,3,True,1,PCI-Express x16,"279 mm / 10.984""",MSI,8 GB,GDDR5,,,,GeForce GTX 1070 ARMOR 8G OC / GTX 1070 ARMOR 8G OC / V330-003R,,True,,True,150 W,,,
544,1.506 GHz,GeForce GT 1030,Black,1.252 GHz,False,,1,,,True,1,PCI-Express x16,"150 mm / 5.906""",Gigabyte,2 GB,GDDR5,,,,GV-N1030D5-2GL,,False,,,30 W,,,
